D:\ML Projects\Deep Learning\Self Drive\IMG\center_2026_09_12_22_22_24_514.jpg,D:\ML Projects\Deep Learning\Self Drive\IMG\left_2026_09_12_22_22_24_514.jpg,D:\ML Projects\Deep Learning\Self Drive\IMG\right_2026_09_12_22_22_24_514.jpg,0,0,0,8.830345E-07
D:\ML Projects\Deep Learning\Self Drive\IMG\center_2026_09_12_22_22_24_660.jpg,D:\ML Projects\Deep Learning\Self Drive\IMG\left_2026_09_12_22_22_24_660.jpg,D:\ML Projects\Deep Learning\Self Drive\IMG\right_2026_09_12_22_22_24_660.jpg,0,0,0,1.518825E-05
D:\ML Projects\Deep Learning\Self Drive\IMG\center_2026_09_12_22_22_24_769.jpg,D:\ML Projects\Deep Learning\Self Drive\IMG\left_2026_09_12_22_22_24_769.jpg,D:\ML Projects\Deep Learning\Self Drive\IMG\right_2026_09_12_22_22_24_769.jpg,0,0,0,1.364254E-05
D:\ML Projects\Deep Learning\Self Drive\IMG\center_2026_09_12_22_22_24_908.jpg,D:\ML Projects\Deep Learning\Self Drive\IMG\left_2026_09_12_22_22_24_908.jpg,D:\ML Projects\Deep Learning\Self Drive\IMG\right_2026_09_12_22_22_24_908.jpg,0,0.3849534,0,0.6311529
D:\ML Projects\Deep Learning\Self Drive\IMG\center_2026_09_12_22_22_25_112.jpg,D:\ML Projects\Deep Learning\Self Drive\IMG\left_2026_09_12_22_22_25_112.jpg,D:\ML Projects\Deep Learning\Self Drive\IMG\right_2026_09_12_22_22_25_112.jpg,-0.5000001,1,0,2.968876
D:\ML Projects\Deep Learning\Self Drive\IMG\center_2026_09_12_22_22_25_272.jpg,D:\ML Projects\Deep Learning\Self Drive\IMG\left_2026_09_12_22_22_25_272.jpg,D:\ML Projects\Deep Learning\Self Drive\IMG\right_2026_09_12_22_22_25_272.jpg,0,1,0,4.786177
D:\ML Projects\Deep Learning\Self Drive\IMG\center_2026_09_12_22_22_25_387.jpg,D:\ML Projects\Deep Learning\Self Drive\IMG\left_2026_09_12_22_22_25_387.jpg,D:\ML Projects\Deep Learning\Self Drive\IMG\right_2026_09_12_22_22_25_387.jpg,0,1,0,6.174375
D:\ML Projects\Deep Learning\Self Drive\IMG\center_2026_09_12_22_22_25_498.jpg,D:\ML Projects\Deep Learning\Self Drive\IMG\left_2026_09_12_22_22_25_498.jpg,D:\ML Projects\Deep Learning\Self Drive\IMG\right_2026_09_12_22_22_25_498.jpg,0,1,0,7.546643
D:\ML Projects\Deep Learning\Self Drive\IMG\center_2026_09_12_22_22_25_609.jpg,D:\ML Projects\Deep Learning\Self Drive\IMG\left_2026_09_12_22_22_25_609.jpg,D:\ML Projects\Deep Learning\Self Drive\IMG\right_2026_09_12_22_22_25_609.jpg,-0.25,1,0,8.662032
D:\ML Projects\Deep Learning\Self Drive\IMG\center_2026_09_12_22_22_25_718.jpg,D:\ML Projects\Deep Learning\Self Drive\IMG\left_2026_09_12_22_22_25_718.jpg,D:\ML Projects\Deep Learning\Self Drive\IMG\right_2026_09_12_22_22_25_718.jpg,-0.5500001,1,0,9.931675
D:\ML Projects\Deep Learning\Self Drive\IMG\center_2026_09_12_22_22_25_810.jpg,D:\ML Projects\Deep Learning\Self Drive\IMG\left_2026_09_12_22_22_25_810.jpg,D:\ML Projects\Deep Learning\Self Drive\IMG\right_2026_09_12_22_22_25_810.jpg,-0.7500002,1,0,10.72992
D:\ML Projects\Deep Learning\Self Drive\IMG\center_2026_09_12_22_22_25_927.jpg,D:\ML Projects\Deep Learning\Self Drive\IMG\left_2026_09_12_22_22_25_927.jpg,D:\ML Projects\Deep Learning\Self Drive\IMG\right_2026_09_12_22_22_25_927.jpg,-1,1,0,11.68031
D:\ML Projects\Deep Learning\Self Drive\IMG\center_2026_09_12_22_22_26_118.jpg,D:\ML Projects\Deep Learning\Self Drive\IMG\left_2026_09_12_22_22_26_118.jpg,D:\ML Projects\Deep Learning\Self Drive\IMG\right_2026_09_12_22_22_26_118.jpg,0,1,0,12.92299
D:\ML Projects\Deep Learning\Self Drive\IMG\center_2026_09_12_22_22_26_239.jpg,D:\ML Projects\Deep Learning\Self Drive\IMG\left_2026_09_12_22_22_26_239.jpg,D:\ML Projects\Deep Learning\Self Drive\IMG\right_2026_09_12_22_22_26_239.jpg,0,1,0,14.08955
D:\ML Projects\Deep Learning\Self Drive\IMG\center_2026_09_12_22_22_26_343.jpg,D:\ML Projects\Deep Learning\Self Drive\IMG\left_2026_09_12_22_22_26_343.jpg,D:\ML Projects\Deep Learning\Self Drive\IMG\right_2026_09_12_22_22_26_343.jpg,-0.3,1,0,15.37143
D:\ML Projects\Deep Learning\Self Drive\IMG\center_2026_09_12_22_22_26_390.jpg,D:\ML Projects\Deep Learning\Self Drive\IMG\left_2026_09_12_22_22_26_390.jpg,D:\ML Projects\Deep Learning\Self Drive\IMG\right_2026_09_12_22_22_26_390.jpg,0,1,0,16.64295
D:\ML Projects\Deep Learning\Self Drive\IMG\center_2026_09_12_22_22_26_473.jpg,D:\ML Projects\Deep Learning\Self Drive\IMG\left_2026_09_12_22_22_26_473.jpg,D:\ML Projects\Deep Learning\Self Drive\IMG\right_2026_09_12_22_22_26_473.jpg,0,1,0,17.47118
D:\ML Projects\Deep Learning\Self Drive\IMG\center_2026_09_12_22_22_26_556.jpg,D:\ML Projects\Deep Learning\Self Drive\IMG\left_2026_09_12_22_22_26_556.jpg,D:\ML Projects\Deep Learning\Self Drive\IMG\right_2026_09_12_22_22_26_556.jpg,0,0.755734,0,18.00953
D:\ML Projects\Deep Learning\Self Drive\IMG\center_2026_09_12_22_22_26_633.jpg,D:\ML Projects\Deep Learning\Self Drive\IMG\left_2026_09_12_22_22_26_633.jpg,D:\ML Projects\Deep Learning\Self Drive\IMG\right_2026_09_12_22_22_26_633.jpg,0,0.5186226,0,18.56553
D:\ML Projects\Deep Learning\Self Drive\IMG\center_2026_09_12_22_22_26_712.jpg,D:\ML Projects\Deep Learning\Self Drive\IMG\left_2026_09_12_22_22_26_712.jpg,D:\ML Projects\Deep Learning\Self Drive\IMG\right_2026_09_12_22_22_26_712.jpg,0,0.280203,0,18.72138
D:\ML Projects\Deep Learning\Self Drive\IMG\center_2026_09_12_22_22_26_790.jpg,D:\ML Projects\Deep Learning\Self Drive\IMG\left_2026_09_12_22_22_26_790.jpg,D:\ML Projects\Deep Learning\Self Drive\IMG\right_2026_09_12_22_22_26_790.jpg,0,0.04921323,0,18.6655
D:\ML Projects\Deep Learning\Self Drive\IMG\center_2026_09_12_22_22_26_859.jpg,D:\ML Projects\Deep Learning\Self Drive\IMG\left_2026_09_12_22_22_26_859.jpg,D:\ML Projects\Deep Learning\Self Drive\IMG\right_2026_09_12_22_22_26_859.jpg,-0.2,0.2572446,0,18.73844
D:\ML Projects\Deep Learning\Self Drive\IMG\center_2026_09_12_22_22_26_951.jpg,D:\ML Projects\Deep Learning\Self Drive\IMG\left_2026_09_12_22_22_26_951.jpg,D:\ML Projects\Deep Learning\Self Drive\IMG\right_2026_09_12_22_22_26_951.jpg,-0.4,0.5394306,0,18.90931
D:\ML Projects\Deep Learning\Self Drive\IMG\center_2026_09_12_22_22_27_109.jpg,D:\ML Projects\Deep Learning\Self Drive\IMG\left_2026_09_12_22_22_27_109.jpg,D:\ML Projects\Deep Learning\Self Drive\IMG\right_2026_09_12_22_22_27_109.jpg,-0.8000001,0.9959463,0,19.85665
D:\ML Projects\Deep Learning\Self Drive\IMG\center_2026_09_12_22_22_27_238.jpg,D:\ML Projects\Deep Learning\Self Drive\IMG\left_2026_09_12_22_22_27_238.jpg,D:\ML Projects\Deep Learning\Self Drive\IMG\right_2026_09_12_22_22_27_238.jpg,0,1,0,21.09329
D:\ML Projects\Deep Learning\Self Drive\IMG\center_2026_09_12_22_22_27_341.jpg,D:\ML Projects\Deep Learning\Self Drive\IMG\left_2026_09_12_22_22_27_341.jpg,D:\ML Projects\Deep Learning\Self Drive\IMG\right_2026_09_12_22_22_27_341.jpg,-0.25,1,0,22.10182
D:\ML Projects\Deep Learning\Self Drive\IMG\center_2026_09_12_22_22_27_478.jpg,D:\ML Projects\Deep Learning\Self Drive\IMG\left_2026_09_12_22_22_27_478.jpg,D:\ML Projects\Deep Learning\Self Drive\IMG\right_2026_09_12_22_22_27_478.jpg,0,1,0,23.4589
D:\ML Projects\Deep Learning\Self Drive\IMG\center_2026_09_12_22_22_27_545.jpg,D:\ML Projects\Deep Learning\Self Drive\IMG\left_2026_09_12_22_22_27_545.jpg,D:\ML Projects\Deep Learning\Self Drive\IMG\right_2026_09_12_22_22_27_545.jpg,-0.15,1,0,24.04293
D:\ML Projects\Deep Learning\Self Drive\IMG\center_2026_09_12_22_22_27_623.jpg,D:\ML Projects\Deep Learning\Self Drive\IMG\left_2026_09_12_22_22_27_623.jpg,D:\ML Projects\Deep Learning\Self Drive\IMG\right_2026_09_12_22_22_27_623.jpg,0,1,0,24.81459
D:\ML Projects\Deep Learning\Self Drive\IMG\center_2026_09_12_22_22_27_779.jpg,D:\ML Projects\Deep Learning\Self Drive\IMG\left_2026_09_12_22_22_27_779.jpg,D:\ML Projects\Deep Learning\Self Drive\IMG\right_2026_09_12_22_22_27_779.jpg,0,1,0,26.34318
D:\ML Projects\Deep Learning\Self Drive\IMG\center_2026_09_12_22_22_27_945.jpg,D:\ML Projects\Deep Learning\Self Drive\IMG\left_2026_09_12_22_22_27_945.jpg,D:\ML Projects\Deep Learning\Self Drive\IMG\right_2026_09_12_22_22_27_945.jpg,0,1,0,27.66145
D:\ML Projects\Deep Learning\Self Drive\IMG\center_2026_09_12_22_22_28_027.jpg,D:\ML Projects\Deep Learning\Self Drive\IMG\left_2026_09_12_22_22_28_027.jpg,D:\ML Projects\Deep Learning\Self Drive\IMG\right_2026_09_12_22_22_28_027.jpg,-0.25,1,0,28.55841
D:\ML Projects\Deep Learning\Self Drive\IMG\center_2026_09_12_22_22_28_125.jpg,D:\ML Projects\Deep Learning\Self Drive\IMG\left_2026_09_12_22_22_28_125.jpg,D:\ML Projects\Deep Learning\Self Drive\IMG\right_2026_09_12_22_22_28_125.jpg,0,1,0,29.47512
D:\ML Projects\Deep Learning\Self Drive\IMG\center_2026_09_12_22_22_28_202.jpg,D:\ML Projects\Deep Learning\Self Drive\IMG\left_2026_09_12_22_22_28_202.jpg,D:\ML Projects\Deep Learning\Self Drive\IMG\right_2026_09_12_22_22_28_202.jpg,0,1,0,30.18332
D:\ML Projects\Deep Learning\Self Drive\IMG\center_2026_09_12_22_22_28_294.jpg,D:\ML Projects\Deep Learning\Self Drive\IMG\left_2026_09_12_22_22_28_294.jpg,D:\ML Projects\Deep Learning\Self Drive\IMG\right_2026_09_12_22_22_28_294.jpg,0,1,0,30.19035
D:\ML Projects\Deep Learning\Self Drive\IMG\center_2026_09_12_22_22_28_375.jpg,D:\ML Projects\Deep Learning\Self Drive\IMG\left_2026_09_12_22_22_28_375.jpg,D:\ML Projects\Deep Learning\Self Drive\IMG\right_2026_09_12_22_22_28_375.jpg,0,1,0,30.19032
D:\ML Projects\Deep Learning\Self Drive\IMG\center_2026_09_12_22_22_28_453.jpg,D:\ML Projects\Deep Learning\Self Drive\IMG\left_2026_09_12_22_22_28_453.jpg,D:\ML Projects\Deep Learning\Self Drive\IMG\right_2026_09_12_22_22_28_453.jpg,-0.2,1,0,30.18011
D:\ML Projects\Deep Learning\Self Drive\IMG\center_2026_09_12_22_22_28_524.jpg,D:\ML Projects\Deep Learning\Self Drive\IMG\left_2026_09_12_22_22_28_524.jpg,D:\ML Projects\Deep Learning\Self Drive\IMG\right_2026_09_12_22_22_28_524.jpg,0,1,0,30.1897
D:\ML Projects\Deep Learning\Self Drive\IMG\center_2026_09_12_22_22_28_662.jpg,D:\ML Projects\Deep Learning\Self Drive\IMG\left_2026_09_12_22_22_28_662.jpg,D:\ML Projects\Deep Learning\Self Drive\IMG\right_2026_09_12_22_22_28_662.jpg,-0.2,1,0,30.18101
D:\ML Projects\Deep Learning\Self Drive\IMG\center_2026_09_12_22_22_28_731.jpg,D:\ML Projects\Deep Learning\Self Drive\IMG\left_2026_09_12_22_22_28_731.jpg,D:\ML Projects\Deep Learning\Self Drive\IMG\right_2026_09_12_22_22_28_731.jpg,-0.35,1,0,30.16472
D:\ML Projects\Deep Learning\Self Drive\IMG\center_2026_09_12_22_22_28_809.jpg,D:\ML Projects\Deep Learning\Self Drive\IMG\left_2026_09_12_22_22_28_809.jpg,D:\ML Projects\Deep Learning\Self Drive\IMG\right_2026_09_12_22_22_28_809.jpg,-0.5500001,1,0,30.14009
D:\ML Projects\Deep Learning\Self Drive\IMG\center_2026_09_12_22_22_28_880.jpg,D:\ML Projects\Deep Learning\Self Drive\IMG\left_2026_09_12_22_22_28_880.jpg,D:\ML Projects\Deep Learning\Self Drive\IMG\right_2026_09_12_22_22_28_880.jpg,-0.7500002,0.7847884,0,30.05888
D:\ML Projects\Deep Learning\Self Drive\IMG\center_2026_09_12_22_22_28_968.jpg,D:\ML Projects\Deep Learning\Self Drive\IMG\left_2026_09_12_22_22_28_968.jpg,D:\ML Projects\Deep Learning\Self Drive\IMG\right_2026_09_12_22_22_28_968.jpg,0,0.5257339,0,30.0552
D:\ML Projects\Deep Learning\Self Drive\IMG\center_2026_09_12_22_22_29_079.jpg,D:\ML Projects\Deep Learning\Self Drive\IMG\left_2026_09_12_22_22_29_079.jpg,D:\ML Projects\Deep Learning\Self Drive\IMG\right_2026_09_12_22_22_29_079.jpg,0,0.1978459,0,29.90615
D:\ML Projects\Deep Learning\Self Drive\IMG\center_2026_09_12_22_22_29_182.jpg,D:\ML Projects\Deep Learning\Self Drive\IMG\left_2026_09_12_22_22_29_182.jpg,D:\ML Projects\Deep Learning\Self Drive\IMG\right_2026_09_12_22_22_29_182.jpg,-0.15,0,0,29.65993
D:\ML Projects\Deep Learning\Self Drive\IMG\center_2026_09_12_22_22_29_265.jpg,D:\ML Projects\Deep Learning\Self Drive\IMG\left_2026_09_12_22_22_29_265.jpg,D:\ML Projects\Deep Learning\Self Drive\IMG\right_2026_09_12_22_22_29_265.jpg,-0.35,0,0,29.36288
D:\ML Projects\Deep Learning\Self Drive\IMG\center_2026_09_12_22_22_29_370.jpg,D:\ML Projects\Deep Learning\Self Drive\IMG\left_2026_09_12_22_22_29_370.jpg,D:\ML Projects\Deep Learning\Self Drive\IMG\right_2026_09_12_22_22_29_370.jpg,0,0,0,29.05972
D:\ML Projects\Deep Learning\Self Drive\IMG\center_2026_09_12_22_22_29_450.jpg,D:\ML Projects\Deep Learning\Self Drive\IMG\left_2026_09_12_22_22_29_450.jpg,D:\ML Projects\Deep Learning\Self Drive\IMG\right_2026_09_12_22_22_29_450.jpg,0,0,0,28.82521
D:\ML Projects\Deep Learning\Self Drive\IMG\center_2026_09_12_22_22_29_524.jpg,D:\ML Projects\Deep Learning\Self Drive\IMG\left_2026_09_12_22_22_29_524.jpg,D:\ML Projects\Deep Learning\Self Drive\IMG\right_2026_09_12_22_22_29_524.jpg,0,0,0,28.59329
D:\ML Projects\Deep Learning\Self Drive\IMG\center_2026_09_12_22_22_29_669.jpg,D:\ML Projects\Deep Learning\Self Drive\IMG\left_2026_09_12_22_22_29_669.jpg,D:\ML Projects\Deep Learning\Self Drive\IMG\right_2026_09_12_22_22_29_669.jpg,0,0,0,28.19209
D:\ML Projects\Deep Learning\Self Drive\IMG\center_2026_09_12_22_22_29_739.jpg,D:\ML Projects\Deep Learning\Self Drive\IMG\left_2026_09_12_22_22_29_739.jpg,D:\ML Projects\Deep Learning\Self Drive\IMG\right_2026_09_12_22_22_29_739.jpg,-0.2,0,0,27.94732
D:\ML Projects\Deep Learning\Self Drive\IMG\center_2026_09_12_22_22_29_815.jpg,D:\ML Projects\Deep Learning\Self Drive\IMG\left_2026_09_12_22_22_29_815.jpg,D:\ML Projects\Deep Learning\Self Drive\IMG\right_2026_09_12_22_22_29_815.jpg,-0.4,0,0,27.63452
D:\ML Projects\Deep Learning\Self Drive\IMG\center_2026_09_12_22_22_29_894.jpg,D:\ML Projects\Deep Learning\Self Drive\IMG\left_2026_09_12_22_22_29_894.jpg,D:\ML Projects\Deep Learning\Self Drive\IMG\right_2026_09_12_22_22_29_894.jpg,0,0,0,27.40052
D:\ML Projects\Deep Learning\Self Drive\IMG\center_2026_09_12_22_22_29_968.jpg,D:\ML Projects\Deep Learning\Self Drive\IMG\left_2026_09_12_22_22_29_968.jpg,D:\ML Projects\Deep Learning\Self Drive\IMG\right_2026_09_12_22_22_29_968.jpg,0,0,0,27.23292
D:\ML Projects\Deep Learning\Self Drive\IMG\center_2026_09_12_22_22_30_048.jpg,D:\ML Projects\Deep Learning\Self Drive\IMG\left_2026_09_12_22_22_30_048.jpg,D:\ML Projects\Deep Learning\Self Drive\IMG\right_2026_09_12_22_22_30_048.jpg,0,0,0,27.0132
D:\ML Projects\Deep Learning\Self Drive\IMG\center_2026_09_12_22_22_30_125.jpg,D:\ML Projects\Deep Learning\Self Drive\IMG\left_2026_09_12_22_22_30_125.jpg,D:\ML Projects\Deep Learning\Self Drive\IMG\right_2026_09_12_22_22_30_125.jpg,-0.2,0,0,26.7819
D:\ML Projects\Deep Learning\Self Drive\IMG\center_2026_09_12_22_22_30_202.jpg,D:\ML Projects\Deep Learning\Self Drive\IMG\left_2026_09_12_22_22_30_202.jpg,D:\ML Projects\Deep Learning\Self Drive\IMG\right_2026_09_12_22_22_30_202.jpg,-0.4,0,0,26.48578
D:\ML Projects\Deep Learning\Self Drive\IMG\center_2026_09_12_22_22_30_281.jpg,D:\ML Projects\Deep Learning\Self Drive\IMG\left_2026_09_12_22_22_30_281.jpg,D:\ML Projects\Deep Learning\Self Drive\IMG\right_2026_09_12_22_22_30_281.jpg,0,0,0,26.2603
D:\ML Projects\Deep Learning\Self Drive\IMG\center_2026_09_12_22_22_30_360.jpg,D:\ML Projects\Deep Learning\Self Drive\IMG\left_2026_09_12_22_22_30_360.jpg,D:\ML Projects\Deep Learning\Self Drive\IMG\right_2026_09_12_22_22_30_360.jpg,0,0,0,26.04645
D:\ML Projects\Deep Learning\Self Drive\IMG\center_2026_09_12_22_22_30_436.jpg,D:\ML Projects\Deep Learning\Self Drive\IMG\left_2026_09_12_22_22_30_436.jpg,D:\ML Projects\Deep Learning\Self Drive\IMG\right_2026_09_12_22_22_30_436.jpg,0,0,0,25.83647
D:\ML Projects\Deep Learning\Self Drive\IMG\center_2026_09_12_22_22_30_519.jpg,D:\ML Projects\Deep Learning\Self Drive\IMG\left_2026_09_12_22_22_30_519.jpg,D:\ML Projects\Deep Learning\Self Drive\IMG\right_2026_09_12_22_22_30_519.jpg,0,0,0,25.62862
D:\ML Projects\Deep Learning\Self Drive\IMG\center_2026_09_12_22_22_30_599.jpg,D:\ML Projects\Deep Learning\Self Drive\IMG\left_2026_09_12_22_22_30_599.jpg,D:\ML Projects\Deep Learning\Self Drive\IMG\right_2026_09_12_22_22_30_599.jpg,0,0.2402682,0,25.62464
D:\ML Projects\Deep Learning\Self Drive\IMG\center_2026_09_12_22_22_30_685.jpg,D:\ML Projects\Deep Learning\Self Drive\IMG\left_2026_09_12_22_22_30_685.jpg,D:\ML Projects\Deep Learning\Self Drive\IMG\right_2026_09_12_22_22_30_685.jpg,0,0.4989819,0,25.86704
D:\ML Projects\Deep Learning\Self Drive\IMG\center_2026_09_12_22_22_30_767.jpg,D:\ML Projects\Deep Learning\Self Drive\IMG\left_2026_09_12_22_22_30_767.jpg,D:\ML Projects\Deep Learning\Self Drive\IMG\right_2026_09_12_22_22_30_767.jpg,-0.2,0.7458006,0,26.3244
D:\ML Projects\Deep Learning\Self Drive\IMG\center_2026_09_12_22_22_30_843.jpg,D:\ML Projects\Deep Learning\Self Drive\IMG\left_2026_09_12_22_22_30_843.jpg,D:\ML Projects\Deep Learning\Self Drive\IMG\right_2026_09_12_22_22_30_843.jpg,-0.4,0.9744486,0,26.92956
D:\ML Projects\Deep Learning\Self Drive\IMG\center_2026_09_12_22_22_30_925.jpg,D:\ML Projects\Deep Learning\Self Drive\IMG\left_2026_09_12_22_22_30_925.jpg,D:\ML Projects\Deep Learning\Self Drive\IMG\right_2026_09_12_22_22_30_925.jpg,0,1,0,27.65922
D:\ML Projects\Deep Learning\Self Drive\IMG\center_2026_09_12_22_22_31_005.jpg,D:\ML Projects\Deep Learning\Self Drive\IMG\left_2026_09_12_22_22_31_005.jpg,D:\ML Projects\Deep Learning\Self Drive\IMG\right_2026_09_12_22_22_31_005.jpg,-0.2,0.7604041,0,28.20238
D:\ML Projects\Deep Learning\Self Drive\IMG\center_2026_09_12_22_22_31_084.jpg,D:\ML Projects\Deep Learning\Self Drive\IMG\left_2026_09_12_22_22_31_084.jpg,D:\ML Projects\Deep Learning\Self Drive\IMG\right_2026_09_12_22_22_31_084.jpg,-0.4,0.5239636,0,28.45129
D:\ML Projects\Deep Learning\Self Drive\IMG\center_2026_09_12_22_22_31_166.jpg,D:\ML Projects\Deep Learning\Self Drive\IMG\left_2026_09_12_22_22_31_166.jpg,D:\ML Projects\Deep Learning\Self Drive\IMG\right_2026_09_12_22_22_31_166.jpg,0,0.2774113,0,28.51843
D:\ML Projects\Deep Learning\Self Drive\IMG\center_2026_09_12_22_22_31_243.jpg,D:\ML Projects\Deep Learning\Self Drive\IMG\left_2026_09_12_22_22_31_243.jpg,D:\ML Projects\Deep Learning\Self Drive\IMG\right_2026_09_12_22_22_31_243.jpg,0,0.04383308,0,28.36985
D:\ML Projects\Deep Learning\Self Drive\IMG\center_2026_09_12_22_22_31_325.jpg,D:\ML Projects\Deep Learning\Self Drive\IMG\left_2026_09_12_22_22_31_325.jpg,D:\ML Projects\Deep Learning\Self Drive\IMG\right_2026_09_12_22_22_31_325.jpg,-0.2,0,0,28.14
D:\ML Projects\Deep Learning\Self Drive\IMG\center_2026_09_12_22_22_31_408.jpg,D:\ML Projects\Deep Learning\Self Drive\IMG\left_2026_09_12_22_22_31_408.jpg,D:\ML Projects\Deep Learning\Self Drive\IMG\right_2026_09_12_22_22_31_408.jpg,0,0,0,27.91181
D:\ML Projects\Deep Learning\Self Drive\IMG\center_2026_09_12_22_22_31_490.jpg,D:\ML Projects\Deep Learning\Self Drive\IMG\left_2026_09_12_22_22_31_490.jpg,D:\ML Projects\Deep Learning\Self Drive\IMG\right_2026_09_12_22_22_31_490.jpg,0,0,0,27.68699
D:\ML Projects\Deep Learning\Self Drive\IMG\center_2026_09_12_22_22_31_571.jpg,D:\ML Projects\Deep Learning\Self Drive\IMG\left_2026_09_12_22_22_31_571.jpg,D:\ML Projects\Deep Learning\Self Drive\IMG\right_2026_09_12_22_22_31_571.jpg,0,0,0,27.46425
D:\ML Projects\Deep Learning\Self Drive\IMG\center_2026_09_12_22_22_31_655.jpg,D:\ML Projects\Deep Learning\Self Drive\IMG\left_2026_09_12_22_22_31_655.jpg,D:\ML Projects\Deep Learning\Self Drive\IMG\right_2026_09_12_22_22_31_655.jpg,-0.25,0,0,27.15801
D:\ML Projects\Deep Learning\Self Drive\IMG\center_2026_09_12_22_22_31_736.jpg,D:\ML Projects\Deep Learning\Self Drive\IMG\left_2026_09_12_22_22_31_736.jpg,D:\ML Projects\Deep Learning\Self Drive\IMG\right_2026_09_12_22_22_31_736.jpg,0,0,0,26.9362
D:\ML Projects\Deep Learning\Self Drive\IMG\center_2026_09_12_22_22_31_822.jpg,D:\ML Projects\Deep Learning\Self Drive\IMG\left_2026_09_12_22_22_31_822.jpg,D:\ML Projects\Deep Learning\Self Drive\IMG\right_2026_09_12_22_22_31_822.jpg,0,0,0,26.71894
D:\ML Projects\Deep Learning\Self Drive\IMG\center_2026_09_12_22_22_31_904.jpg,D:\ML Projects\Deep Learning\Self Drive\IMG\left_2026_09_12_22_22_31_904.jpg,D:\ML Projects\Deep Learning\Self Drive\IMG\right_2026_09_12_22_22_31_904.jpg,0,0,0,26.50396
D:\ML Projects\Deep Learning\Self Drive\IMG\center_2026_09_12_22_22_31_985.jpg,D:\ML Projects\Deep Learning\Self Drive\IMG\left_2026_09_12_22_22_31_985.jpg,D:\ML Projects\Deep Learning\Self Drive\IMG\right_2026_09_12_22_22_31_985.jpg,-0.2,0.2436105,0,26.47678
D:\ML Projects\Deep Learning\Self Drive\IMG\center_2026_09_12_22_22_32_066.jpg,D:\ML Projects\Deep Learning\Self Drive\IMG\left_2026_09_12_22_22_32_066.jpg,D:\ML Projects\Deep Learning\Self Drive\IMG\right_2026_09_12_22_22_32_066.jpg,-0.4,0.4879758,0,26.61768
D:\ML Projects\Deep Learning\Self Drive\IMG\center_2026_09_12_22_22_32_147.jpg,D:\ML Projects\Deep Learning\Self Drive\IMG\left_2026_09_12_22_22_32_147.jpg,D:\ML Projects\Deep Learning\Self Drive\IMG\right_2026_09_12_22_22_32_147.jpg,0,0.7315098,0,27.0603
D:\ML Projects\Deep Learning\Self Drive\IMG\center_2026_09_12_22_22_32_224.jpg,D:\ML Projects\Deep Learning\Self Drive\IMG\left_2026_09_12_22_22_32_224.jpg,D:\ML Projects\Deep Learning\Self Drive\IMG\right_2026_09_12_22_22_32_224.jpg,0,0.9582973,0,27.72727
D:\ML Projects\Deep Learning\Self Drive\IMG\center_2026_09_12_22_22_32_309.jpg,D:\ML Projects\Deep Learning\Self Drive\IMG\left_2026_09_12_22_22_32_309.jpg,D:\ML Projects\Deep Learning\Self Drive\IMG\right_2026_09_12_22_22_32_309.jpg,-0.2,0.7016857,0,28.20888
D:\ML Projects\Deep Learning\Self Drive\IMG\center_2026_09_12_22_22_32_388.jpg,D:\ML Projects\Deep Learning\Self Drive\IMG\left_2026_09_12_22_22_32_388.jpg,D:\ML Projects\Deep Learning\Self Drive\IMG\right_2026_09_12_22_22_32_388.jpg,0,0.4644096,0,28.46802
D:\ML Projects\Deep Learning\Self Drive\IMG\center_2026_09_12_22_22_32_491.jpg,D:\ML Projects\Deep Learning\Self Drive\IMG\left_2026_09_12_22_22_32_491.jpg,D:\ML Projects\Deep Learning\Self Drive\IMG\right_2026_09_12_22_22_32_491.jpg,-0.25,0.1572483,0,28.40406
D:\ML Projects\Deep Learning\Self Drive\IMG\center_2026_09_12_22_22_32_638.jpg,D:\ML Projects\Deep Learning\Self Drive\IMG\left_2026_09_12_22_22_32_638.jpg,D:\ML Projects\Deep Learning\Self Drive\IMG\right_2026_09_12_22_22_32_638.jpg,0,0,0,27.85575
D:\ML Projects\Deep Learning\Self Drive\IMG\center_2026_09_12_22_22_32_715.jpg,D:\ML Projects\Deep Learning\Self Drive\IMG\left_2026_09_12_22_22_32_715.jpg,D:\ML Projects\Deep Learning\Self Drive\IMG\right_2026_09_12_22_22_32_715.jpg,0,0,0,27.6283
D:\ML Projects\Deep Learning\Self Drive\IMG\center_2026_09_12_22_22_32_799.jpg,D:\ML Projects\Deep Learning\Self Drive\IMG\left_2026_09_12_22_22_32_799.jpg,D:\ML Projects\Deep Learning\Self Drive\IMG\right_2026_09_12_22_22_32_799.jpg,0,0.2544531,0,27.61364
D:\ML Projects\Deep Learning\Self Drive\IMG\center_2026_09_12_22_22_32_883.jpg,D:\ML Projects\Deep Learning\Self Drive\IMG\left_2026_09_12_22_22_32_883.jpg,D:\ML Projects\Deep Learning\Self Drive\IMG\right_2026_09_12_22_22_32_883.jpg,0,0.5038419,0,27.84119
D:\ML Projects\Deep Learning\Self Drive\IMG\center_2026_09_12_22_22_32_965.jpg,D:\ML Projects\Deep Learning\Self Drive\IMG\left_2026_09_12_22_22_32_965.jpg,D:\ML Projects\Deep Learning\Self Drive\IMG\right_2026_09_12_22_22_32_965.jpg,-0.2,0.7465512,0,28.28361
D:\ML Projects\Deep Learning\Self Drive\IMG\center_2026_09_12_22_22_33_044.jpg,D:\ML Projects\Deep Learning\Self Drive\IMG\left_2026_09_12_22_22_33_044.jpg,D:\ML Projects\Deep Learning\Self Drive\IMG\right_2026_09_12_22_22_33_044.jpg,-0.4,0.9881166,0,28.88224
D:\ML Projects\Deep Learning\Self Drive\IMG\center_2026_09_12_22_22_33_132.jpg,D:\ML Projects\Deep Learning\Self Drive\IMG\left_2026_09_12_22_22_33_132.jpg,D:\ML Projects\Deep Learning\Self Drive\IMG\right_2026_09_12_22_22_33_132.jpg,0,0.7256997,0,29.38177
D:\ML Projects\Deep Learning\Self Drive\IMG\center_2026_09_12_22_22_33_211.jpg,D:\ML Projects\Deep Learning\Self Drive\IMG\left_2026_09_12_22_22_33_211.jpg,D:\ML Projects\Deep Learning\Self Drive\IMG\right_2026_09_12_22_22_33_211.jpg,0,0.4832148,0,29.65239
D:\ML Projects\Deep Learning\Self Drive\IMG\center_2026_09_12_22_22_33_305.jpg,D:\ML Projects\Deep Learning\Self Drive\IMG\left_2026_09_12_22_22_33_305.jpg,D:\ML Projects\Deep Learning\Self Drive\IMG\right_2026_09_12_22_22_33_305.jpg,0,0.2116041,0,29.66067
D:\ML Projects\Deep Learning\Self Drive\IMG\center_2026_09_12_22_22_33_443.jpg,D:\ML Projects\Deep Learning\Self Drive\IMG\left_2026_09_12_22_22_33_443.jpg,D:\ML Projects\Deep Learning\Self Drive\IMG\right_2026_09_12_22_22_33_443.jpg,0,0.2405814,0,29.48497
D:\ML Projects\Deep Learning\Self Drive\IMG\center_2026_09_12_22_22_33_526.jpg,D:\ML Projects\Deep Learning\Self Drive\IMG\left_2026_09_12_22_22_33_526.jpg,D:\ML Projects\Deep Learning\Self Drive\IMG\right_2026_09_12_22_22_33_526.jpg,-0.2,0.4904577,0,29.66375
D:\ML Projects\Deep Learning\Self Drive\IMG\center_2026_09_12_22_22_33_602.jpg,D:\ML Projects\Deep Learning\Self Drive\IMG\left_2026_09_12_22_22_33_602.jpg,D:\ML Projects\Deep Learning\Self Drive\IMG\right_2026_09_12_22_22_33_602.jpg,-0.4,0.7197033,0,29.9914
D:\ML Projects\Deep Learning\Self Drive\IMG\center_2026_09_12_22_22_33_685.jpg,D:\ML Projects\Deep Learning\Self Drive\IMG\left_2026_09_12_22_22_33_685.jpg,D:\ML Projects\Deep Learning\Self Drive\IMG\right_2026_09_12_22_22_33_685.jpg,0,0.4733586,0,30.05183
D:\ML Projects\Deep Learning\Self Drive\IMG\center_2026_09_12_22_22_33_760.jpg,D:\ML Projects\Deep Learning\Self Drive\IMG\left_2026_09_12_22_22_33_760.jpg,D:\ML Projects\Deep Learning\Self Drive\IMG\right_2026_09_12_22_22_33_760.jpg,0,0.2483709,0,29.98189
D:\ML Projects\Deep Learning\Self Drive\IMG\center_2026_09_12_22_22_33_838.jpg,D:\ML Projects\Deep Learning\Self Drive\IMG\left_2026_09_12_22_22_33_838.jpg,D:\ML Projects\Deep Learning\Self Drive\IMG\right_2026_09_12_22_22_33_838.jpg,0,0.01533899,0,29.79659
D:\ML Projects\Deep Learning\Self Drive\IMG\center_2026_09_12_22_22_33_925.jpg,D:\ML Projects\Deep Learning\Self Drive\IMG\left_2026_09_12_22_22_33_925.jpg,D:\ML Projects\Deep Learning\Self Drive\IMG\right_2026_09_12_22_22_33_925.jpg,0,0,0,29.55961
D:\ML Projects\Deep Learning\Self Drive\IMG\center_2026_09_12_22_22_34_005.jpg,D:\ML Projects\Deep Learning\Self Drive\IMG\left_2026_09_12_22_22_34_005.jpg,D:\ML Projects\Deep Learning\Self Drive\IMG\right_2026_09_12_22_22_34_005.jpg,0,0.2443383,0,29.51649
D:\ML Projects\Deep Learning\Self Drive\IMG\center_2026_09_12_22_22_34_087.jpg,D:\ML Projects\Deep Learning\Self Drive\IMG\left_2026_09_12_22_22_34_087.jpg,D:\ML Projects\Deep Learning\Self Drive\IMG\right_2026_09_12_22_22_34_087.jpg,0,0.4868235,0,29.70937
D:\ML Projects\Deep Learning\Self Drive\IMG\center_2026_09_12_22_22_34_234.jpg,D:\ML Projects\Deep Learning\Self Drive\IMG\left_2026_09_12_22_22_34_234.jpg,D:\ML Projects\Deep Learning\Self Drive\IMG\right_2026_09_12_22_22_34_234.jpg,0,0.9383781,0,30.17349
D:\ML Projects\Deep Learning\Self Drive\IMG\center_2026_09_12_22_22_34_372.jpg,D:\ML Projects\Deep Learning\Self Drive\IMG\left_2026_09_12_22_22_34_372.jpg,D:\ML Projects\Deep Learning\Self Drive\IMG\right_2026_09_12_22_22_34_372.jpg,0,1,0,30.18986
D:\ML Projects\Deep Learning\Self Drive\IMG\center_2026_09_12_22_22_34_448.jpg,D:\ML Projects\Deep Learning\Self Drive\IMG\left_2026_09_12_22_22_34_448.jpg,D:\ML Projects\Deep Learning\Self Drive\IMG\right_2026_09_12_22_22_34_448.jpg,0,1,0,30.19062
D:\ML Projects\Deep Learning\Self Drive\IMG\center_2026_09_12_22_22_34_521.jpg,D:\ML Projects\Deep Learning\Self Drive\IMG\left_2026_09_12_22_22_34_521.jpg,D:\ML Projects\Deep Learning\Self Drive\IMG\right_2026_09_12_22_22_34_521.jpg,0,1,0,30.19033
D:\ML Projects\Deep Learning\Self Drive\IMG\center_2026_09_12_22_22_34_597.jpg,D:\ML Projects\Deep Learning\Self Drive\IMG\left_2026_09_12_22_22_34_597.jpg,D:\ML Projects\Deep Learning\Self Drive\IMG\right_2026_09_12_22_22_34_597.jpg,0,1,0,30.19097
D:\ML Projects\Deep Learning\Self Drive\IMG\center_2026_09_12_22_22_34_676.jpg,D:\ML Projects\Deep Learning\Self Drive\IMG\left_2026_09_12_22_22_34_676.jpg,D:\ML Projects\Deep Learning\Self Drive\IMG\right_2026_09_12_22_22_34_676.jpg,0,1,0,30.19072
D:\ML Projects\Deep Learning\Self Drive\IMG\center_2026_09_12_22_22_34_768.jpg,D:\ML Projects\Deep Learning\Self Drive\IMG\left_2026_09_12_22_22_34_768.jpg,D:\ML Projects\Deep Learning\Self Drive\IMG\right_2026_09_12_22_22_34_768.jpg,0,1,0,30.19047
D:\ML Projects\Deep Learning\Self Drive\IMG\center_2026_09_12_22_22_34_845.jpg,D:\ML Projects\Deep Learning\Self Drive\IMG\left_2026_09_12_22_22_34_845.jpg,D:\ML Projects\Deep Learning\Self Drive\IMG\right_2026_09_12_22_22_34_845.jpg,-0.2,0.7632607,0,30.11673
D:\ML Projects\Deep Learning\Self Drive\IMG\center_2026_09_12_22_22_34_923.jpg,D:\ML Projects\Deep Learning\Self Drive\IMG\left_2026_09_12_22_22_34_923.jpg,D:\ML Projects\Deep Learning\Self Drive\IMG\right_2026_09_12_22_22_34_923.jpg,0,0.5275972,0,30.06697
D:\ML Projects\Deep Learning\Self Drive\IMG\center_2026_09_12_22_22_35_001.jpg,D:\ML Projects\Deep Learning\Self Drive\IMG\left_2026_09_12_22_22_35_001.jpg,D:\ML Projects\Deep Learning\Self Drive\IMG\right_2026_09_12_22_22_35_001.jpg,0,0.2917084,0,30.00629
D:\ML Projects\Deep Learning\Self Drive\IMG\center_2026_09_12_22_22_35_080.jpg,D:\ML Projects\Deep Learning\Self Drive\IMG\left_2026_09_12_22_22_35_080.jpg,D:\ML Projects\Deep Learning\Self Drive\IMG\right_2026_09_12_22_22_35_080.jpg,0,0.05244881,0,29.84088
D:\ML Projects\Deep Learning\Self Drive\IMG\center_2026_09_12_22_22_35_160.jpg,D:\ML Projects\Deep Learning\Self Drive\IMG\left_2026_09_12_22_22_35_160.jpg,D:\ML Projects\Deep Learning\Self Drive\IMG\right_2026_09_12_22_22_35_160.jpg,0,0,0,29.61195
D:\ML Projects\Deep Learning\Self Drive\IMG\center_2026_09_12_22_22_35_251.jpg,D:\ML Projects\Deep Learning\Self Drive\IMG\left_2026_09_12_22_22_35_251.jpg,D:\ML Projects\Deep Learning\Self Drive\IMG\right_2026_09_12_22_22_35_251.jpg,0,0,0,29.37457
D:\ML Projects\Deep Learning\Self Drive\IMG\center_2026_09_12_22_22_35_336.jpg,D:\ML Projects\Deep Learning\Self Drive\IMG\left_2026_09_12_22_22_35_336.jpg,D:\ML Projects\Deep Learning\Self Drive\IMG\right_2026_09_12_22_22_35_336.jpg,-0.25,0,0,29.04556
D:\ML Projects\Deep Learning\Self Drive\IMG\center_2026_09_12_22_22_35_420.jpg,D:\ML Projects\Deep Learning\Self Drive\IMG\left_2026_09_12_22_22_35_420.jpg,D:\ML Projects\Deep Learning\Self Drive\IMG\right_2026_09_12_22_22_35_420.jpg,-0.45,0,0,28.6999
D:\ML Projects\Deep Learning\Self Drive\IMG\center_2026_09_12_22_22_35_508.jpg,D:\ML Projects\Deep Learning\Self Drive\IMG\left_2026_09_12_22_22_35_508.jpg,D:\ML Projects\Deep Learning\Self Drive\IMG\right_2026_09_12_22_22_35_508.jpg,0,0,0,28.45425
D:\ML Projects\Deep Learning\Self Drive\IMG\center_2026_09_12_22_22_35_676.jpg,D:\ML Projects\Deep Learning\Self Drive\IMG\left_2026_09_12_22_22_35_676.jpg,D:\ML Projects\Deep Learning\Self Drive\IMG\right_2026_09_12_22_22_35_676.jpg,-0.45,0,0,27.83582
D:\ML Projects\Deep Learning\Self Drive\IMG\center_2026_09_12_22_22_35_841.jpg,D:\ML Projects\Deep Learning\Self Drive\IMG\left_2026_09_12_22_22_35_841.jpg,D:\ML Projects\Deep Learning\Self Drive\IMG\right_2026_09_12_22_22_35_841.jpg,-0.8500001,0,0,26.93275
D:\ML Projects\Deep Learning\Self Drive\IMG\center_2026_09_12_22_22_35_966.jpg,D:\ML Projects\Deep Learning\Self Drive\IMG\left_2026_09_12_22_22_35_966.jpg,D:\ML Projects\Deep Learning\Self Drive\IMG\right_2026_09_12_22_22_35_966.jpg,0,0,0,26.50949
D:\ML Projects\Deep Learning\Self Drive\IMG\center_2026_09_12_22_22_36_097.jpg,D:\ML Projects\Deep Learning\Self Drive\IMG\left_2026_09_12_22_22_36_097.jpg,D:\ML Projects\Deep Learning\Self Drive\IMG\right_2026_09_12_22_22_36_097.jpg,0,0,0,26.12359
D:\ML Projects\Deep Learning\Self Drive\IMG\center_2026_09_12_22_22_36_194.jpg,D:\ML Projects\Deep Learning\Self Drive\IMG\left_2026_09_12_22_22_36_194.jpg,D:\ML Projects\Deep Learning\Self Drive\IMG\right_2026_09_12_22_22_36_194.jpg,0,0,0,25.85719
D:\ML Projects\Deep Learning\Self Drive\IMG\center_2026_09_12_22_22_36_288.jpg,D:\ML Projects\Deep Learning\Self Drive\IMG\left_2026_09_12_22_22_36_288.jpg,D:\ML Projects\Deep Learning\Self Drive\IMG\right_2026_09_12_22_22_36_288.jpg,0,0.2830548,0,25.88413
D:\ML Projects\Deep Learning\Self Drive\IMG\center_2026_09_12_22_22_36_380.jpg,D:\ML Projects\Deep Learning\Self Drive\IMG\left_2026_09_12_22_22_36_380.jpg,D:\ML Projects\Deep Learning\Self Drive\IMG\right_2026_09_12_22_22_36_380.jpg,0,0.5568675,0,26.23665
D:\ML Projects\Deep Learning\Self Drive\IMG\center_2026_09_12_22_22_36_474.jpg,D:\ML Projects\Deep Learning\Self Drive\IMG\left_2026_09_12_22_22_36_474.jpg,D:\ML Projects\Deep Learning\Self Drive\IMG\right_2026_09_12_22_22_36_474.jpg,0,0.2734986,0,26.35511
D:\ML Projects\Deep Learning\Self Drive\IMG\center_2026_09_12_22_22_36_570.jpg,D:\ML Projects\Deep Learning\Self Drive\IMG\left_2026_09_12_22_22_36_570.jpg,D:\ML Projects\Deep Learning\Self Drive\IMG\right_2026_09_12_22_22_36_570.jpg,0,0,0,26.17029
D:\ML Projects\Deep Learning\Self Drive\IMG\center_2026_09_12_22_22_36_657.jpg,D:\ML Projects\Deep Learning\Self Drive\IMG\left_2026_09_12_22_22_36_657.jpg,D:\ML Projects\Deep Learning\Self Drive\IMG\right_2026_09_12_22_22_36_657.jpg,0.25,0,0,25.8757
D:\ML Projects\Deep Learning\Self Drive\IMG\center_2026_09_12_22_22_36_742.jpg,D:\ML Projects\Deep Learning\Self Drive\IMG\left_2026_09_12_22_22_36_742.jpg,D:\ML Projects\Deep Learning\Self Drive\IMG\right_2026_09_12_22_22_36_742.jpg,0.45,0,0,25.56349
D:\ML Projects\Deep Learning\Self Drive\IMG\center_2026_09_12_22_22_36_849.jpg,D:\ML Projects\Deep Learning\Self Drive\IMG\left_2026_09_12_22_22_36_849.jpg,D:\ML Projects\Deep Learning\Self Drive\IMG\right_2026_09_12_22_22_36_849.jpg,0,0,0,25.28065
D:\ML Projects\Deep Learning\Self Drive\IMG\center_2026_09_12_22_22_36_979.jpg,D:\ML Projects\Deep Learning\Self Drive\IMG\left_2026_09_12_22_22_36_979.jpg,D:\ML Projects\Deep Learning\Self Drive\IMG\right_2026_09_12_22_22_36_979.jpg,0,0,0,24.91882
D:\ML Projects\Deep Learning\Self Drive\IMG\center_2026_09_12_22_22_37_077.jpg,D:\ML Projects\Deep Learning\Self Drive\IMG\left_2026_09_12_22_22_37_077.jpg,D:\ML Projects\Deep Learning\Self Drive\IMG\right_2026_09_12_22_22_37_077.jpg,0,0,0,24.66644
D:\ML Projects\Deep Learning\Self Drive\IMG\center_2026_09_12_22_22_37_187.jpg,D:\ML Projects\Deep Learning\Self Drive\IMG\left_2026_09_12_22_22_37_187.jpg,D:\ML Projects\Deep Learning\Self Drive\IMG\right_2026_09_12_22_22_37_187.jpg,0,0,0,24.41711
D:\ML Projects\Deep Learning\Self Drive\IMG\center_2026_09_12_22_22_37_275.jpg,D:\ML Projects\Deep Learning\Self Drive\IMG\left_2026_09_12_22_22_37_275.jpg,D:\ML Projects\Deep Learning\Self Drive\IMG\right_2026_09_12_22_22_37_275.jpg,0,0,0,24.17047
D:\ML Projects\Deep Learning\Self Drive\IMG\center_2026_09_12_22_22_37_346.jpg,D:\ML Projects\Deep Learning\Self Drive\IMG\left_2026_09_12_22_22_37_346.jpg,D:\ML Projects\Deep Learning\Self Drive\IMG\right_2026_09_12_22_22_37_346.jpg,0,0,0,24.02372
D:\ML Projects\Deep Learning\Self Drive\IMG\center_2026_09_12_22_22_37_435.jpg,D:\ML Projects\Deep Learning\Self Drive\IMG\left_2026_09_12_22_22_37_435.jpg,D:\ML Projects\Deep Learning\Self Drive\IMG\right_2026_09_12_22_22_37_435.jpg,0,0.265944,0,24.05521
D:\ML Projects\Deep Learning\Self Drive\IMG\center_2026_09_12_22_22_37_509.jpg,D:\ML Projects\Deep Learning\Self Drive\IMG\left_2026_09_12_22_22_37_509.jpg,D:\ML Projects\Deep Learning\Self Drive\IMG\right_2026_09_12_22_22_37_509.jpg,0,0.484632,0,24.23322
D:\ML Projects\Deep Learning\Self Drive\IMG\center_2026_09_12_22_22_37_597.jpg,D:\ML Projects\Deep Learning\Self Drive\IMG\left_2026_09_12_22_22_37_597.jpg,D:\ML Projects\Deep Learning\Self Drive\IMG\right_2026_09_12_22_22_37_597.jpg,0,0.741261,0,24.85056
D:\ML Projects\Deep Learning\Self Drive\IMG\center_2026_09_12_22_22_37_694.jpg,D:\ML Projects\Deep Learning\Self Drive\IMG\left_2026_09_12_22_22_37_694.jpg,D:\ML Projects\Deep Learning\Self Drive\IMG\right_2026_09_12_22_22_37_694.jpg,0,1,0,25.58675
D:\ML Projects\Deep Learning\Self Drive\IMG\center_2026_09_12_22_22_37_786.jpg,D:\ML Projects\Deep Learning\Self Drive\IMG\left_2026_09_12_22_22_37_786.jpg,D:\ML Projects\Deep Learning\Self Drive\IMG\right_2026_09_12_22_22_37_786.jpg,0,1,0,26.53234
D:\ML Projects\Deep Learning\Self Drive\IMG\center_2026_09_12_22_22_37_869.jpg,D:\ML Projects\Deep Learning\Self Drive\IMG\left_2026_09_12_22_22_37_869.jpg,D:\ML Projects\Deep Learning\Self Drive\IMG\right_2026_09_12_22_22_37_869.jpg,0,1,0,27.28554
D:\ML Projects\Deep Learning\Self Drive\IMG\center_2026_09_12_22_22_37_965.jpg,D:\ML Projects\Deep Learning\Self Drive\IMG\left_2026_09_12_22_22_37_965.jpg,D:\ML Projects\Deep Learning\Self Drive\IMG\right_2026_09_12_22_22_37_965.jpg,0,1,0,28.22042
D:\ML Projects\Deep Learning\Self Drive\IMG\center_2026_09_12_22_22_38_069.jpg,D:\ML Projects\Deep Learning\Self Drive\IMG\left_2026_09_12_22_22_38_069.jpg,D:\ML Projects\Deep Learning\Self Drive\IMG\right_2026_09_12_22_22_38_069.jpg,0,1,0,29.14727
D:\ML Projects\Deep Learning\Self Drive\IMG\center_2026_09_12_22_22_38_164.jpg,D:\ML Projects\Deep Learning\Self Drive\IMG\left_2026_09_12_22_22_38_164.jpg,D:\ML Projects\Deep Learning\Self Drive\IMG\right_2026_09_12_22_22_38_164.jpg,0,1,0,30.06411
D:\ML Projects\Deep Learning\Self Drive\IMG\center_2026_09_12_22_22_38_256.jpg,D:\ML Projects\Deep Learning\Self Drive\IMG\left_2026_09_12_22_22_38_256.jpg,D:\ML Projects\Deep Learning\Self Drive\IMG\right_2026_09_12_22_22_38_256.jpg,0,1,0,30.19112
D:\ML Projects\Deep Learning\Self Drive\IMG\center_2026_09_12_22_22_38_340.jpg,D:\ML Projects\Deep Learning\Self Drive\IMG\left_2026_09_12_22_22_38_340.jpg,D:\ML Projects\Deep Learning\Self Drive\IMG\right_2026_09_12_22_22_38_340.jpg,0,1,0,30.19107
D:\ML Projects\Deep Learning\Self Drive\IMG\center_2026_09_12_22_22_38_424.jpg,D:\ML Projects\Deep Learning\Self Drive\IMG\left_2026_09_12_22_22_38_424.jpg,D:\ML Projects\Deep Learning\Self Drive\IMG\right_2026_09_12_22_22_38_424.jpg,0,1,0,30.19109
D:\ML Projects\Deep Learning\Self Drive\IMG\center_2026_09_12_22_22_38_510.jpg,D:\ML Projects\Deep Learning\Self Drive\IMG\left_2026_09_12_22_22_38_510.jpg,D:\ML Projects\Deep Learning\Self Drive\IMG\right_2026_09_12_22_22_38_510.jpg,0,1,0,30.19063
D:\ML Projects\Deep Learning\Self Drive\IMG\center_2026_09_12_22_22_38_595.jpg,D:\ML Projects\Deep Learning\Self Drive\IMG\left_2026_09_12_22_22_38_595.jpg,D:\ML Projects\Deep Learning\Self Drive\IMG\right_2026_09_12_22_22_38_595.jpg,-0.25,1,0,30.1742
D:\ML Projects\Deep Learning\Self Drive\IMG\center_2026_09_12_22_22_38_677.jpg,D:\ML Projects\Deep Learning\Self Drive\IMG\left_2026_09_12_22_22_38_677.jpg,D:\ML Projects\Deep Learning\Self Drive\IMG\right_2026_09_12_22_22_38_677.jpg,-0.45,1,0,30.1508
D:\ML Projects\Deep Learning\Self Drive\IMG\center_2026_09_12_22_22_38_777.jpg,D:\ML Projects\Deep Learning\Self Drive\IMG\left_2026_09_12_22_22_38_777.jpg,D:\ML Projects\Deep Learning\Self Drive\IMG\right_2026_09_12_22_22_38_777.jpg,0,1,0,30.18892
D:\ML Projects\Deep Learning\Self Drive\IMG\center_2026_09_12_22_22_38_867.jpg,D:\ML Projects\Deep Learning\Self Drive\IMG\left_2026_09_12_22_22_38_867.jpg,D:\ML Projects\Deep Learning\Self Drive\IMG\right_2026_09_12_22_22_38_867.jpg,0,1,0,30.18992
D:\ML Projects\Deep Learning\Self Drive\IMG\center_2026_09_12_22_22_38_943.jpg,D:\ML Projects\Deep Learning\Self Drive\IMG\left_2026_09_12_22_22_38_943.jpg,D:\ML Projects\Deep Learning\Self Drive\IMG\right_2026_09_12_22_22_38_943.jpg,0,1,0,30.19004
D:\ML Projects\Deep Learning\Self Drive\IMG\center_2026_09_12_22_22_39_019.jpg,D:\ML Projects\Deep Learning\Self Drive\IMG\left_2026_09_12_22_22_39_019.jpg,D:\ML Projects\Deep Learning\Self Drive\IMG\right_2026_09_12_22_22_39_019.jpg,0,1,0,30.18937
D:\ML Projects\Deep Learning\Self Drive\IMG\center_2026_09_12_22_22_39_103.jpg,D:\ML Projects\Deep Learning\Self Drive\IMG\left_2026_09_12_22_22_39_103.jpg,D:\ML Projects\Deep Learning\Self Drive\IMG\right_2026_09_12_22_22_39_103.jpg,0,1,0,30.191
D:\ML Projects\Deep Learning\Self Drive\IMG\center_2026_09_12_22_22_39_185.jpg,D:\ML Projects\Deep Learning\Self Drive\IMG\left_2026_09_12_22_22_39_185.jpg,D:\ML Projects\Deep Learning\Self Drive\IMG\right_2026_09_12_22_22_39_185.jpg,-0.2,1,0,30.17952
D:\ML Projects\Deep Learning\Self Drive\IMG\center_2026_09_12_22_22_39_269.jpg,D:\ML Projects\Deep Learning\Self Drive\IMG\left_2026_09_12_22_22_39_269.jpg,D:\ML Projects\Deep Learning\Self Drive\IMG\right_2026_09_12_22_22_39_269.jpg,0,1,0,30.19021
D:\ML Projects\Deep Learning\Self Drive\IMG\center_2026_09_12_22_22_39_356.jpg,D:\ML Projects\Deep Learning\Self Drive\IMG\left_2026_09_12_22_22_39_356.jpg,D:\ML Projects\Deep Learning\Self Drive\IMG\right_2026_09_12_22_22_39_356.jpg,0,1,0,30.19081
D:\ML Projects\Deep Learning\Self Drive\IMG\center_2026_09_12_22_22_39_438.jpg,D:\ML Projects\Deep Learning\Self Drive\IMG\left_2026_09_12_22_22_39_438.jpg,D:\ML Projects\Deep Learning\Self Drive\IMG\right_2026_09_12_22_22_39_438.jpg,0,1,0,30.19054
D:\ML Projects\Deep Learning\Self Drive\IMG\center_2026_09_12_22_22_39_520.jpg,D:\ML Projects\Deep Learning\Self Drive\IMG\left_2026_09_12_22_22_39_520.jpg,D:\ML Projects\Deep Learning\Self Drive\IMG\right_2026_09_12_22_22_39_520.jpg,0,1,0,30.19049
D:\ML Projects\Deep Learning\Self Drive\IMG\center_2026_09_12_22_22_39_595.jpg,D:\ML Projects\Deep Learning\Self Drive\IMG\left_2026_09_12_22_22_39_595.jpg,D:\ML Projects\Deep Learning\Self Drive\IMG\right_2026_09_12_22_22_39_595.jpg,0,1,0,30.19051
D:\ML Projects\Deep Learning\Self Drive\IMG\center_2026_09_12_22_22_39_660.jpg,D:\ML Projects\Deep Learning\Self Drive\IMG\left_2026_09_12_22_22_39_660.jpg,D:\ML Projects\Deep Learning\Self Drive\IMG\right_2026_09_12_22_22_39_660.jpg,0,1,0,30.1905
D:\ML Projects\Deep Learning\Self Drive\IMG\center_2026_09_12_22_22_39_787.jpg,D:\ML Projects\Deep Learning\Self Drive\IMG\left_2026_09_12_22_22_39_787.jpg,D:\ML Projects\Deep Learning\Self Drive\IMG\right_2026_09_12_22_22_39_787.jpg,0,1,0,30.19054
D:\ML Projects\Deep Learning\Self Drive\IMG\center_2026_09_12_22_22_39_899.jpg,D:\ML Projects\Deep Learning\Self Drive\IMG\left_2026_09_12_22_22_39_899.jpg,D:\ML Projects\Deep Learning\Self Drive\IMG\right_2026_09_12_22_22_39_899.jpg,0,1,0,30.19049
D:\ML Projects\Deep Learning\Self Drive\IMG\center_2026_09_12_22_22_39_968.jpg,D:\ML Projects\Deep Learning\Self Drive\IMG\left_2026_09_12_22_22_39_968.jpg,D:\ML Projects\Deep Learning\Self Drive\IMG\right_2026_09_12_22_22_39_968.jpg,-0.15,1,0,30.18373
D:\ML Projects\Deep Learning\Self Drive\IMG\center_2026_09_12_22_22_40_100.jpg,D:\ML Projects\Deep Learning\Self Drive\IMG\left_2026_09_12_22_22_40_100.jpg,D:\ML Projects\Deep Learning\Self Drive\IMG\right_2026_09_12_22_22_40_100.jpg,0,1,0,30.19037
D:\ML Projects\Deep Learning\Self Drive\IMG\center_2026_09_12_22_22_40_169.jpg,D:\ML Projects\Deep Learning\Self Drive\IMG\left_2026_09_12_22_22_40_169.jpg,D:\ML Projects\Deep Learning\Self Drive\IMG\right_2026_09_12_22_22_40_169.jpg,0,1,0,30.19014
D:\ML Projects\Deep Learning\Self Drive\IMG\center_2026_09_12_22_22_40_239.jpg,D:\ML Projects\Deep Learning\Self Drive\IMG\left_2026_09_12_22_22_40_239.jpg,D:\ML Projects\Deep Learning\Self Drive\IMG\right_2026_09_12_22_22_40_239.jpg,0,1,0,30.19107
D:\ML Projects\Deep Learning\Self Drive\IMG\center_2026_09_12_22_22_40_315.jpg,D:\ML Projects\Deep Learning\Self Drive\IMG\left_2026_09_12_22_22_40_315.jpg,D:\ML Projects\Deep Learning\Self Drive\IMG\right_2026_09_12_22_22_40_315.jpg,0,1,0,30.19058
D:\ML Projects\Deep Learning\Self Drive\IMG\center_2026_09_12_22_22_40_387.jpg,D:\ML Projects\Deep Learning\Self Drive\IMG\left_2026_09_12_22_22_40_387.jpg,D:\ML Projects\Deep Learning\Self Drive\IMG\right_2026_09_12_22_22_40_387.jpg,0,1,0,30.19052
D:\ML Projects\Deep Learning\Self Drive\IMG\center_2026_09_12_22_22_40_466.jpg,D:\ML Projects\Deep Learning\Self Drive\IMG\left_2026_09_12_22_22_40_466.jpg,D:\ML Projects\Deep Learning\Self Drive\IMG\right_2026_09_12_22_22_40_466.jpg,0,1,0,30.19118
D:\ML Projects\Deep Learning\Self Drive\IMG\center_2026_09_12_22_22_40_547.jpg,D:\ML Projects\Deep Learning\Self Drive\IMG\left_2026_09_12_22_22_40_547.jpg,D:\ML Projects\Deep Learning\Self Drive\IMG\right_2026_09_12_22_22_40_547.jpg,0,0.7599232,0,30.12683
D:\ML Projects\Deep Learning\Self Drive\IMG\center_2026_09_12_22_22_40_622.jpg,D:\ML Projects\Deep Learning\Self Drive\IMG\left_2026_09_12_22_22_40_622.jpg,D:\ML Projects\Deep Learning\Self Drive\IMG\right_2026_09_12_22_22_40_622.jpg,0,0.5340019,0,30.06872
D:\ML Projects\Deep Learning\Self Drive\IMG\center_2026_09_12_22_22_40_704.jpg,D:\ML Projects\Deep Learning\Self Drive\IMG\left_2026_09_12_22_22_40_704.jpg,D:\ML Projects\Deep Learning\Self Drive\IMG\right_2026_09_12_22_22_40_704.jpg,0,0.2893445,0,30.00568
D:\ML Projects\Deep Learning\Self Drive\IMG\center_2026_09_12_22_22_40_798.jpg,D:\ML Projects\Deep Learning\Self Drive\IMG\left_2026_09_12_22_22_40_798.jpg,D:\ML Projects\Deep Learning\Self Drive\IMG\right_2026_09_12_22_22_40_798.jpg,0,0.01191854,0,29.75431
D:\ML Projects\Deep Learning\Self Drive\IMG\center_2026_09_12_22_22_40_873.jpg,D:\ML Projects\Deep Learning\Self Drive\IMG\left_2026_09_12_22_22_40_873.jpg,D:\ML Projects\Deep Learning\Self Drive\IMG\right_2026_09_12_22_22_40_873.jpg,0,0.2443502,0,29.71311
D:\ML Projects\Deep Learning\Self Drive\IMG\center_2026_09_12_22_22_41_008.jpg,D:\ML Projects\Deep Learning\Self Drive\IMG\left_2026_09_12_22_22_41_008.jpg,D:\ML Projects\Deep Learning\Self Drive\IMG\right_2026_09_12_22_22_41_008.jpg,0,0.6520958,0,30.07139
D:\ML Projects\Deep Learning\Self Drive\IMG\center_2026_09_12_22_22_41_084.jpg,D:\ML Projects\Deep Learning\Self Drive\IMG\left_2026_09_12_22_22_41_084.jpg,D:\ML Projects\Deep Learning\Self Drive\IMG\right_2026_09_12_22_22_41_084.jpg,-0.2,0.8770436,0,30.15081
D:\ML Projects\Deep Learning\Self Drive\IMG\center_2026_09_12_22_22_41_158.jpg,D:\ML Projects\Deep Learning\Self Drive\IMG\left_2026_09_12_22_22_41_158.jpg,D:\ML Projects\Deep Learning\Self Drive\IMG\right_2026_09_12_22_22_41_158.jpg,0,1,0,30.19161
D:\ML Projects\Deep Learning\Self Drive\IMG\center_2026_09_12_22_22_41_228.jpg,D:\ML Projects\Deep Learning\Self Drive\IMG\left_2026_09_12_22_22_41_228.jpg,D:\ML Projects\Deep Learning\Self Drive\IMG\right_2026_09_12_22_22_41_228.jpg,0,1,0,30.1904
D:\ML Projects\Deep Learning\Self Drive\IMG\center_2026_09_12_22_22_41_304.jpg,D:\ML Projects\Deep Learning\Self Drive\IMG\left_2026_09_12_22_22_41_304.jpg,D:\ML Projects\Deep Learning\Self Drive\IMG\right_2026_09_12_22_22_41_304.jpg,0,1,0,30.19048
D:\ML Projects\Deep Learning\Self Drive\IMG\center_2026_09_12_22_22_41_379.jpg,D:\ML Projects\Deep Learning\Self Drive\IMG\left_2026_09_12_22_22_41_379.jpg,D:\ML Projects\Deep Learning\Self Drive\IMG\right_2026_09_12_22_22_41_379.jpg,0,1,0,30.19051
D:\ML Projects\Deep Learning\Self Drive\IMG\center_2026_09_12_22_22_41_456.jpg,D:\ML Projects\Deep Learning\Self Drive\IMG\left_2026_09_12_22_22_41_456.jpg,D:\ML Projects\Deep Learning\Self Drive\IMG\right_2026_09_12_22_22_41_456.jpg,0,1,0,30.1901
D:\ML Projects\Deep Learning\Self Drive\IMG\center_2026_09_12_22_22_41_530.jpg,D:\ML Projects\Deep Learning\Self Drive\IMG\left_2026_09_12_22_22_41_530.jpg,D:\ML Projects\Deep Learning\Self Drive\IMG\right_2026_09_12_22_22_41_530.jpg,0,1,0,30.19073
D:\ML Projects\Deep Learning\Self Drive\IMG\center_2026_09_12_22_22_41_608.jpg,D:\ML Projects\Deep Learning\Self Drive\IMG\left_2026_09_12_22_22_41_608.jpg,D:\ML Projects\Deep Learning\Self Drive\IMG\right_2026_09_12_22_22_41_608.jpg,-0.2,1,0,30.17996
D:\ML Projects\Deep Learning\Self Drive\IMG\center_2026_09_12_22_22_41_690.jpg,D:\ML Projects\Deep Learning\Self Drive\IMG\left_2026_09_12_22_22_41_690.jpg,D:\ML Projects\Deep Learning\Self Drive\IMG\right_2026_09_12_22_22_41_690.jpg,0,1,0,30.19007
D:\ML Projects\Deep Learning\Self Drive\IMG\center_2026_09_12_22_22_41_793.jpg,D:\ML Projects\Deep Learning\Self Drive\IMG\left_2026_09_12_22_22_41_793.jpg,D:\ML Projects\Deep Learning\Self Drive\IMG\right_2026_09_12_22_22_41_793.jpg,0,1,0,30.19036
D:\ML Projects\Deep Learning\Self Drive\IMG\center_2026_09_12_22_22_41_905.jpg,D:\ML Projects\Deep Learning\Self Drive\IMG\left_2026_09_12_22_22_41_905.jpg,D:\ML Projects\Deep Learning\Self Drive\IMG\right_2026_09_12_22_22_41_905.jpg,0,1,0,30.19112
D:\ML Projects\Deep Learning\Self Drive\IMG\center_2026_09_12_22_22_42_018.jpg,D:\ML Projects\Deep Learning\Self Drive\IMG\left_2026_09_12_22_22_42_018.jpg,D:\ML Projects\Deep Learning\Self Drive\IMG\right_2026_09_12_22_22_42_018.jpg,-0.3,1,0,30.16928
D:\ML Projects\Deep Learning\Self Drive\IMG\center_2026_09_12_22_22_42_148.jpg,D:\ML Projects\Deep Learning\Self Drive\IMG\left_2026_09_12_22_22_42_148.jpg,D:\ML Projects\Deep Learning\Self Drive\IMG\right_2026_09_12_22_22_42_148.jpg,0,1,0,30.19007
D:\ML Projects\Deep Learning\Self Drive\IMG\center_2026_09_12_22_22_42_267.jpg,D:\ML Projects\Deep Learning\Self Drive\IMG\left_2026_09_12_22_22_42_267.jpg,D:\ML Projects\Deep Learning\Self Drive\IMG\right_2026_09_12_22_22_42_267.jpg,0,1,0,30.19028
D:\ML Projects\Deep Learning\Self Drive\IMG\center_2026_09_12_22_22_42_361.jpg,D:\ML Projects\Deep Learning\Self Drive\IMG\left_2026_09_12_22_22_42_361.jpg,D:\ML Projects\Deep Learning\Self Drive\IMG\right_2026_09_12_22_22_42_361.jpg,0,1,0,30.1903
D:\ML Projects\Deep Learning\Self Drive\IMG\center_2026_09_12_22_22_42_439.jpg,D:\ML Projects\Deep Learning\Self Drive\IMG\left_2026_09_12_22_22_42_439.jpg,D:\ML Projects\Deep Learning\Self Drive\IMG\right_2026_09_12_22_22_42_439.jpg,-0.2,1,0,30.18025
D:\ML Projects\Deep Learning\Self Drive\IMG\center_2026_09_12_22_22_42_521.jpg,D:\ML Projects\Deep Learning\Self Drive\IMG\left_2026_09_12_22_22_42_521.jpg,D:\ML Projects\Deep Learning\Self Drive\IMG\right_2026_09_12_22_22_42_521.jpg,-0.4,1,0,30.15785
D:\ML Projects\Deep Learning\Self Drive\IMG\center_2026_09_12_22_22_42_603.jpg,D:\ML Projects\Deep Learning\Self Drive\IMG\left_2026_09_12_22_22_42_603.jpg,D:\ML Projects\Deep Learning\Self Drive\IMG\right_2026_09_12_22_22_42_603.jpg,0,1,0,30.18902
D:\ML Projects\Deep Learning\Self Drive\IMG\center_2026_09_12_22_22_42_684.jpg,D:\ML Projects\Deep Learning\Self Drive\IMG\left_2026_09_12_22_22_42_684.jpg,D:\ML Projects\Deep Learning\Self Drive\IMG\right_2026_09_12_22_22_42_684.jpg,0,1,0,30.18999
D:\ML Projects\Deep Learning\Self Drive\IMG\center_2026_09_12_22_22_42_769.jpg,D:\ML Projects\Deep Learning\Self Drive\IMG\left_2026_09_12_22_22_42_769.jpg,D:\ML Projects\Deep Learning\Self Drive\IMG\right_2026_09_12_22_22_42_769.jpg,0,1,0,30.19023
D:\ML Projects\Deep Learning\Self Drive\IMG\center_2026_09_12_22_22_42_850.jpg,D:\ML Projects\Deep Learning\Self Drive\IMG\left_2026_09_12_22_22_42_850.jpg,D:\ML Projects\Deep Learning\Self Drive\IMG\right_2026_09_12_22_22_42_850.jpg,-0.2,1,0,30.18126
D:\ML Projects\Deep Learning\Self Drive\IMG\center_2026_09_12_22_22_42_929.jpg,D:\ML Projects\Deep Learning\Self Drive\IMG\left_2026_09_12_22_22_42_929.jpg,D:\ML Projects\Deep Learning\Self Drive\IMG\right_2026_09_12_22_22_42_929.jpg,0,1,0,30.19022
D:\ML Projects\Deep Learning\Self Drive\IMG\center_2026_09_12_22_22_43_007.jpg,D:\ML Projects\Deep Learning\Self Drive\IMG\left_2026_09_12_22_22_43_007.jpg,D:\ML Projects\Deep Learning\Self Drive\IMG\right_2026_09_12_22_22_43_007.jpg,0,1,0,30.19022
D:\ML Projects\Deep Learning\Self Drive\IMG\center_2026_09_12_22_22_43_082.jpg,D:\ML Projects\Deep Learning\Self Drive\IMG\left_2026_09_12_22_22_43_082.jpg,D:\ML Projects\Deep Learning\Self Drive\IMG\right_2026_09_12_22_22_43_082.jpg,0,1,0,30.1903
D:\ML Projects\Deep Learning\Self Drive\IMG\center_2026_09_12_22_22_43_164.jpg,D:\ML Projects\Deep Learning\Self Drive\IMG\left_2026_09_12_22_22_43_164.jpg,D:\ML Projects\Deep Learning\Self Drive\IMG\right_2026_09_12_22_22_43_164.jpg,0,1,0,30.19028
D:\ML Projects\Deep Learning\Self Drive\IMG\center_2026_09_12_22_22_43_240.jpg,D:\ML Projects\Deep Learning\Self Drive\IMG\left_2026_09_12_22_22_43_240.jpg,D:\ML Projects\Deep Learning\Self Drive\IMG\right_2026_09_12_22_22_43_240.jpg,0,1,0,30.19029
D:\ML Projects\Deep Learning\Self Drive\IMG\center_2026_09_12_22_22_43_317.jpg,D:\ML Projects\Deep Learning\Self Drive\IMG\left_2026_09_12_22_22_43_317.jpg,D:\ML Projects\Deep Learning\Self Drive\IMG\right_2026_09_12_22_22_43_317.jpg,0,1,0,30.19031
D:\ML Projects\Deep Learning\Self Drive\IMG\center_2026_09_12_22_22_43_401.jpg,D:\ML Projects\Deep Learning\Self Drive\IMG\left_2026_09_12_22_22_43_401.jpg,D:\ML Projects\Deep Learning\Self Drive\IMG\right_2026_09_12_22_22_43_401.jpg,0,1,0,30.19032
D:\ML Projects\Deep Learning\Self Drive\IMG\center_2026_09_12_22_22_43_484.jpg,D:\ML Projects\Deep Learning\Self Drive\IMG\left_2026_09_12_22_22_43_484.jpg,D:\ML Projects\Deep Learning\Self Drive\IMG\right_2026_09_12_22_22_43_484.jpg,0,1,0,30.1903
D:\ML Projects\Deep Learning\Self Drive\IMG\center_2026_09_12_22_22_43_568.jpg,D:\ML Projects\Deep Learning\Self Drive\IMG\left_2026_09_12_22_22_43_568.jpg,D:\ML Projects\Deep Learning\Self Drive\IMG\right_2026_09_12_22_22_43_568.jpg,0,1,0,30.19029
D:\ML Projects\Deep Learning\Self Drive\IMG\center_2026_09_12_22_22_43_654.jpg,D:\ML Projects\Deep Learning\Self Drive\IMG\left_2026_09_12_22_22_43_654.jpg,D:\ML Projects\Deep Learning\Self Drive\IMG\right_2026_09_12_22_22_43_654.jpg,0,1,0,30.19032
D:\ML Projects\Deep Learning\Self Drive\IMG\center_2026_09_12_22_22_43_741.jpg,D:\ML Projects\Deep Learning\Self Drive\IMG\left_2026_09_12_22_22_43_741.jpg,D:\ML Projects\Deep Learning\Self Drive\IMG\right_2026_09_12_22_22_43_741.jpg,-0.2,1,0,30.17983
D:\ML Projects\Deep Learning\Self Drive\IMG\center_2026_09_12_22_22_43_835.jpg,D:\ML Projects\Deep Learning\Self Drive\IMG\left_2026_09_12_22_22_43_835.jpg,D:\ML Projects\Deep Learning\Self Drive\IMG\right_2026_09_12_22_22_43_835.jpg,-0.45,1,0,30.15147
D:\ML Projects\Deep Learning\Self Drive\IMG\center_2026_09_12_22_22_43_914.jpg,D:\ML Projects\Deep Learning\Self Drive\IMG\left_2026_09_12_22_22_43_914.jpg,D:\ML Projects\Deep Learning\Self Drive\IMG\right_2026_09_12_22_22_43_914.jpg,0,1,0,30.18831
D:\ML Projects\Deep Learning\Self Drive\IMG\center_2026_09_12_22_22_43_982.jpg,D:\ML Projects\Deep Learning\Self Drive\IMG\left_2026_09_12_22_22_43_982.jpg,D:\ML Projects\Deep Learning\Self Drive\IMG\right_2026_09_12_22_22_43_982.jpg,0,1,0,30.18962
D:\ML Projects\Deep Learning\Self Drive\IMG\center_2026_09_12_22_22_44_050.jpg,D:\ML Projects\Deep Learning\Self Drive\IMG\left_2026_09_12_22_22_44_050.jpg,D:\ML Projects\Deep Learning\Self Drive\IMG\right_2026_09_12_22_22_44_050.jpg,0,1,0,30.19011
D:\ML Projects\Deep Learning\Self Drive\IMG\center_2026_09_12_22_22_44_131.jpg,D:\ML Projects\Deep Learning\Self Drive\IMG\left_2026_09_12_22_22_44_131.jpg,D:\ML Projects\Deep Learning\Self Drive\IMG\right_2026_09_12_22_22_44_131.jpg,0,1,0,30.18962
D:\ML Projects\Deep Learning\Self Drive\IMG\center_2026_09_12_22_22_44_199.jpg,D:\ML Projects\Deep Learning\Self Drive\IMG\left_2026_09_12_22_22_44_199.jpg,D:\ML Projects\Deep Learning\Self Drive\IMG\right_2026_09_12_22_22_44_199.jpg,0,1,0,30.19014
D:\ML Projects\Deep Learning\Self Drive\IMG\center_2026_09_12_22_22_44_270.jpg,D:\ML Projects\Deep Learning\Self Drive\IMG\left_2026_09_12_22_22_44_270.jpg,D:\ML Projects\Deep Learning\Self Drive\IMG\right_2026_09_12_22_22_44_270.jpg,0,1,0,30.19016
D:\ML Projects\Deep Learning\Self Drive\IMG\center_2026_09_12_22_22_44_344.jpg,D:\ML Projects\Deep Learning\Self Drive\IMG\left_2026_09_12_22_22_44_344.jpg,D:\ML Projects\Deep Learning\Self Drive\IMG\right_2026_09_12_22_22_44_344.jpg,0.2,1,0,30.17949
D:\ML Projects\Deep Learning\Self Drive\IMG\center_2026_09_12_22_22_44_420.jpg,D:\ML Projects\Deep Learning\Self Drive\IMG\left_2026_09_12_22_22_44_420.jpg,D:\ML Projects\Deep Learning\Self Drive\IMG\right_2026_09_12_22_22_44_420.jpg,0.4,1,0,30.15756
D:\ML Projects\Deep Learning\Self Drive\IMG\center_2026_09_12_22_22_44_497.jpg,D:\ML Projects\Deep Learning\Self Drive\IMG\left_2026_09_12_22_22_44_497.jpg,D:\ML Projects\Deep Learning\Self Drive\IMG\right_2026_09_12_22_22_44_497.jpg,0,1,0,30.18881
D:\ML Projects\Deep Learning\Self Drive\IMG\center_2026_09_12_22_22_44_577.jpg,D:\ML Projects\Deep Learning\Self Drive\IMG\left_2026_09_12_22_22_44_577.jpg,D:\ML Projects\Deep Learning\Self Drive\IMG\right_2026_09_12_22_22_44_577.jpg,0,1,0,30.18993
D:\ML Projects\Deep Learning\Self Drive\IMG\center_2026_09_12_22_22_44_659.jpg,D:\ML Projects\Deep Learning\Self Drive\IMG\left_2026_09_12_22_22_44_659.jpg,D:\ML Projects\Deep Learning\Self Drive\IMG\right_2026_09_12_22_22_44_659.jpg,0,1,0,30.19027
D:\ML Projects\Deep Learning\Self Drive\IMG\center_2026_09_12_22_22_44_733.jpg,D:\ML Projects\Deep Learning\Self Drive\IMG\left_2026_09_12_22_22_44_733.jpg,D:\ML Projects\Deep Learning\Self Drive\IMG\right_2026_09_12_22_22_44_733.jpg,0,1,0,30.19036
D:\ML Projects\Deep Learning\Self Drive\IMG\center_2026_09_12_22_22_44_828.jpg,D:\ML Projects\Deep Learning\Self Drive\IMG\left_2026_09_12_22_22_44_828.jpg,D:\ML Projects\Deep Learning\Self Drive\IMG\right_2026_09_12_22_22_44_828.jpg,0,1,0,30.19037
D:\ML Projects\Deep Learning\Self Drive\IMG\center_2026_09_12_22_22_44_917.jpg,D:\ML Projects\Deep Learning\Self Drive\IMG\left_2026_09_12_22_22_44_917.jpg,D:\ML Projects\Deep Learning\Self Drive\IMG\right_2026_09_12_22_22_44_917.jpg,0,1,0,30.19051
D:\ML Projects\Deep Learning\Self Drive\IMG\center_2026_09_12_22_22_44_997.jpg,D:\ML Projects\Deep Learning\Self Drive\IMG\left_2026_09_12_22_22_44_997.jpg,D:\ML Projects\Deep Learning\Self Drive\IMG\right_2026_09_12_22_22_44_997.jpg,0,1,0,30.19034
D:\ML Projects\Deep Learning\Self Drive\IMG\center_2026_09_12_22_22_45_079.jpg,D:\ML Projects\Deep Learning\Self Drive\IMG\left_2026_09_12_22_22_45_079.jpg,D:\ML Projects\Deep Learning\Self Drive\IMG\right_2026_09_12_22_22_45_079.jpg,0,1,0,30.19057
D:\ML Projects\Deep Learning\Self Drive\IMG\center_2026_09_12_22_22_45_178.jpg,D:\ML Projects\Deep Learning\Self Drive\IMG\left_2026_09_12_22_22_45_178.jpg,D:\ML Projects\Deep Learning\Self Drive\IMG\right_2026_09_12_22_22_45_178.jpg,0,1,0,30.19026
D:\ML Projects\Deep Learning\Self Drive\IMG\center_2026_09_12_22_22_45_268.jpg,D:\ML Projects\Deep Learning\Self Drive\IMG\left_2026_09_12_22_22_45_268.jpg,D:\ML Projects\Deep Learning\Self Drive\IMG\right_2026_09_12_22_22_45_268.jpg,-0.2,1,0,30.17974
D:\ML Projects\Deep Learning\Self Drive\IMG\center_2026_09_12_22_22_45_356.jpg,D:\ML Projects\Deep Learning\Self Drive\IMG\left_2026_09_12_22_22_45_356.jpg,D:\ML Projects\Deep Learning\Self Drive\IMG\right_2026_09_12_22_22_45_356.jpg,0,1,0,30.19012
D:\ML Projects\Deep Learning\Self Drive\IMG\center_2026_09_12_22_22_45_444.jpg,D:\ML Projects\Deep Learning\Self Drive\IMG\left_2026_09_12_22_22_45_444.jpg,D:\ML Projects\Deep Learning\Self Drive\IMG\right_2026_09_12_22_22_45_444.jpg,0,1,0,30.19027
D:\ML Projects\Deep Learning\Self Drive\IMG\center_2026_09_12_22_22_45_526.jpg,D:\ML Projects\Deep Learning\Self Drive\IMG\left_2026_09_12_22_22_45_526.jpg,D:\ML Projects\Deep Learning\Self Drive\IMG\right_2026_09_12_22_22_45_526.jpg,0,1,0,30.19032
D:\ML Projects\Deep Learning\Self Drive\IMG\center_2026_09_12_22_22_45_633.jpg,D:\ML Projects\Deep Learning\Self Drive\IMG\left_2026_09_12_22_22_45_633.jpg,D:\ML Projects\Deep Learning\Self Drive\IMG\right_2026_09_12_22_22_45_633.jpg,0,1,0,30.19031
D:\ML Projects\Deep Learning\Self Drive\IMG\center_2026_09_12_22_22_45_724.jpg,D:\ML Projects\Deep Learning\Self Drive\IMG\left_2026_09_12_22_22_45_724.jpg,D:\ML Projects\Deep Learning\Self Drive\IMG\right_2026_09_12_22_22_45_724.jpg,0,1,0,30.19029
D:\ML Projects\Deep Learning\Self Drive\IMG\center_2026_09_12_22_22_45_818.jpg,D:\ML Projects\Deep Learning\Self Drive\IMG\left_2026_09_12_22_22_45_818.jpg,D:\ML Projects\Deep Learning\Self Drive\IMG\right_2026_09_12_22_22_45_818.jpg,0,1,0,30.1903
D:\ML Projects\Deep Learning\Self Drive\IMG\center_2026_09_12_22_22_45_893.jpg,D:\ML Projects\Deep Learning\Self Drive\IMG\left_2026_09_12_22_22_45_893.jpg,D:\ML Projects\Deep Learning\Self Drive\IMG\right_2026_09_12_22_22_45_893.jpg,0,1,0,30.19031
D:\ML Projects\Deep Learning\Self Drive\IMG\center_2026_09_12_22_22_45_972.jpg,D:\ML Projects\Deep Learning\Self Drive\IMG\left_2026_09_12_22_22_45_972.jpg,D:\ML Projects\Deep Learning\Self Drive\IMG\right_2026_09_12_22_22_45_972.jpg,-0.2,1,0,30.17984
D:\ML Projects\Deep Learning\Self Drive\IMG\center_2026_09_12_22_22_46_051.jpg,D:\ML Projects\Deep Learning\Self Drive\IMG\left_2026_09_12_22_22_46_051.jpg,D:\ML Projects\Deep Learning\Self Drive\IMG\right_2026_09_12_22_22_46_051.jpg,0,1,0,30.19028
D:\ML Projects\Deep Learning\Self Drive\IMG\center_2026_09_12_22_22_46_136.jpg,D:\ML Projects\Deep Learning\Self Drive\IMG\left_2026_09_12_22_22_46_136.jpg,D:\ML Projects\Deep Learning\Self Drive\IMG\right_2026_09_12_22_22_46_136.jpg,0,1,0,30.19027
D:\ML Projects\Deep Learning\Self Drive\IMG\center_2026_09_12_22_22_46_215.jpg,D:\ML Projects\Deep Learning\Self Drive\IMG\left_2026_09_12_22_22_46_215.jpg,D:\ML Projects\Deep Learning\Self Drive\IMG\right_2026_09_12_22_22_46_215.jpg,0,1,0,30.19029
D:\ML Projects\Deep Learning\Self Drive\IMG\center_2026_09_12_22_22_46_298.jpg,D:\ML Projects\Deep Learning\Self Drive\IMG\left_2026_09_12_22_22_46_298.jpg,D:\ML Projects\Deep Learning\Self Drive\IMG\right_2026_09_12_22_22_46_298.jpg,0,1,0,30.1903
D:\ML Projects\Deep Learning\Self Drive\IMG\center_2026_09_12_22_22_46_385.jpg,D:\ML Projects\Deep Learning\Self Drive\IMG\left_2026_09_12_22_22_46_385.jpg,D:\ML Projects\Deep Learning\Self Drive\IMG\right_2026_09_12_22_22_46_385.jpg,0,1,0,30.19031
D:\ML Projects\Deep Learning\Self Drive\IMG\center_2026_09_12_22_22_46_475.jpg,D:\ML Projects\Deep Learning\Self Drive\IMG\left_2026_09_12_22_22_46_475.jpg,D:\ML Projects\Deep Learning\Self Drive\IMG\right_2026_09_12_22_22_46_475.jpg,0,1,0,30.19029
D:\ML Projects\Deep Learning\Self Drive\IMG\center_2026_09_12_22_22_46_565.jpg,D:\ML Projects\Deep Learning\Self Drive\IMG\left_2026_09_12_22_22_46_565.jpg,D:\ML Projects\Deep Learning\Self Drive\IMG\right_2026_09_12_22_22_46_565.jpg,-0.2,1,0,30.17988
D:\ML Projects\Deep Learning\Self Drive\IMG\center_2026_09_12_22_22_46_685.jpg,D:\ML Projects\Deep Learning\Self Drive\IMG\left_2026_09_12_22_22_46_685.jpg,D:\ML Projects\Deep Learning\Self Drive\IMG\right_2026_09_12_22_22_46_685.jpg,0,1,0,30.19025
D:\ML Projects\Deep Learning\Self Drive\IMG\center_2026_09_12_22_22_46_774.jpg,D:\ML Projects\Deep Learning\Self Drive\IMG\left_2026_09_12_22_22_46_774.jpg,D:\ML Projects\Deep Learning\Self Drive\IMG\right_2026_09_12_22_22_46_774.jpg,0,1,0,30.19029
D:\ML Projects\Deep Learning\Self Drive\IMG\center_2026_09_12_22_22_46_870.jpg,D:\ML Projects\Deep Learning\Self Drive\IMG\left_2026_09_12_22_22_46_870.jpg,D:\ML Projects\Deep Learning\Self Drive\IMG\right_2026_09_12_22_22_46_870.jpg,0,1,0,30.19045
D:\ML Projects\Deep Learning\Self Drive\IMG\center_2026_09_12_22_22_46_959.jpg,D:\ML Projects\Deep Learning\Self Drive\IMG\left_2026_09_12_22_22_46_959.jpg,D:\ML Projects\Deep Learning\Self Drive\IMG\right_2026_09_12_22_22_46_959.jpg,0,1,0,30.19031
D:\ML Projects\Deep Learning\Self Drive\IMG\center_2026_09_12_22_22_47_032.jpg,D:\ML Projects\Deep Learning\Self Drive\IMG\left_2026_09_12_22_22_47_032.jpg,D:\ML Projects\Deep Learning\Self Drive\IMG\right_2026_09_12_22_22_47_032.jpg,0,0.7839004,0,30.14182
D:\ML Projects\Deep Learning\Self Drive\IMG\center_2026_09_12_22_22_47_104.jpg,D:\ML Projects\Deep Learning\Self Drive\IMG\left_2026_09_12_22_22_47_104.jpg,D:\ML Projects\Deep Learning\Self Drive\IMG\right_2026_09_12_22_22_47_104.jpg,0,0.5638852,0,30.07658
D:\ML Projects\Deep Learning\Self Drive\IMG\center_2026_09_12_22_22_47_179.jpg,D:\ML Projects\Deep Learning\Self Drive\IMG\left_2026_09_12_22_22_47_179.jpg,D:\ML Projects\Deep Learning\Self Drive\IMG\right_2026_09_12_22_22_47_179.jpg,0,0.3446095,0,30.02055
D:\ML Projects\Deep Learning\Self Drive\IMG\center_2026_09_12_22_22_47_247.jpg,D:\ML Projects\Deep Learning\Self Drive\IMG\left_2026_09_12_22_22_47_247.jpg,D:\ML Projects\Deep Learning\Self Drive\IMG\right_2026_09_12_22_22_47_247.jpg,-0.15,0.1322263,0,29.92352
D:\ML Projects\Deep Learning\Self Drive\IMG\center_2026_09_12_22_22_47_323.jpg,D:\ML Projects\Deep Learning\Self Drive\IMG\left_2026_09_12_22_22_47_323.jpg,D:\ML Projects\Deep Learning\Self Drive\IMG\right_2026_09_12_22_22_47_323.jpg,-0.35,0,0,29.63341
D:\ML Projects\Deep Learning\Self Drive\IMG\center_2026_09_12_22_22_47_392.jpg,D:\ML Projects\Deep Learning\Self Drive\IMG\left_2026_09_12_22_22_47_392.jpg,D:\ML Projects\Deep Learning\Self Drive\IMG\right_2026_09_12_22_22_47_392.jpg,0,0,0,29.38725
D:\ML Projects\Deep Learning\Self Drive\IMG\center_2026_09_12_22_22_47_469.jpg,D:\ML Projects\Deep Learning\Self Drive\IMG\left_2026_09_12_22_22_47_469.jpg,D:\ML Projects\Deep Learning\Self Drive\IMG\right_2026_09_12_22_22_47_469.jpg,0,0,0,29.20839
D:\ML Projects\Deep Learning\Self Drive\IMG\center_2026_09_12_22_22_47_538.jpg,D:\ML Projects\Deep Learning\Self Drive\IMG\left_2026_09_12_22_22_47_538.jpg,D:\ML Projects\Deep Learning\Self Drive\IMG\right_2026_09_12_22_22_47_538.jpg,0,0,0,28.97297
D:\ML Projects\Deep Learning\Self Drive\IMG\center_2026_09_12_22_22_47_610.jpg,D:\ML Projects\Deep Learning\Self Drive\IMG\left_2026_09_12_22_22_47_610.jpg,D:\ML Projects\Deep Learning\Self Drive\IMG\right_2026_09_12_22_22_47_610.jpg,0,0,0,28.79795
D:\ML Projects\Deep Learning\Self Drive\IMG\center_2026_09_12_22_22_47_685.jpg,D:\ML Projects\Deep Learning\Self Drive\IMG\left_2026_09_12_22_22_47_685.jpg,D:\ML Projects\Deep Learning\Self Drive\IMG\right_2026_09_12_22_22_47_685.jpg,0,0,0,28.56634
D:\ML Projects\Deep Learning\Self Drive\IMG\center_2026_09_12_22_22_47_824.jpg,D:\ML Projects\Deep Learning\Self Drive\IMG\left_2026_09_12_22_22_47_824.jpg,D:\ML Projects\Deep Learning\Self Drive\IMG\right_2026_09_12_22_22_47_824.jpg,0,0,0,28.16557
D:\ML Projects\Deep Learning\Self Drive\IMG\center_2026_09_12_22_22_47_905.jpg,D:\ML Projects\Deep Learning\Self Drive\IMG\left_2026_09_12_22_22_47_905.jpg,D:\ML Projects\Deep Learning\Self Drive\IMG\right_2026_09_12_22_22_47_905.jpg,0,0,0,27.93909
D:\ML Projects\Deep Learning\Self Drive\IMG\center_2026_09_12_22_22_47_988.jpg,D:\ML Projects\Deep Learning\Self Drive\IMG\left_2026_09_12_22_22_47_988.jpg,D:\ML Projects\Deep Learning\Self Drive\IMG\right_2026_09_12_22_22_47_988.jpg,0,0,0,27.71443
D:\ML Projects\Deep Learning\Self Drive\IMG\center_2026_09_12_22_22_48_071.jpg,D:\ML Projects\Deep Learning\Self Drive\IMG\left_2026_09_12_22_22_48_071.jpg,D:\ML Projects\Deep Learning\Self Drive\IMG\right_2026_09_12_22_22_48_071.jpg,0,0.2497482,0,27.69567
D:\ML Projects\Deep Learning\Self Drive\IMG\center_2026_09_12_22_22_48_154.jpg,D:\ML Projects\Deep Learning\Self Drive\IMG\left_2026_09_12_22_22_48_154.jpg,D:\ML Projects\Deep Learning\Self Drive\IMG\right_2026_09_12_22_22_48_154.jpg,0,0.4980174,0,27.97471
D:\ML Projects\Deep Learning\Self Drive\IMG\center_2026_09_12_22_22_48_238.jpg,D:\ML Projects\Deep Learning\Self Drive\IMG\left_2026_09_12_22_22_48_238.jpg,D:\ML Projects\Deep Learning\Self Drive\IMG\right_2026_09_12_22_22_48_238.jpg,0,0.7489992,0,28.43977
D:\ML Projects\Deep Learning\Self Drive\IMG\center_2026_09_12_22_22_48_323.jpg,D:\ML Projects\Deep Learning\Self Drive\IMG\left_2026_09_12_22_22_48_323.jpg,D:\ML Projects\Deep Learning\Self Drive\IMG\right_2026_09_12_22_22_48_323.jpg,0,1,0,29.13443
D:\ML Projects\Deep Learning\Self Drive\IMG\center_2026_09_12_22_22_48_404.jpg,D:\ML Projects\Deep Learning\Self Drive\IMG\left_2026_09_12_22_22_48_404.jpg,D:\ML Projects\Deep Learning\Self Drive\IMG\right_2026_09_12_22_22_48_404.jpg,0,1,0,29.86583
D:\ML Projects\Deep Learning\Self Drive\IMG\center_2026_09_12_22_22_48_487.jpg,D:\ML Projects\Deep Learning\Self Drive\IMG\left_2026_09_12_22_22_48_487.jpg,D:\ML Projects\Deep Learning\Self Drive\IMG\right_2026_09_12_22_22_48_487.jpg,0,1,0,30.18995
D:\ML Projects\Deep Learning\Self Drive\IMG\center_2026_09_12_22_22_48_568.jpg,D:\ML Projects\Deep Learning\Self Drive\IMG\left_2026_09_12_22_22_48_568.jpg,D:\ML Projects\Deep Learning\Self Drive\IMG\right_2026_09_12_22_22_48_568.jpg,-0.2,1,0,30.17978
D:\ML Projects\Deep Learning\Self Drive\IMG\center_2026_09_12_22_22_48_653.jpg,D:\ML Projects\Deep Learning\Self Drive\IMG\left_2026_09_12_22_22_48_653.jpg,D:\ML Projects\Deep Learning\Self Drive\IMG\right_2026_09_12_22_22_48_653.jpg,0,1,0,30.19012
D:\ML Projects\Deep Learning\Self Drive\IMG\center_2026_09_12_22_22_48_733.jpg,D:\ML Projects\Deep Learning\Self Drive\IMG\left_2026_09_12_22_22_48_733.jpg,D:\ML Projects\Deep Learning\Self Drive\IMG\right_2026_09_12_22_22_48_733.jpg,0,1,0,30.19027
D:\ML Projects\Deep Learning\Self Drive\IMG\center_2026_09_12_22_22_48_823.jpg,D:\ML Projects\Deep Learning\Self Drive\IMG\left_2026_09_12_22_22_48_823.jpg,D:\ML Projects\Deep Learning\Self Drive\IMG\right_2026_09_12_22_22_48_823.jpg,0,1,0,30.19028
D:\ML Projects\Deep Learning\Self Drive\IMG\center_2026_09_12_22_22_48_913.jpg,D:\ML Projects\Deep Learning\Self Drive\IMG\left_2026_09_12_22_22_48_913.jpg,D:\ML Projects\Deep Learning\Self Drive\IMG\right_2026_09_12_22_22_48_913.jpg,0,1,0,30.19032
D:\ML Projects\Deep Learning\Self Drive\IMG\center_2026_09_12_22_22_48_992.jpg,D:\ML Projects\Deep Learning\Self Drive\IMG\left_2026_09_12_22_22_48_992.jpg,D:\ML Projects\Deep Learning\Self Drive\IMG\right_2026_09_12_22_22_48_992.jpg,0,1,0,30.19028
D:\ML Projects\Deep Learning\Self Drive\IMG\center_2026_09_12_22_22_49_076.jpg,D:\ML Projects\Deep Learning\Self Drive\IMG\left_2026_09_12_22_22_49_076.jpg,D:\ML Projects\Deep Learning\Self Drive\IMG\right_2026_09_12_22_22_49_076.jpg,0,1,0,30.19029
D:\ML Projects\Deep Learning\Self Drive\IMG\center_2026_09_12_22_22_49_160.jpg,D:\ML Projects\Deep Learning\Self Drive\IMG\left_2026_09_12_22_22_49_160.jpg,D:\ML Projects\Deep Learning\Self Drive\IMG\right_2026_09_12_22_22_49_160.jpg,0,1,0,30.19031
D:\ML Projects\Deep Learning\Self Drive\IMG\center_2026_09_12_22_22_49_257.jpg,D:\ML Projects\Deep Learning\Self Drive\IMG\left_2026_09_12_22_22_49_257.jpg,D:\ML Projects\Deep Learning\Self Drive\IMG\right_2026_09_12_22_22_49_257.jpg,0,1,0,30.19029
D:\ML Projects\Deep Learning\Self Drive\IMG\center_2026_09_12_22_22_49_348.jpg,D:\ML Projects\Deep Learning\Self Drive\IMG\left_2026_09_12_22_22_49_348.jpg,D:\ML Projects\Deep Learning\Self Drive\IMG\right_2026_09_12_22_22_49_348.jpg,0,1,0,30.19031
D:\ML Projects\Deep Learning\Self Drive\IMG\center_2026_09_12_22_22_49_440.jpg,D:\ML Projects\Deep Learning\Self Drive\IMG\left_2026_09_12_22_22_49_440.jpg,D:\ML Projects\Deep Learning\Self Drive\IMG\right_2026_09_12_22_22_49_440.jpg,0,1,0,30.19029
D:\ML Projects\Deep Learning\Self Drive\IMG\center_2026_09_12_22_22_49_534.jpg,D:\ML Projects\Deep Learning\Self Drive\IMG\left_2026_09_12_22_22_49_534.jpg,D:\ML Projects\Deep Learning\Self Drive\IMG\right_2026_09_12_22_22_49_534.jpg,0,1,0,30.1903
D:\ML Projects\Deep Learning\Self Drive\IMG\center_2026_09_12_22_22_49_626.jpg,D:\ML Projects\Deep Learning\Self Drive\IMG\left_2026_09_12_22_22_49_626.jpg,D:\ML Projects\Deep Learning\Self Drive\IMG\right_2026_09_12_22_22_49_626.jpg,0,1,0,30.19031
D:\ML Projects\Deep Learning\Self Drive\IMG\center_2026_09_12_22_22_49_728.jpg,D:\ML Projects\Deep Learning\Self Drive\IMG\left_2026_09_12_22_22_49_728.jpg,D:\ML Projects\Deep Learning\Self Drive\IMG\right_2026_09_12_22_22_49_728.jpg,-0.25,1,0,30.17477
D:\ML Projects\Deep Learning\Self Drive\IMG\center_2026_09_12_22_22_49_839.jpg,D:\ML Projects\Deep Learning\Self Drive\IMG\left_2026_09_12_22_22_49_839.jpg,D:\ML Projects\Deep Learning\Self Drive\IMG\right_2026_09_12_22_22_49_839.jpg,0,1,0,30.19016
D:\ML Projects\Deep Learning\Self Drive\IMG\center_2026_09_12_22_22_49_949.jpg,D:\ML Projects\Deep Learning\Self Drive\IMG\left_2026_09_12_22_22_49_949.jpg,D:\ML Projects\Deep Learning\Self Drive\IMG\right_2026_09_12_22_22_49_949.jpg,0,1,0,30.19038
D:\ML Projects\Deep Learning\Self Drive\IMG\center_2026_09_12_22_22_50_052.jpg,D:\ML Projects\Deep Learning\Self Drive\IMG\left_2026_09_12_22_22_50_052.jpg,D:\ML Projects\Deep Learning\Self Drive\IMG\right_2026_09_12_22_22_50_052.jpg,0,1,0,30.19029
D:\ML Projects\Deep Learning\Self Drive\IMG\center_2026_09_12_22_22_50_160.jpg,D:\ML Projects\Deep Learning\Self Drive\IMG\left_2026_09_12_22_22_50_160.jpg,D:\ML Projects\Deep Learning\Self Drive\IMG\right_2026_09_12_22_22_50_160.jpg,0,1,0,30.19028
D:\ML Projects\Deep Learning\Self Drive\IMG\center_2026_09_12_22_22_50_258.jpg,D:\ML Projects\Deep Learning\Self Drive\IMG\left_2026_09_12_22_22_50_258.jpg,D:\ML Projects\Deep Learning\Self Drive\IMG\right_2026_09_12_22_22_50_258.jpg,0,1,0,30.19029
D:\ML Projects\Deep Learning\Self Drive\IMG\center_2026_09_12_22_22_50_342.jpg,D:\ML Projects\Deep Learning\Self Drive\IMG\left_2026_09_12_22_22_50_342.jpg,D:\ML Projects\Deep Learning\Self Drive\IMG\right_2026_09_12_22_22_50_342.jpg,0,1,0,30.19032
D:\ML Projects\Deep Learning\Self Drive\IMG\center_2026_09_12_22_22_50_419.jpg,D:\ML Projects\Deep Learning\Self Drive\IMG\left_2026_09_12_22_22_50_419.jpg,D:\ML Projects\Deep Learning\Self Drive\IMG\right_2026_09_12_22_22_50_419.jpg,0,1,0,30.19026
D:\ML Projects\Deep Learning\Self Drive\IMG\center_2026_09_12_22_22_50_492.jpg,D:\ML Projects\Deep Learning\Self Drive\IMG\left_2026_09_12_22_22_50_492.jpg,D:\ML Projects\Deep Learning\Self Drive\IMG\right_2026_09_12_22_22_50_492.jpg,0,1,0,30.19029
D:\ML Projects\Deep Learning\Self Drive\IMG\center_2026_09_12_22_22_50_569.jpg,D:\ML Projects\Deep Learning\Self Drive\IMG\left_2026_09_12_22_22_50_569.jpg,D:\ML Projects\Deep Learning\Self Drive\IMG\right_2026_09_12_22_22_50_569.jpg,0,1,0,30.19029
D:\ML Projects\Deep Learning\Self Drive\IMG\center_2026_09_12_22_22_50_645.jpg,D:\ML Projects\Deep Learning\Self Drive\IMG\left_2026_09_12_22_22_50_645.jpg,D:\ML Projects\Deep Learning\Self Drive\IMG\right_2026_09_12_22_22_50_645.jpg,0,1,0,30.19029
D:\ML Projects\Deep Learning\Self Drive\IMG\center_2026_09_12_22_22_50_722.jpg,D:\ML Projects\Deep Learning\Self Drive\IMG\left_2026_09_12_22_22_50_722.jpg,D:\ML Projects\Deep Learning\Self Drive\IMG\right_2026_09_12_22_22_50_722.jpg,0,1,0,30.19029
D:\ML Projects\Deep Learning\Self Drive\IMG\center_2026_09_12_22_22_50_800.jpg,D:\ML Projects\Deep Learning\Self Drive\IMG\left_2026_09_12_22_22_50_800.jpg,D:\ML Projects\Deep Learning\Self Drive\IMG\right_2026_09_12_22_22_50_800.jpg,0,1,0,30.19028
D:\ML Projects\Deep Learning\Self Drive\IMG\center_2026_09_12_22_22_50_901.jpg,D:\ML Projects\Deep Learning\Self Drive\IMG\left_2026_09_12_22_22_50_901.jpg,D:\ML Projects\Deep Learning\Self Drive\IMG\right_2026_09_12_22_22_50_901.jpg,-0.25,1,0,30.17478
D:\ML Projects\Deep Learning\Self Drive\IMG\center_2026_09_12_22_22_50_984.jpg,D:\ML Projects\Deep Learning\Self Drive\IMG\left_2026_09_12_22_22_50_984.jpg,D:\ML Projects\Deep Learning\Self Drive\IMG\right_2026_09_12_22_22_50_984.jpg,0,1,0,30.19016
D:\ML Projects\Deep Learning\Self Drive\IMG\center_2026_09_12_22_22_51_075.jpg,D:\ML Projects\Deep Learning\Self Drive\IMG\left_2026_09_12_22_22_51_075.jpg,D:\ML Projects\Deep Learning\Self Drive\IMG\right_2026_09_12_22_22_51_075.jpg,0,1,0,30.19025
D:\ML Projects\Deep Learning\Self Drive\IMG\center_2026_09_12_22_22_51_166.jpg,D:\ML Projects\Deep Learning\Self Drive\IMG\left_2026_09_12_22_22_51_166.jpg,D:\ML Projects\Deep Learning\Self Drive\IMG\right_2026_09_12_22_22_51_166.jpg,0,1,0,30.19023
D:\ML Projects\Deep Learning\Self Drive\IMG\center_2026_09_12_22_22_51_260.jpg,D:\ML Projects\Deep Learning\Self Drive\IMG\left_2026_09_12_22_22_51_260.jpg,D:\ML Projects\Deep Learning\Self Drive\IMG\right_2026_09_12_22_22_51_260.jpg,0,1,0,30.19029
D:\ML Projects\Deep Learning\Self Drive\IMG\center_2026_09_12_22_22_51_351.jpg,D:\ML Projects\Deep Learning\Self Drive\IMG\left_2026_09_12_22_22_51_351.jpg,D:\ML Projects\Deep Learning\Self Drive\IMG\right_2026_09_12_22_22_51_351.jpg,0,1,0,30.19035
D:\ML Projects\Deep Learning\Self Drive\IMG\center_2026_09_12_22_22_51_439.jpg,D:\ML Projects\Deep Learning\Self Drive\IMG\left_2026_09_12_22_22_51_439.jpg,D:\ML Projects\Deep Learning\Self Drive\IMG\right_2026_09_12_22_22_51_439.jpg,0,1,0,30.19031
D:\ML Projects\Deep Learning\Self Drive\IMG\center_2026_09_12_22_22_51_528.jpg,D:\ML Projects\Deep Learning\Self Drive\IMG\left_2026_09_12_22_22_51_528.jpg,D:\ML Projects\Deep Learning\Self Drive\IMG\right_2026_09_12_22_22_51_528.jpg,0,1,0,30.19028
D:\ML Projects\Deep Learning\Self Drive\IMG\center_2026_09_12_22_22_51_611.jpg,D:\ML Projects\Deep Learning\Self Drive\IMG\left_2026_09_12_22_22_51_611.jpg,D:\ML Projects\Deep Learning\Self Drive\IMG\right_2026_09_12_22_22_51_611.jpg,0,1,0,30.19034
D:\ML Projects\Deep Learning\Self Drive\IMG\center_2026_09_12_22_22_51_694.jpg,D:\ML Projects\Deep Learning\Self Drive\IMG\left_2026_09_12_22_22_51_694.jpg,D:\ML Projects\Deep Learning\Self Drive\IMG\right_2026_09_12_22_22_51_694.jpg,-0.25,1,0,30.17476
D:\ML Projects\Deep Learning\Self Drive\IMG\center_2026_09_12_22_22_51_779.jpg,D:\ML Projects\Deep Learning\Self Drive\IMG\left_2026_09_12_22_22_51_779.jpg,D:\ML Projects\Deep Learning\Self Drive\IMG\right_2026_09_12_22_22_51_779.jpg,0,1,0,30.19014
D:\ML Projects\Deep Learning\Self Drive\IMG\center_2026_09_12_22_22_51_881.jpg,D:\ML Projects\Deep Learning\Self Drive\IMG\left_2026_09_12_22_22_51_881.jpg,D:\ML Projects\Deep Learning\Self Drive\IMG\right_2026_09_12_22_22_51_881.jpg,0,1,0,30.19028
D:\ML Projects\Deep Learning\Self Drive\IMG\center_2026_09_12_22_22_51_963.jpg,D:\ML Projects\Deep Learning\Self Drive\IMG\left_2026_09_12_22_22_51_963.jpg,D:\ML Projects\Deep Learning\Self Drive\IMG\right_2026_09_12_22_22_51_963.jpg,0,1,0,30.1903
D:\ML Projects\Deep Learning\Self Drive\IMG\center_2026_09_12_22_22_52_041.jpg,D:\ML Projects\Deep Learning\Self Drive\IMG\left_2026_09_12_22_22_52_041.jpg,D:\ML Projects\Deep Learning\Self Drive\IMG\right_2026_09_12_22_22_52_041.jpg,0,1,0,30.19029
D:\ML Projects\Deep Learning\Self Drive\IMG\center_2026_09_12_22_22_52_123.jpg,D:\ML Projects\Deep Learning\Self Drive\IMG\left_2026_09_12_22_22_52_123.jpg,D:\ML Projects\Deep Learning\Self Drive\IMG\right_2026_09_12_22_22_52_123.jpg,0,0.7568143,0,30.12565
D:\ML Projects\Deep Learning\Self Drive\IMG\center_2026_09_12_22_22_52_201.jpg,D:\ML Projects\Deep Learning\Self Drive\IMG\left_2026_09_12_22_22_52_201.jpg,D:\ML Projects\Deep Learning\Self Drive\IMG\right_2026_09_12_22_22_52_201.jpg,0,0.5233267,0,30.06558
D:\ML Projects\Deep Learning\Self Drive\IMG\center_2026_09_12_22_22_52_280.jpg,D:\ML Projects\Deep Learning\Self Drive\IMG\left_2026_09_12_22_22_52_280.jpg,D:\ML Projects\Deep Learning\Self Drive\IMG\right_2026_09_12_22_22_52_280.jpg,0,0.2865451,0,30.0048
D:\ML Projects\Deep Learning\Self Drive\IMG\center_2026_09_12_22_22_52_364.jpg,D:\ML Projects\Deep Learning\Self Drive\IMG\left_2026_09_12_22_22_52_364.jpg,D:\ML Projects\Deep Learning\Self Drive\IMG\right_2026_09_12_22_22_52_364.jpg,0,0.03357249,0,29.82596
D:\ML Projects\Deep Learning\Self Drive\IMG\center_2026_09_12_22_22_52_445.jpg,D:\ML Projects\Deep Learning\Self Drive\IMG\left_2026_09_12_22_22_52_445.jpg,D:\ML Projects\Deep Learning\Self Drive\IMG\right_2026_09_12_22_22_52_445.jpg,0,0,0,29.59327
D:\ML Projects\Deep Learning\Self Drive\IMG\center_2026_09_12_22_22_52_525.jpg,D:\ML Projects\Deep Learning\Self Drive\IMG\left_2026_09_12_22_22_52_525.jpg,D:\ML Projects\Deep Learning\Self Drive\IMG\right_2026_09_12_22_22_52_525.jpg,0,0.2400858,0,29.5476
D:\ML Projects\Deep Learning\Self Drive\IMG\center_2026_09_12_22_22_52_606.jpg,D:\ML Projects\Deep Learning\Self Drive\IMG\left_2026_09_12_22_22_52_606.jpg,D:\ML Projects\Deep Learning\Self Drive\IMG\right_2026_09_12_22_22_52_606.jpg,0,0.4843452,0,29.73875
D:\ML Projects\Deep Learning\Self Drive\IMG\center_2026_09_12_22_22_52_690.jpg,D:\ML Projects\Deep Learning\Self Drive\IMG\left_2026_09_12_22_22_52_690.jpg,D:\ML Projects\Deep Learning\Self Drive\IMG\right_2026_09_12_22_22_52_690.jpg,-0.2,0.7347142,0,30.11558
D:\ML Projects\Deep Learning\Self Drive\IMG\center_2026_09_12_22_22_52_776.jpg,D:\ML Projects\Deep Learning\Self Drive\IMG\left_2026_09_12_22_22_52_776.jpg,D:\ML Projects\Deep Learning\Self Drive\IMG\right_2026_09_12_22_22_52_776.jpg,-0.45,0.9857634,0,30.14689
D:\ML Projects\Deep Learning\Self Drive\IMG\center_2026_09_12_22_22_52_875.jpg,D:\ML Projects\Deep Learning\Self Drive\IMG\left_2026_09_12_22_22_52_875.jpg,D:\ML Projects\Deep Learning\Self Drive\IMG\right_2026_09_12_22_22_52_875.jpg,0,1,0,30.18871
D:\ML Projects\Deep Learning\Self Drive\IMG\center_2026_09_12_22_22_52_955.jpg,D:\ML Projects\Deep Learning\Self Drive\IMG\left_2026_09_12_22_22_52_955.jpg,D:\ML Projects\Deep Learning\Self Drive\IMG\right_2026_09_12_22_22_52_955.jpg,0,1,0,30.19003
D:\ML Projects\Deep Learning\Self Drive\IMG\center_2026_09_12_22_22_53_036.jpg,D:\ML Projects\Deep Learning\Self Drive\IMG\left_2026_09_12_22_22_53_036.jpg,D:\ML Projects\Deep Learning\Self Drive\IMG\right_2026_09_12_22_22_53_036.jpg,0,1,0,30.19024
D:\ML Projects\Deep Learning\Self Drive\IMG\center_2026_09_12_22_22_53_128.jpg,D:\ML Projects\Deep Learning\Self Drive\IMG\left_2026_09_12_22_22_53_128.jpg,D:\ML Projects\Deep Learning\Self Drive\IMG\right_2026_09_12_22_22_53_128.jpg,0,1,0,30.1903
D:\ML Projects\Deep Learning\Self Drive\IMG\center_2026_09_12_22_22_53_210.jpg,D:\ML Projects\Deep Learning\Self Drive\IMG\left_2026_09_12_22_22_53_210.jpg,D:\ML Projects\Deep Learning\Self Drive\IMG\right_2026_09_12_22_22_53_210.jpg,0,1,0,30.19029
D:\ML Projects\Deep Learning\Self Drive\IMG\center_2026_09_12_22_22_53_286.jpg,D:\ML Projects\Deep Learning\Self Drive\IMG\left_2026_09_12_22_22_53_286.jpg,D:\ML Projects\Deep Learning\Self Drive\IMG\right_2026_09_12_22_22_53_286.jpg,0,1,0,30.19029
D:\ML Projects\Deep Learning\Self Drive\IMG\center_2026_09_12_22_22_53_367.jpg,D:\ML Projects\Deep Learning\Self Drive\IMG\left_2026_09_12_22_22_53_367.jpg,D:\ML Projects\Deep Learning\Self Drive\IMG\right_2026_09_12_22_22_53_367.jpg,0,1,0,30.1903
D:\ML Projects\Deep Learning\Self Drive\IMG\center_2026_09_12_22_22_53_450.jpg,D:\ML Projects\Deep Learning\Self Drive\IMG\left_2026_09_12_22_22_53_450.jpg,D:\ML Projects\Deep Learning\Self Drive\IMG\right_2026_09_12_22_22_53_450.jpg,0,1,0,30.19031
D:\ML Projects\Deep Learning\Self Drive\IMG\center_2026_09_12_22_22_53_530.jpg,D:\ML Projects\Deep Learning\Self Drive\IMG\left_2026_09_12_22_22_53_530.jpg,D:\ML Projects\Deep Learning\Self Drive\IMG\right_2026_09_12_22_22_53_530.jpg,0.2,1,0,30.17986
D:\ML Projects\Deep Learning\Self Drive\IMG\center_2026_09_12_22_22_53_611.jpg,D:\ML Projects\Deep Learning\Self Drive\IMG\left_2026_09_12_22_22_53_611.jpg,D:\ML Projects\Deep Learning\Self Drive\IMG\right_2026_09_12_22_22_53_611.jpg,0,1,0,30.19029
D:\ML Projects\Deep Learning\Self Drive\IMG\center_2026_09_12_22_22_53_686.jpg,D:\ML Projects\Deep Learning\Self Drive\IMG\left_2026_09_12_22_22_53_686.jpg,D:\ML Projects\Deep Learning\Self Drive\IMG\right_2026_09_12_22_22_53_686.jpg,0,1,0,30.19026
D:\ML Projects\Deep Learning\Self Drive\IMG\center_2026_09_12_22_22_53_766.jpg,D:\ML Projects\Deep Learning\Self Drive\IMG\left_2026_09_12_22_22_53_766.jpg,D:\ML Projects\Deep Learning\Self Drive\IMG\right_2026_09_12_22_22_53_766.jpg,0,1,0,30.1903
D:\ML Projects\Deep Learning\Self Drive\IMG\center_2026_09_12_22_22_53_847.jpg,D:\ML Projects\Deep Learning\Self Drive\IMG\left_2026_09_12_22_22_53_847.jpg,D:\ML Projects\Deep Learning\Self Drive\IMG\right_2026_09_12_22_22_53_847.jpg,0,1,0,30.1903
D:\ML Projects\Deep Learning\Self Drive\IMG\center_2026_09_12_22_22_53_940.jpg,D:\ML Projects\Deep Learning\Self Drive\IMG\left_2026_09_12_22_22_53_940.jpg,D:\ML Projects\Deep Learning\Self Drive\IMG\right_2026_09_12_22_22_53_940.jpg,0,1,0,30.19026
D:\ML Projects\Deep Learning\Self Drive\IMG\center_2026_09_12_22_22_54_022.jpg,D:\ML Projects\Deep Learning\Self Drive\IMG\left_2026_09_12_22_22_54_022.jpg,D:\ML Projects\Deep Learning\Self Drive\IMG\right_2026_09_12_22_22_54_022.jpg,-0.2,1,0,30.17975
D:\ML Projects\Deep Learning\Self Drive\IMG\center_2026_09_12_22_22_54_112.jpg,D:\ML Projects\Deep Learning\Self Drive\IMG\left_2026_09_12_22_22_54_112.jpg,D:\ML Projects\Deep Learning\Self Drive\IMG\right_2026_09_12_22_22_54_112.jpg,0,1,0,30.19021
D:\ML Projects\Deep Learning\Self Drive\IMG\center_2026_09_12_22_22_54_186.jpg,D:\ML Projects\Deep Learning\Self Drive\IMG\left_2026_09_12_22_22_54_186.jpg,D:\ML Projects\Deep Learning\Self Drive\IMG\right_2026_09_12_22_22_54_186.jpg,0,1,0,30.19027
D:\ML Projects\Deep Learning\Self Drive\IMG\center_2026_09_12_22_22_54_260.jpg,D:\ML Projects\Deep Learning\Self Drive\IMG\left_2026_09_12_22_22_54_260.jpg,D:\ML Projects\Deep Learning\Self Drive\IMG\right_2026_09_12_22_22_54_260.jpg,0,1,0,30.19027
D:\ML Projects\Deep Learning\Self Drive\IMG\center_2026_09_12_22_22_54_333.jpg,D:\ML Projects\Deep Learning\Self Drive\IMG\left_2026_09_12_22_22_54_333.jpg,D:\ML Projects\Deep Learning\Self Drive\IMG\right_2026_09_12_22_22_54_333.jpg,0,1,0,30.19011
D:\ML Projects\Deep Learning\Self Drive\IMG\center_2026_09_12_22_22_54_406.jpg,D:\ML Projects\Deep Learning\Self Drive\IMG\left_2026_09_12_22_22_54_406.jpg,D:\ML Projects\Deep Learning\Self Drive\IMG\right_2026_09_12_22_22_54_406.jpg,0,1,0,30.19018
D:\ML Projects\Deep Learning\Self Drive\IMG\center_2026_09_12_22_22_54_479.jpg,D:\ML Projects\Deep Learning\Self Drive\IMG\left_2026_09_12_22_22_54_479.jpg,D:\ML Projects\Deep Learning\Self Drive\IMG\right_2026_09_12_22_22_54_479.jpg,0,1,0,30.19019
D:\ML Projects\Deep Learning\Self Drive\IMG\center_2026_09_12_22_22_54_558.jpg,D:\ML Projects\Deep Learning\Self Drive\IMG\left_2026_09_12_22_22_54_558.jpg,D:\ML Projects\Deep Learning\Self Drive\IMG\right_2026_09_12_22_22_54_558.jpg,0,1,0,30.19026
D:\ML Projects\Deep Learning\Self Drive\IMG\center_2026_09_12_22_22_54_639.jpg,D:\ML Projects\Deep Learning\Self Drive\IMG\left_2026_09_12_22_22_54_639.jpg,D:\ML Projects\Deep Learning\Self Drive\IMG\right_2026_09_12_22_22_54_639.jpg,0,1,0,30.19014
D:\ML Projects\Deep Learning\Self Drive\IMG\center_2026_09_12_22_22_54_712.jpg,D:\ML Projects\Deep Learning\Self Drive\IMG\left_2026_09_12_22_22_54_712.jpg,D:\ML Projects\Deep Learning\Self Drive\IMG\right_2026_09_12_22_22_54_712.jpg,0,1,0,30.19022
D:\ML Projects\Deep Learning\Self Drive\IMG\center_2026_09_12_22_22_54_794.jpg,D:\ML Projects\Deep Learning\Self Drive\IMG\left_2026_09_12_22_22_54_794.jpg,D:\ML Projects\Deep Learning\Self Drive\IMG\right_2026_09_12_22_22_54_794.jpg,0,1,0,30.1902
D:\ML Projects\Deep Learning\Self Drive\IMG\center_2026_09_12_22_22_54_885.jpg,D:\ML Projects\Deep Learning\Self Drive\IMG\left_2026_09_12_22_22_54_885.jpg,D:\ML Projects\Deep Learning\Self Drive\IMG\right_2026_09_12_22_22_54_885.jpg,0,1,0,30.1902
D:\ML Projects\Deep Learning\Self Drive\IMG\center_2026_09_12_22_22_54_961.jpg,D:\ML Projects\Deep Learning\Self Drive\IMG\left_2026_09_12_22_22_54_961.jpg,D:\ML Projects\Deep Learning\Self Drive\IMG\right_2026_09_12_22_22_54_961.jpg,0.2,1,0,30.1801
D:\ML Projects\Deep Learning\Self Drive\IMG\center_2026_09_12_22_22_55_041.jpg,D:\ML Projects\Deep Learning\Self Drive\IMG\left_2026_09_12_22_22_55_041.jpg,D:\ML Projects\Deep Learning\Self Drive\IMG\right_2026_09_12_22_22_55_041.jpg,0,1,0,30.19017
D:\ML Projects\Deep Learning\Self Drive\IMG\center_2026_09_12_22_22_55_130.jpg,D:\ML Projects\Deep Learning\Self Drive\IMG\left_2026_09_12_22_22_55_130.jpg,D:\ML Projects\Deep Learning\Self Drive\IMG\right_2026_09_12_22_22_55_130.jpg,0,1,0,30.19022
D:\ML Projects\Deep Learning\Self Drive\IMG\center_2026_09_12_22_22_55_212.jpg,D:\ML Projects\Deep Learning\Self Drive\IMG\left_2026_09_12_22_22_55_212.jpg,D:\ML Projects\Deep Learning\Self Drive\IMG\right_2026_09_12_22_22_55_212.jpg,0,1,0,30.19025
D:\ML Projects\Deep Learning\Self Drive\IMG\center_2026_09_12_22_22_55_299.jpg,D:\ML Projects\Deep Learning\Self Drive\IMG\left_2026_09_12_22_22_55_299.jpg,D:\ML Projects\Deep Learning\Self Drive\IMG\right_2026_09_12_22_22_55_299.jpg,0,1,0,30.1905
D:\ML Projects\Deep Learning\Self Drive\IMG\center_2026_09_12_22_22_55_383.jpg,D:\ML Projects\Deep Learning\Self Drive\IMG\left_2026_09_12_22_22_55_383.jpg,D:\ML Projects\Deep Learning\Self Drive\IMG\right_2026_09_12_22_22_55_383.jpg,0,1,0,30.19043
D:\ML Projects\Deep Learning\Self Drive\IMG\center_2026_09_12_22_22_55_467.jpg,D:\ML Projects\Deep Learning\Self Drive\IMG\left_2026_09_12_22_22_55_467.jpg,D:\ML Projects\Deep Learning\Self Drive\IMG\right_2026_09_12_22_22_55_467.jpg,0,1,0,30.19023
D:\ML Projects\Deep Learning\Self Drive\IMG\center_2026_09_12_22_22_55_556.jpg,D:\ML Projects\Deep Learning\Self Drive\IMG\left_2026_09_12_22_22_55_556.jpg,D:\ML Projects\Deep Learning\Self Drive\IMG\right_2026_09_12_22_22_55_556.jpg,-0.25,1,0,30.17448
D:\ML Projects\Deep Learning\Self Drive\IMG\center_2026_09_12_22_22_55_640.jpg,D:\ML Projects\Deep Learning\Self Drive\IMG\left_2026_09_12_22_22_55_640.jpg,D:\ML Projects\Deep Learning\Self Drive\IMG\right_2026_09_12_22_22_55_640.jpg,0,1,0,30.19032
D:\ML Projects\Deep Learning\Self Drive\IMG\center_2026_09_12_22_22_55_722.jpg,D:\ML Projects\Deep Learning\Self Drive\IMG\left_2026_09_12_22_22_55_722.jpg,D:\ML Projects\Deep Learning\Self Drive\IMG\right_2026_09_12_22_22_55_722.jpg,0,1,0,30.19031
D:\ML Projects\Deep Learning\Self Drive\IMG\center_2026_09_12_22_22_55_817.jpg,D:\ML Projects\Deep Learning\Self Drive\IMG\left_2026_09_12_22_22_55_817.jpg,D:\ML Projects\Deep Learning\Self Drive\IMG\right_2026_09_12_22_22_55_817.jpg,0,1,0,30.19041
D:\ML Projects\Deep Learning\Self Drive\IMG\center_2026_09_12_22_22_55_904.jpg,D:\ML Projects\Deep Learning\Self Drive\IMG\left_2026_09_12_22_22_55_904.jpg,D:\ML Projects\Deep Learning\Self Drive\IMG\right_2026_09_12_22_22_55_904.jpg,0,1,0,30.19025
D:\ML Projects\Deep Learning\Self Drive\IMG\center_2026_09_12_22_22_55_973.jpg,D:\ML Projects\Deep Learning\Self Drive\IMG\left_2026_09_12_22_22_55_973.jpg,D:\ML Projects\Deep Learning\Self Drive\IMG\right_2026_09_12_22_22_55_973.jpg,0,1,0,30.1903
D:\ML Projects\Deep Learning\Self Drive\IMG\center_2026_09_12_22_22_56_108.jpg,D:\ML Projects\Deep Learning\Self Drive\IMG\left_2026_09_12_22_22_56_108.jpg,D:\ML Projects\Deep Learning\Self Drive\IMG\right_2026_09_12_22_22_56_108.jpg,0,1,0,30.18975
D:\ML Projects\Deep Learning\Self Drive\IMG\center_2026_09_12_22_22_56_243.jpg,D:\ML Projects\Deep Learning\Self Drive\IMG\left_2026_09_12_22_22_56_243.jpg,D:\ML Projects\Deep Learning\Self Drive\IMG\right_2026_09_12_22_22_56_243.jpg,0,1,0,30.19032
D:\ML Projects\Deep Learning\Self Drive\IMG\center_2026_09_12_22_22_56_311.jpg,D:\ML Projects\Deep Learning\Self Drive\IMG\left_2026_09_12_22_22_56_311.jpg,D:\ML Projects\Deep Learning\Self Drive\IMG\right_2026_09_12_22_22_56_311.jpg,0,1,0,30.19031
D:\ML Projects\Deep Learning\Self Drive\IMG\center_2026_09_12_22_22_56_379.jpg,D:\ML Projects\Deep Learning\Self Drive\IMG\left_2026_09_12_22_22_56_379.jpg,D:\ML Projects\Deep Learning\Self Drive\IMG\right_2026_09_12_22_22_56_379.jpg,0,1,0,30.19023
D:\ML Projects\Deep Learning\Self Drive\IMG\center_2026_09_12_22_22_56_511.jpg,D:\ML Projects\Deep Learning\Self Drive\IMG\left_2026_09_12_22_22_56_511.jpg,D:\ML Projects\Deep Learning\Self Drive\IMG\right_2026_09_12_22_22_56_511.jpg,0,1,0,30.19024
D:\ML Projects\Deep Learning\Self Drive\IMG\center_2026_09_12_22_22_56_581.jpg,D:\ML Projects\Deep Learning\Self Drive\IMG\left_2026_09_12_22_22_56_581.jpg,D:\ML Projects\Deep Learning\Self Drive\IMG\right_2026_09_12_22_22_56_581.jpg,0,1,0,30.19057
D:\ML Projects\Deep Learning\Self Drive\IMG\center_2026_09_12_22_22_56_653.jpg,D:\ML Projects\Deep Learning\Self Drive\IMG\left_2026_09_12_22_22_56_653.jpg,D:\ML Projects\Deep Learning\Self Drive\IMG\right_2026_09_12_22_22_56_653.jpg,0,1,0,30.19057
D:\ML Projects\Deep Learning\Self Drive\IMG\center_2026_09_12_22_22_56_810.jpg,D:\ML Projects\Deep Learning\Self Drive\IMG\left_2026_09_12_22_22_56_810.jpg,D:\ML Projects\Deep Learning\Self Drive\IMG\right_2026_09_12_22_22_56_810.jpg,0,1,0,30.19062
D:\ML Projects\Deep Learning\Self Drive\IMG\center_2026_09_12_22_22_56_915.jpg,D:\ML Projects\Deep Learning\Self Drive\IMG\left_2026_09_12_22_22_56_915.jpg,D:\ML Projects\Deep Learning\Self Drive\IMG\right_2026_09_12_22_22_56_915.jpg,0,1,0,30.19018
D:\ML Projects\Deep Learning\Self Drive\IMG\center_2026_09_12_22_22_56_990.jpg,D:\ML Projects\Deep Learning\Self Drive\IMG\left_2026_09_12_22_22_56_990.jpg,D:\ML Projects\Deep Learning\Self Drive\IMG\right_2026_09_12_22_22_56_990.jpg,0,1,0,30.19023
D:\ML Projects\Deep Learning\Self Drive\IMG\center_2026_09_12_22_22_57_062.jpg,D:\ML Projects\Deep Learning\Self Drive\IMG\left_2026_09_12_22_22_57_062.jpg,D:\ML Projects\Deep Learning\Self Drive\IMG\right_2026_09_12_22_22_57_062.jpg,0,1,0,30.19031
D:\ML Projects\Deep Learning\Self Drive\IMG\center_2026_09_12_22_22_57_149.jpg,D:\ML Projects\Deep Learning\Self Drive\IMG\left_2026_09_12_22_22_57_149.jpg,D:\ML Projects\Deep Learning\Self Drive\IMG\right_2026_09_12_22_22_57_149.jpg,0,1,0,30.19031
D:\ML Projects\Deep Learning\Self Drive\IMG\center_2026_09_12_22_22_57_246.jpg,D:\ML Projects\Deep Learning\Self Drive\IMG\left_2026_09_12_22_22_57_246.jpg,D:\ML Projects\Deep Learning\Self Drive\IMG\right_2026_09_12_22_22_57_246.jpg,0,1,0,30.19029
D:\ML Projects\Deep Learning\Self Drive\IMG\center_2026_09_12_22_22_57_345.jpg,D:\ML Projects\Deep Learning\Self Drive\IMG\left_2026_09_12_22_22_57_345.jpg,D:\ML Projects\Deep Learning\Self Drive\IMG\right_2026_09_12_22_22_57_345.jpg,0,1,0,30.1903
D:\ML Projects\Deep Learning\Self Drive\IMG\center_2026_09_12_22_22_57_448.jpg,D:\ML Projects\Deep Learning\Self Drive\IMG\left_2026_09_12_22_22_57_448.jpg,D:\ML Projects\Deep Learning\Self Drive\IMG\right_2026_09_12_22_22_57_448.jpg,-0.25,1,0,30.17477
D:\ML Projects\Deep Learning\Self Drive\IMG\center_2026_09_12_22_22_57_539.jpg,D:\ML Projects\Deep Learning\Self Drive\IMG\left_2026_09_12_22_22_57_539.jpg,D:\ML Projects\Deep Learning\Self Drive\IMG\right_2026_09_12_22_22_57_539.jpg,0,1,0,30.18999
D:\ML Projects\Deep Learning\Self Drive\IMG\center_2026_09_12_22_22_57_640.jpg,D:\ML Projects\Deep Learning\Self Drive\IMG\left_2026_09_12_22_22_57_640.jpg,D:\ML Projects\Deep Learning\Self Drive\IMG\right_2026_09_12_22_22_57_640.jpg,0,1,0,30.19025
D:\ML Projects\Deep Learning\Self Drive\IMG\center_2026_09_12_22_22_57_739.jpg,D:\ML Projects\Deep Learning\Self Drive\IMG\left_2026_09_12_22_22_57_739.jpg,D:\ML Projects\Deep Learning\Self Drive\IMG\right_2026_09_12_22_22_57_739.jpg,0,1,0,30.19029
D:\ML Projects\Deep Learning\Self Drive\IMG\center_2026_09_12_22_22_57_841.jpg,D:\ML Projects\Deep Learning\Self Drive\IMG\left_2026_09_12_22_22_57_841.jpg,D:\ML Projects\Deep Learning\Self Drive\IMG\right_2026_09_12_22_22_57_841.jpg,0,1,0,30.19049
D:\ML Projects\Deep Learning\Self Drive\IMG\center_2026_09_12_22_22_57_948.jpg,D:\ML Projects\Deep Learning\Self Drive\IMG\left_2026_09_12_22_22_57_948.jpg,D:\ML Projects\Deep Learning\Self Drive\IMG\right_2026_09_12_22_22_57_948.jpg,0,1,0,30.19031
D:\ML Projects\Deep Learning\Self Drive\IMG\center_2026_09_12_22_22_58_051.jpg,D:\ML Projects\Deep Learning\Self Drive\IMG\left_2026_09_12_22_22_58_051.jpg,D:\ML Projects\Deep Learning\Self Drive\IMG\right_2026_09_12_22_22_58_051.jpg,-0.25,1,0,30.175
D:\ML Projects\Deep Learning\Self Drive\IMG\center_2026_09_12_22_22_58_151.jpg,D:\ML Projects\Deep Learning\Self Drive\IMG\left_2026_09_12_22_22_58_151.jpg,D:\ML Projects\Deep Learning\Self Drive\IMG\right_2026_09_12_22_22_58_151.jpg,0,1,0,30.19001
D:\ML Projects\Deep Learning\Self Drive\IMG\center_2026_09_12_22_22_58_237.jpg,D:\ML Projects\Deep Learning\Self Drive\IMG\left_2026_09_12_22_22_58_237.jpg,D:\ML Projects\Deep Learning\Self Drive\IMG\right_2026_09_12_22_22_58_237.jpg,0,1,0,30.19029
D:\ML Projects\Deep Learning\Self Drive\IMG\center_2026_09_12_22_22_58_319.jpg,D:\ML Projects\Deep Learning\Self Drive\IMG\left_2026_09_12_22_22_58_319.jpg,D:\ML Projects\Deep Learning\Self Drive\IMG\right_2026_09_12_22_22_58_319.jpg,0,1,0,30.19031
D:\ML Projects\Deep Learning\Self Drive\IMG\center_2026_09_12_22_22_58_409.jpg,D:\ML Projects\Deep Learning\Self Drive\IMG\left_2026_09_12_22_22_58_409.jpg,D:\ML Projects\Deep Learning\Self Drive\IMG\right_2026_09_12_22_22_58_409.jpg,0,0.7233826,0,30.11657
D:\ML Projects\Deep Learning\Self Drive\IMG\center_2026_09_12_22_22_58_502.jpg,D:\ML Projects\Deep Learning\Self Drive\IMG\left_2026_09_12_22_22_58_502.jpg,D:\ML Projects\Deep Learning\Self Drive\IMG\right_2026_09_12_22_22_58_502.jpg,0,0.4479388,0,30.05284
D:\ML Projects\Deep Learning\Self Drive\IMG\center_2026_09_12_22_22_58_626.jpg,D:\ML Projects\Deep Learning\Self Drive\IMG\left_2026_09_12_22_22_58_626.jpg,D:\ML Projects\Deep Learning\Self Drive\IMG\right_2026_09_12_22_22_58_626.jpg,0,0.07444119,0,29.90425
D:\ML Projects\Deep Learning\Self Drive\IMG\center_2026_09_12_22_22_58_752.jpg,D:\ML Projects\Deep Learning\Self Drive\IMG\left_2026_09_12_22_22_58_752.jpg,D:\ML Projects\Deep Learning\Self Drive\IMG\right_2026_09_12_22_22_58_752.jpg,-0.3,0,0,29.50235
D:\ML Projects\Deep Learning\Self Drive\IMG\center_2026_09_12_22_22_58_870.jpg,D:\ML Projects\Deep Learning\Self Drive\IMG\left_2026_09_12_22_22_58_870.jpg,D:\ML Projects\Deep Learning\Self Drive\IMG\right_2026_09_12_22_22_58_870.jpg,0,0,0,29.14098
D:\ML Projects\Deep Learning\Self Drive\IMG\center_2026_09_12_22_22_58_940.jpg,D:\ML Projects\Deep Learning\Self Drive\IMG\left_2026_09_12_22_22_58_940.jpg,D:\ML Projects\Deep Learning\Self Drive\IMG\right_2026_09_12_22_22_58_940.jpg,0,0,0,28.90614
D:\ML Projects\Deep Learning\Self Drive\IMG\center_2026_09_12_22_22_59_088.jpg,D:\ML Projects\Deep Learning\Self Drive\IMG\left_2026_09_12_22_22_59_088.jpg,D:\ML Projects\Deep Learning\Self Drive\IMG\right_2026_09_12_22_22_59_088.jpg,0,0,0,28.50049
D:\ML Projects\Deep Learning\Self Drive\IMG\center_2026_09_12_22_22_59_167.jpg,D:\ML Projects\Deep Learning\Self Drive\IMG\left_2026_09_12_22_22_59_167.jpg,D:\ML Projects\Deep Learning\Self Drive\IMG\right_2026_09_12_22_22_59_167.jpg,0,0,0,28.27131
D:\ML Projects\Deep Learning\Self Drive\IMG\center_2026_09_12_22_22_59_246.jpg,D:\ML Projects\Deep Learning\Self Drive\IMG\left_2026_09_12_22_22_59_246.jpg,D:\ML Projects\Deep Learning\Self Drive\IMG\right_2026_09_12_22_22_59_246.jpg,0,0,0,28.04397
D:\ML Projects\Deep Learning\Self Drive\IMG\center_2026_09_12_22_22_59_326.jpg,D:\ML Projects\Deep Learning\Self Drive\IMG\left_2026_09_12_22_22_59_326.jpg,D:\ML Projects\Deep Learning\Self Drive\IMG\right_2026_09_12_22_22_59_326.jpg,0,0,0,27.81849
D:\ML Projects\Deep Learning\Self Drive\IMG\center_2026_09_12_22_22_59_405.jpg,D:\ML Projects\Deep Learning\Self Drive\IMG\left_2026_09_12_22_22_59_405.jpg,D:\ML Projects\Deep Learning\Self Drive\IMG\right_2026_09_12_22_22_59_405.jpg,0,0,0,27.5948
D:\ML Projects\Deep Learning\Self Drive\IMG\center_2026_09_12_22_22_59_486.jpg,D:\ML Projects\Deep Learning\Self Drive\IMG\left_2026_09_12_22_22_59_486.jpg,D:\ML Projects\Deep Learning\Self Drive\IMG\right_2026_09_12_22_22_59_486.jpg,-0.2,0.2409366,0,27.55149
D:\ML Projects\Deep Learning\Self Drive\IMG\center_2026_09_12_22_22_59_561.jpg,D:\ML Projects\Deep Learning\Self Drive\IMG\left_2026_09_12_22_22_59_561.jpg,D:\ML Projects\Deep Learning\Self Drive\IMG\right_2026_09_12_22_22_59_561.jpg,-0.4,0.4669596,0,27.65949
D:\ML Projects\Deep Learning\Self Drive\IMG\center_2026_09_12_22_22_59_638.jpg,D:\ML Projects\Deep Learning\Self Drive\IMG\left_2026_09_12_22_22_59_638.jpg,D:\ML Projects\Deep Learning\Self Drive\IMG\right_2026_09_12_22_22_59_638.jpg,0,0.6962445,0,28.06144
D:\ML Projects\Deep Learning\Self Drive\IMG\center_2026_09_12_22_22_59_716.jpg,D:\ML Projects\Deep Learning\Self Drive\IMG\left_2026_09_12_22_22_59_716.jpg,D:\ML Projects\Deep Learning\Self Drive\IMG\right_2026_09_12_22_22_59_716.jpg,0,0.9293295,0,28.6916
D:\ML Projects\Deep Learning\Self Drive\IMG\center_2026_09_12_22_22_59_787.jpg,D:\ML Projects\Deep Learning\Self Drive\IMG\left_2026_09_12_22_22_59_787.jpg,D:\ML Projects\Deep Learning\Self Drive\IMG\right_2026_09_12_22_22_59_787.jpg,0,1,0,29.22832
D:\ML Projects\Deep Learning\Self Drive\IMG\center_2026_09_12_22_22_59_867.jpg,D:\ML Projects\Deep Learning\Self Drive\IMG\left_2026_09_12_22_22_59_867.jpg,D:\ML Projects\Deep Learning\Self Drive\IMG\right_2026_09_12_22_22_59_867.jpg,-0.2,1,0,29.94687
D:\ML Projects\Deep Learning\Self Drive\IMG\center_2026_09_12_22_22_59_952.jpg,D:\ML Projects\Deep Learning\Self Drive\IMG\left_2026_09_12_22_22_59_952.jpg,D:\ML Projects\Deep Learning\Self Drive\IMG\right_2026_09_12_22_22_59_952.jpg,0,1,0,30.19018
D:\ML Projects\Deep Learning\Self Drive\IMG\center_2026_09_12_22_23_00_021.jpg,D:\ML Projects\Deep Learning\Self Drive\IMG\left_2026_09_12_22_23_00_021.jpg,D:\ML Projects\Deep Learning\Self Drive\IMG\right_2026_09_12_22_23_00_021.jpg,0,1,0,30.1902
D:\ML Projects\Deep Learning\Self Drive\IMG\center_2026_09_12_22_23_00_114.jpg,D:\ML Projects\Deep Learning\Self Drive\IMG\left_2026_09_12_22_23_00_114.jpg,D:\ML Projects\Deep Learning\Self Drive\IMG\right_2026_09_12_22_23_00_114.jpg,0,1,0,30.19024
D:\ML Projects\Deep Learning\Self Drive\IMG\center_2026_09_12_22_23_00_186.jpg,D:\ML Projects\Deep Learning\Self Drive\IMG\left_2026_09_12_22_23_00_186.jpg,D:\ML Projects\Deep Learning\Self Drive\IMG\right_2026_09_12_22_23_00_186.jpg,0,1,0,30.19028
D:\ML Projects\Deep Learning\Self Drive\IMG\center_2026_09_12_22_23_00_258.jpg,D:\ML Projects\Deep Learning\Self Drive\IMG\left_2026_09_12_22_23_00_258.jpg,D:\ML Projects\Deep Learning\Self Drive\IMG\right_2026_09_12_22_23_00_258.jpg,0,1,0,30.19022
D:\ML Projects\Deep Learning\Self Drive\IMG\center_2026_09_12_22_23_00_333.jpg,D:\ML Projects\Deep Learning\Self Drive\IMG\left_2026_09_12_22_23_00_333.jpg,D:\ML Projects\Deep Learning\Self Drive\IMG\right_2026_09_12_22_23_00_333.jpg,0,1,0,30.19031
D:\ML Projects\Deep Learning\Self Drive\IMG\center_2026_09_12_22_23_00_412.jpg,D:\ML Projects\Deep Learning\Self Drive\IMG\left_2026_09_12_22_23_00_412.jpg,D:\ML Projects\Deep Learning\Self Drive\IMG\right_2026_09_12_22_23_00_412.jpg,0,1,0,30.19033
D:\ML Projects\Deep Learning\Self Drive\IMG\center_2026_09_12_22_23_00_489.jpg,D:\ML Projects\Deep Learning\Self Drive\IMG\left_2026_09_12_22_23_00_489.jpg,D:\ML Projects\Deep Learning\Self Drive\IMG\right_2026_09_12_22_23_00_489.jpg,0,1,0,30.19012
D:\ML Projects\Deep Learning\Self Drive\IMG\center_2026_09_12_22_23_00_570.jpg,D:\ML Projects\Deep Learning\Self Drive\IMG\left_2026_09_12_22_23_00_570.jpg,D:\ML Projects\Deep Learning\Self Drive\IMG\right_2026_09_12_22_23_00_570.jpg,0,1,0,30.19031
D:\ML Projects\Deep Learning\Self Drive\IMG\center_2026_09_12_22_23_00_650.jpg,D:\ML Projects\Deep Learning\Self Drive\IMG\left_2026_09_12_22_23_00_650.jpg,D:\ML Projects\Deep Learning\Self Drive\IMG\right_2026_09_12_22_23_00_650.jpg,-0.2,1,0,30.17986
D:\ML Projects\Deep Learning\Self Drive\IMG\center_2026_09_12_22_23_00_725.jpg,D:\ML Projects\Deep Learning\Self Drive\IMG\left_2026_09_12_22_23_00_725.jpg,D:\ML Projects\Deep Learning\Self Drive\IMG\right_2026_09_12_22_23_00_725.jpg,-0.4,1,0,30.1575
D:\ML Projects\Deep Learning\Self Drive\IMG\center_2026_09_12_22_23_00_805.jpg,D:\ML Projects\Deep Learning\Self Drive\IMG\left_2026_09_12_22_23_00_805.jpg,D:\ML Projects\Deep Learning\Self Drive\IMG\right_2026_09_12_22_23_00_805.jpg,0,1,0,30.18896
D:\ML Projects\Deep Learning\Self Drive\IMG\center_2026_09_12_22_23_00_894.jpg,D:\ML Projects\Deep Learning\Self Drive\IMG\left_2026_09_12_22_23_00_894.jpg,D:\ML Projects\Deep Learning\Self Drive\IMG\right_2026_09_12_22_23_00_894.jpg,0,1,0,30.18999
D:\ML Projects\Deep Learning\Self Drive\IMG\center_2026_09_12_22_23_00_971.jpg,D:\ML Projects\Deep Learning\Self Drive\IMG\left_2026_09_12_22_23_00_971.jpg,D:\ML Projects\Deep Learning\Self Drive\IMG\right_2026_09_12_22_23_00_971.jpg,0,1,0,30.19018
D:\ML Projects\Deep Learning\Self Drive\IMG\center_2026_09_12_22_23_01_050.jpg,D:\ML Projects\Deep Learning\Self Drive\IMG\left_2026_09_12_22_23_01_050.jpg,D:\ML Projects\Deep Learning\Self Drive\IMG\right_2026_09_12_22_23_01_050.jpg,0,1,0,30.19034
D:\ML Projects\Deep Learning\Self Drive\IMG\center_2026_09_12_22_23_01_138.jpg,D:\ML Projects\Deep Learning\Self Drive\IMG\left_2026_09_12_22_23_01_138.jpg,D:\ML Projects\Deep Learning\Self Drive\IMG\right_2026_09_12_22_23_01_138.jpg,0,1,0,30.1903
D:\ML Projects\Deep Learning\Self Drive\IMG\center_2026_09_12_22_23_01_212.jpg,D:\ML Projects\Deep Learning\Self Drive\IMG\left_2026_09_12_22_23_01_212.jpg,D:\ML Projects\Deep Learning\Self Drive\IMG\right_2026_09_12_22_23_01_212.jpg,-0.15,1,0,30.18447
D:\ML Projects\Deep Learning\Self Drive\IMG\center_2026_09_12_22_23_01_291.jpg,D:\ML Projects\Deep Learning\Self Drive\IMG\left_2026_09_12_22_23_01_291.jpg,D:\ML Projects\Deep Learning\Self Drive\IMG\right_2026_09_12_22_23_01_291.jpg,0,1,0,30.1903
D:\ML Projects\Deep Learning\Self Drive\IMG\center_2026_09_12_22_23_01_371.jpg,D:\ML Projects\Deep Learning\Self Drive\IMG\left_2026_09_12_22_23_01_371.jpg,D:\ML Projects\Deep Learning\Self Drive\IMG\right_2026_09_12_22_23_01_371.jpg,0,1,0,30.19028
D:\ML Projects\Deep Learning\Self Drive\IMG\center_2026_09_12_22_23_01_456.jpg,D:\ML Projects\Deep Learning\Self Drive\IMG\left_2026_09_12_22_23_01_456.jpg,D:\ML Projects\Deep Learning\Self Drive\IMG\right_2026_09_12_22_23_01_456.jpg,0,1,0,30.19029
D:\ML Projects\Deep Learning\Self Drive\IMG\center_2026_09_12_22_23_01_534.jpg,D:\ML Projects\Deep Learning\Self Drive\IMG\left_2026_09_12_22_23_01_534.jpg,D:\ML Projects\Deep Learning\Self Drive\IMG\right_2026_09_12_22_23_01_534.jpg,0,1,0,30.19029
D:\ML Projects\Deep Learning\Self Drive\IMG\center_2026_09_12_22_23_01_617.jpg,D:\ML Projects\Deep Learning\Self Drive\IMG\left_2026_09_12_22_23_01_617.jpg,D:\ML Projects\Deep Learning\Self Drive\IMG\right_2026_09_12_22_23_01_617.jpg,0,1,0,30.19035
D:\ML Projects\Deep Learning\Self Drive\IMG\center_2026_09_12_22_23_01_699.jpg,D:\ML Projects\Deep Learning\Self Drive\IMG\left_2026_09_12_22_23_01_699.jpg,D:\ML Projects\Deep Learning\Self Drive\IMG\right_2026_09_12_22_23_01_699.jpg,0,1,0,30.19029
D:\ML Projects\Deep Learning\Self Drive\IMG\center_2026_09_12_22_23_01_775.jpg,D:\ML Projects\Deep Learning\Self Drive\IMG\left_2026_09_12_22_23_01_775.jpg,D:\ML Projects\Deep Learning\Self Drive\IMG\right_2026_09_12_22_23_01_775.jpg,0,1,0,30.19028
D:\ML Projects\Deep Learning\Self Drive\IMG\center_2026_09_12_22_23_01_857.jpg,D:\ML Projects\Deep Learning\Self Drive\IMG\left_2026_09_12_22_23_01_857.jpg,D:\ML Projects\Deep Learning\Self Drive\IMG\right_2026_09_12_22_23_01_857.jpg,0,1,0,30.1903
D:\ML Projects\Deep Learning\Self Drive\IMG\center_2026_09_12_22_23_01_958.jpg,D:\ML Projects\Deep Learning\Self Drive\IMG\left_2026_09_12_22_23_01_958.jpg,D:\ML Projects\Deep Learning\Self Drive\IMG\right_2026_09_12_22_23_01_958.jpg,0,1,0,30.19028
D:\ML Projects\Deep Learning\Self Drive\IMG\center_2026_09_12_22_23_02_040.jpg,D:\ML Projects\Deep Learning\Self Drive\IMG\left_2026_09_12_22_23_02_040.jpg,D:\ML Projects\Deep Learning\Self Drive\IMG\right_2026_09_12_22_23_02_040.jpg,-0.2,1,0,30.17983
D:\ML Projects\Deep Learning\Self Drive\IMG\center_2026_09_12_22_23_02_134.jpg,D:\ML Projects\Deep Learning\Self Drive\IMG\left_2026_09_12_22_23_02_134.jpg,D:\ML Projects\Deep Learning\Self Drive\IMG\right_2026_09_12_22_23_02_134.jpg,-0.4,1,0,30.15755
D:\ML Projects\Deep Learning\Self Drive\IMG\center_2026_09_12_22_23_02_217.jpg,D:\ML Projects\Deep Learning\Self Drive\IMG\left_2026_09_12_22_23_02_217.jpg,D:\ML Projects\Deep Learning\Self Drive\IMG\right_2026_09_12_22_23_02_217.jpg,0,1,0,30.18919
D:\ML Projects\Deep Learning\Self Drive\IMG\center_2026_09_12_22_23_02_296.jpg,D:\ML Projects\Deep Learning\Self Drive\IMG\left_2026_09_12_22_23_02_296.jpg,D:\ML Projects\Deep Learning\Self Drive\IMG\right_2026_09_12_22_23_02_296.jpg,0,1,0,30.19011
D:\ML Projects\Deep Learning\Self Drive\IMG\center_2026_09_12_22_23_02_379.jpg,D:\ML Projects\Deep Learning\Self Drive\IMG\left_2026_09_12_22_23_02_379.jpg,D:\ML Projects\Deep Learning\Self Drive\IMG\right_2026_09_12_22_23_02_379.jpg,0,1,0,30.19029
D:\ML Projects\Deep Learning\Self Drive\IMG\center_2026_09_12_22_23_02_451.jpg,D:\ML Projects\Deep Learning\Self Drive\IMG\left_2026_09_12_22_23_02_451.jpg,D:\ML Projects\Deep Learning\Self Drive\IMG\right_2026_09_12_22_23_02_451.jpg,-0.15,1,0,30.18563
D:\ML Projects\Deep Learning\Self Drive\IMG\center_2026_09_12_22_23_02_521.jpg,D:\ML Projects\Deep Learning\Self Drive\IMG\left_2026_09_12_22_23_02_521.jpg,D:\ML Projects\Deep Learning\Self Drive\IMG\right_2026_09_12_22_23_02_521.jpg,-0.35,1,0,30.16467
D:\ML Projects\Deep Learning\Self Drive\IMG\center_2026_09_12_22_23_02_598.jpg,D:\ML Projects\Deep Learning\Self Drive\IMG\left_2026_09_12_22_23_02_598.jpg,D:\ML Projects\Deep Learning\Self Drive\IMG\right_2026_09_12_22_23_02_598.jpg,0,0.7634653,0,30.12669
D:\ML Projects\Deep Learning\Self Drive\IMG\center_2026_09_12_22_23_02_671.jpg,D:\ML Projects\Deep Learning\Self Drive\IMG\left_2026_09_12_22_23_02_671.jpg,D:\ML Projects\Deep Learning\Self Drive\IMG\right_2026_09_12_22_23_02_671.jpg,0,0.5442181,0,30.08298
D:\ML Projects\Deep Learning\Self Drive\IMG\center_2026_09_12_22_23_02_746.jpg,D:\ML Projects\Deep Learning\Self Drive\IMG\left_2026_09_12_22_23_02_746.jpg,D:\ML Projects\Deep Learning\Self Drive\IMG\right_2026_09_12_22_23_02_746.jpg,0,0.3182041,0,30.01412
D:\ML Projects\Deep Learning\Self Drive\IMG\center_2026_09_12_22_23_02_816.jpg,D:\ML Projects\Deep Learning\Self Drive\IMG\left_2026_09_12_22_23_02_816.jpg,D:\ML Projects\Deep Learning\Self Drive\IMG\right_2026_09_12_22_23_02_816.jpg,0,0.1090207,0,29.88331
D:\ML Projects\Deep Learning\Self Drive\IMG\center_2026_09_12_22_23_02_887.jpg,D:\ML Projects\Deep Learning\Self Drive\IMG\left_2026_09_12_22_23_02_887.jpg,D:\ML Projects\Deep Learning\Self Drive\IMG\right_2026_09_12_22_23_02_887.jpg,0,0,0,29.72491
D:\ML Projects\Deep Learning\Self Drive\IMG\center_2026_09_12_22_23_02_965.jpg,D:\ML Projects\Deep Learning\Self Drive\IMG\left_2026_09_12_22_23_02_965.jpg,D:\ML Projects\Deep Learning\Self Drive\IMG\right_2026_09_12_22_23_02_965.jpg,0,0.2281068,0,29.66652
D:\ML Projects\Deep Learning\Self Drive\IMG\center_2026_09_12_22_23_03_088.jpg,D:\ML Projects\Deep Learning\Self Drive\IMG\left_2026_09_12_22_23_03_088.jpg,D:\ML Projects\Deep Learning\Self Drive\IMG\right_2026_09_12_22_23_03_088.jpg,0,0.6029037,0,29.97473
D:\ML Projects\Deep Learning\Self Drive\IMG\center_2026_09_12_22_23_03_218.jpg,D:\ML Projects\Deep Learning\Self Drive\IMG\left_2026_09_12_22_23_03_218.jpg,D:\ML Projects\Deep Learning\Self Drive\IMG\right_2026_09_12_22_23_03_218.jpg,0,0.9903339,0,30.1834
D:\ML Projects\Deep Learning\Self Drive\IMG\center_2026_09_12_22_23_03_293.jpg,D:\ML Projects\Deep Learning\Self Drive\IMG\left_2026_09_12_22_23_03_293.jpg,D:\ML Projects\Deep Learning\Self Drive\IMG\right_2026_09_12_22_23_03_293.jpg,0,1,0,30.19011
D:\ML Projects\Deep Learning\Self Drive\IMG\center_2026_09_12_22_23_03_364.jpg,D:\ML Projects\Deep Learning\Self Drive\IMG\left_2026_09_12_22_23_03_364.jpg,D:\ML Projects\Deep Learning\Self Drive\IMG\right_2026_09_12_22_23_03_364.jpg,0,1,0,30.19015
D:\ML Projects\Deep Learning\Self Drive\IMG\center_2026_09_12_22_23_03_450.jpg,D:\ML Projects\Deep Learning\Self Drive\IMG\left_2026_09_12_22_23_03_450.jpg,D:\ML Projects\Deep Learning\Self Drive\IMG\right_2026_09_12_22_23_03_450.jpg,-0.2,1,0,30.17975
D:\ML Projects\Deep Learning\Self Drive\IMG\center_2026_09_12_22_23_03_573.jpg,D:\ML Projects\Deep Learning\Self Drive\IMG\left_2026_09_12_22_23_03_573.jpg,D:\ML Projects\Deep Learning\Self Drive\IMG\right_2026_09_12_22_23_03_573.jpg,0,1,0,30.18822
D:\ML Projects\Deep Learning\Self Drive\IMG\center_2026_09_12_22_23_03_694.jpg,D:\ML Projects\Deep Learning\Self Drive\IMG\left_2026_09_12_22_23_03_694.jpg,D:\ML Projects\Deep Learning\Self Drive\IMG\right_2026_09_12_22_23_03_694.jpg,0,1,0,30.1904
D:\ML Projects\Deep Learning\Self Drive\IMG\center_2026_09_12_22_23_03_832.jpg,D:\ML Projects\Deep Learning\Self Drive\IMG\left_2026_09_12_22_23_03_832.jpg,D:\ML Projects\Deep Learning\Self Drive\IMG\right_2026_09_12_22_23_03_832.jpg,0,1,0,30.19025
D:\ML Projects\Deep Learning\Self Drive\IMG\center_2026_09_12_22_23_03_967.jpg,D:\ML Projects\Deep Learning\Self Drive\IMG\left_2026_09_12_22_23_03_967.jpg,D:\ML Projects\Deep Learning\Self Drive\IMG\right_2026_09_12_22_23_03_967.jpg,0,1,0,30.19028
D:\ML Projects\Deep Learning\Self Drive\IMG\center_2026_09_12_22_23_04_102.jpg,D:\ML Projects\Deep Learning\Self Drive\IMG\left_2026_09_12_22_23_04_102.jpg,D:\ML Projects\Deep Learning\Self Drive\IMG\right_2026_09_12_22_23_04_102.jpg,-0.2,1,0,30.17953
D:\ML Projects\Deep Learning\Self Drive\IMG\center_2026_09_12_22_23_04_176.jpg,D:\ML Projects\Deep Learning\Self Drive\IMG\left_2026_09_12_22_23_04_176.jpg,D:\ML Projects\Deep Learning\Self Drive\IMG\right_2026_09_12_22_23_04_176.jpg,-0.4,1,0,30.1569
D:\ML Projects\Deep Learning\Self Drive\IMG\center_2026_09_12_22_23_04_303.jpg,D:\ML Projects\Deep Learning\Self Drive\IMG\left_2026_09_12_22_23_04_303.jpg,D:\ML Projects\Deep Learning\Self Drive\IMG\right_2026_09_12_22_23_04_303.jpg,0,1,0,30.18868
D:\ML Projects\Deep Learning\Self Drive\IMG\center_2026_09_12_22_23_04_435.jpg,D:\ML Projects\Deep Learning\Self Drive\IMG\left_2026_09_12_22_23_04_435.jpg,D:\ML Projects\Deep Learning\Self Drive\IMG\right_2026_09_12_22_23_04_435.jpg,0,1,0,30.1903
D:\ML Projects\Deep Learning\Self Drive\IMG\center_2026_09_12_22_23_04_560.jpg,D:\ML Projects\Deep Learning\Self Drive\IMG\left_2026_09_12_22_23_04_560.jpg,D:\ML Projects\Deep Learning\Self Drive\IMG\right_2026_09_12_22_23_04_560.jpg,0,1,0,30.19089
D:\ML Projects\Deep Learning\Self Drive\IMG\center_2026_09_12_22_23_04_627.jpg,D:\ML Projects\Deep Learning\Self Drive\IMG\left_2026_09_12_22_23_04_627.jpg,D:\ML Projects\Deep Learning\Self Drive\IMG\right_2026_09_12_22_23_04_627.jpg,0,1,0,30.19052
D:\ML Projects\Deep Learning\Self Drive\IMG\center_2026_09_12_22_23_04_761.jpg,D:\ML Projects\Deep Learning\Self Drive\IMG\left_2026_09_12_22_23_04_761.jpg,D:\ML Projects\Deep Learning\Self Drive\IMG\right_2026_09_12_22_23_04_761.jpg,0,1,0,30.19042
D:\ML Projects\Deep Learning\Self Drive\IMG\center_2026_09_12_22_23_04_903.jpg,D:\ML Projects\Deep Learning\Self Drive\IMG\left_2026_09_12_22_23_04_903.jpg,D:\ML Projects\Deep Learning\Self Drive\IMG\right_2026_09_12_22_23_04_903.jpg,0,1,0,30.19039
D:\ML Projects\Deep Learning\Self Drive\IMG\center_2026_09_12_22_23_05_008.jpg,D:\ML Projects\Deep Learning\Self Drive\IMG\left_2026_09_12_22_23_05_008.jpg,D:\ML Projects\Deep Learning\Self Drive\IMG\right_2026_09_12_22_23_05_008.jpg,0,1,0,30.19041
D:\ML Projects\Deep Learning\Self Drive\IMG\center_2026_09_12_22_23_05_118.jpg,D:\ML Projects\Deep Learning\Self Drive\IMG\left_2026_09_12_22_23_05_118.jpg,D:\ML Projects\Deep Learning\Self Drive\IMG\right_2026_09_12_22_23_05_118.jpg,0,1,0,30.18945
D:\ML Projects\Deep Learning\Self Drive\IMG\center_2026_09_12_22_23_05_199.jpg,D:\ML Projects\Deep Learning\Self Drive\IMG\left_2026_09_12_22_23_05_199.jpg,D:\ML Projects\Deep Learning\Self Drive\IMG\right_2026_09_12_22_23_05_199.jpg,0,1,0,30.1923
D:\ML Projects\Deep Learning\Self Drive\IMG\center_2026_09_12_22_23_05_318.jpg,D:\ML Projects\Deep Learning\Self Drive\IMG\left_2026_09_12_22_23_05_318.jpg,D:\ML Projects\Deep Learning\Self Drive\IMG\right_2026_09_12_22_23_05_318.jpg,0,1,0,30.19018
D:\ML Projects\Deep Learning\Self Drive\IMG\center_2026_09_12_22_23_05_432.jpg,D:\ML Projects\Deep Learning\Self Drive\IMG\left_2026_09_12_22_23_05_432.jpg,D:\ML Projects\Deep Learning\Self Drive\IMG\right_2026_09_12_22_23_05_432.jpg,0,1,0,30.19112
D:\ML Projects\Deep Learning\Self Drive\IMG\center_2026_09_12_22_23_05_551.jpg,D:\ML Projects\Deep Learning\Self Drive\IMG\left_2026_09_12_22_23_05_551.jpg,D:\ML Projects\Deep Learning\Self Drive\IMG\right_2026_09_12_22_23_05_551.jpg,-0.15,1,0,30.1844
D:\ML Projects\Deep Learning\Self Drive\IMG\center_2026_09_12_22_23_05_664.jpg,D:\ML Projects\Deep Learning\Self Drive\IMG\left_2026_09_12_22_23_05_664.jpg,D:\ML Projects\Deep Learning\Self Drive\IMG\right_2026_09_12_22_23_05_664.jpg,-0.45,1,0,30.15177
D:\ML Projects\Deep Learning\Self Drive\IMG\center_2026_09_12_22_23_05_782.jpg,D:\ML Projects\Deep Learning\Self Drive\IMG\left_2026_09_12_22_23_05_782.jpg,D:\ML Projects\Deep Learning\Self Drive\IMG\right_2026_09_12_22_23_05_782.jpg,0,0.6441331,0,30.09844
D:\ML Projects\Deep Learning\Self Drive\IMG\center_2026_09_12_22_23_05_876.jpg,D:\ML Projects\Deep Learning\Self Drive\IMG\left_2026_09_12_22_23_05_876.jpg,D:\ML Projects\Deep Learning\Self Drive\IMG\right_2026_09_12_22_23_05_876.jpg,-0.2,0.3783961,0,30.02745
D:\ML Projects\Deep Learning\Self Drive\IMG\center_2026_09_12_22_23_05_976.jpg,D:\ML Projects\Deep Learning\Self Drive\IMG\left_2026_09_12_22_23_05_976.jpg,D:\ML Projects\Deep Learning\Self Drive\IMG\right_2026_09_12_22_23_05_976.jpg,0,0.06716648,0,29.75431
D:\ML Projects\Deep Learning\Self Drive\IMG\center_2026_09_12_22_23_06_113.jpg,D:\ML Projects\Deep Learning\Self Drive\IMG\left_2026_09_12_22_23_06_113.jpg,D:\ML Projects\Deep Learning\Self Drive\IMG\right_2026_09_12_22_23_06_113.jpg,-0.2,0,0,29.33542
D:\ML Projects\Deep Learning\Self Drive\IMG\center_2026_09_12_22_23_06_228.jpg,D:\ML Projects\Deep Learning\Self Drive\IMG\left_2026_09_12_22_23_06_228.jpg,D:\ML Projects\Deep Learning\Self Drive\IMG\right_2026_09_12_22_23_06_228.jpg,0,0,0,29.03874
D:\ML Projects\Deep Learning\Self Drive\IMG\center_2026_09_12_22_23_06_353.jpg,D:\ML Projects\Deep Learning\Self Drive\IMG\left_2026_09_12_22_23_06_353.jpg,D:\ML Projects\Deep Learning\Self Drive\IMG\right_2026_09_12_22_23_06_353.jpg,0,0,0,28.68905
D:\ML Projects\Deep Learning\Self Drive\IMG\center_2026_09_12_22_23_06_460.jpg,D:\ML Projects\Deep Learning\Self Drive\IMG\left_2026_09_12_22_23_06_460.jpg,D:\ML Projects\Deep Learning\Self Drive\IMG\right_2026_09_12_22_23_06_460.jpg,-0.15,0,0,28.33546
D:\ML Projects\Deep Learning\Self Drive\IMG\center_2026_09_12_22_23_06_559.jpg,D:\ML Projects\Deep Learning\Self Drive\IMG\left_2026_09_12_22_23_06_559.jpg,D:\ML Projects\Deep Learning\Self Drive\IMG\right_2026_09_12_22_23_06_559.jpg,-0.4,0,0,27.95336
D:\ML Projects\Deep Learning\Self Drive\IMG\center_2026_09_12_22_23_06_660.jpg,D:\ML Projects\Deep Learning\Self Drive\IMG\left_2026_09_12_22_23_06_660.jpg,D:\ML Projects\Deep Learning\Self Drive\IMG\right_2026_09_12_22_23_06_660.jpg,-0.6500001,0,0,27.44167
D:\ML Projects\Deep Learning\Self Drive\IMG\center_2026_09_12_22_23_06_787.jpg,D:\ML Projects\Deep Learning\Self Drive\IMG\left_2026_09_12_22_23_06_787.jpg,D:\ML Projects\Deep Learning\Self Drive\IMG\right_2026_09_12_22_23_06_787.jpg,0,0,0,27.06104
D:\ML Projects\Deep Learning\Self Drive\IMG\center_2026_09_12_22_23_06_895.jpg,D:\ML Projects\Deep Learning\Self Drive\IMG\left_2026_09_12_22_23_06_895.jpg,D:\ML Projects\Deep Learning\Self Drive\IMG\right_2026_09_12_22_23_06_895.jpg,0,0,0,26.73038
D:\ML Projects\Deep Learning\Self Drive\IMG\center_2026_09_12_22_23_07_008.jpg,D:\ML Projects\Deep Learning\Self Drive\IMG\left_2026_09_12_22_23_07_008.jpg,D:\ML Projects\Deep Learning\Self Drive\IMG\right_2026_09_12_22_23_07_008.jpg,0,0,0,26.46159
D:\ML Projects\Deep Learning\Self Drive\IMG\center_2026_09_12_22_23_07_126.jpg,D:\ML Projects\Deep Learning\Self Drive\IMG\left_2026_09_12_22_23_07_126.jpg,D:\ML Projects\Deep Learning\Self Drive\IMG\right_2026_09_12_22_23_07_126.jpg,0,0,0,26.14304
D:\ML Projects\Deep Learning\Self Drive\IMG\center_2026_09_12_22_23_07_249.jpg,D:\ML Projects\Deep Learning\Self Drive\IMG\left_2026_09_12_22_23_07_249.jpg,D:\ML Projects\Deep Learning\Self Drive\IMG\right_2026_09_12_22_23_07_249.jpg,0,0.3711681,0,26.17805
D:\ML Projects\Deep Learning\Self Drive\IMG\center_2026_09_12_22_23_07_385.jpg,D:\ML Projects\Deep Learning\Self Drive\IMG\left_2026_09_12_22_23_07_385.jpg,D:\ML Projects\Deep Learning\Self Drive\IMG\right_2026_09_12_22_23_07_385.jpg,-0.2,0.7721526,0,26.88061
D:\ML Projects\Deep Learning\Self Drive\IMG\center_2026_09_12_22_23_07_515.jpg,D:\ML Projects\Deep Learning\Self Drive\IMG\left_2026_09_12_22_23_07_515.jpg,D:\ML Projects\Deep Learning\Self Drive\IMG\right_2026_09_12_22_23_07_515.jpg,0,1,0,27.87202
D:\ML Projects\Deep Learning\Self Drive\IMG\center_2026_09_12_22_23_07_638.jpg,D:\ML Projects\Deep Learning\Self Drive\IMG\left_2026_09_12_22_23_07_638.jpg,D:\ML Projects\Deep Learning\Self Drive\IMG\right_2026_09_12_22_23_07_638.jpg,-0.15,1,0,29.16158
D:\ML Projects\Deep Learning\Self Drive\IMG\center_2026_09_12_22_23_07_756.jpg,D:\ML Projects\Deep Learning\Self Drive\IMG\left_2026_09_12_22_23_07_756.jpg,D:\ML Projects\Deep Learning\Self Drive\IMG\right_2026_09_12_22_23_07_756.jpg,-0.45,1,0,30.13426
D:\ML Projects\Deep Learning\Self Drive\IMG\center_2026_09_12_22_23_07_888.jpg,D:\ML Projects\Deep Learning\Self Drive\IMG\left_2026_09_12_22_23_07_888.jpg,D:\ML Projects\Deep Learning\Self Drive\IMG\right_2026_09_12_22_23_07_888.jpg,-0.15,1,0,30.18938
D:\ML Projects\Deep Learning\Self Drive\IMG\center_2026_09_12_22_23_07_955.jpg,D:\ML Projects\Deep Learning\Self Drive\IMG\left_2026_09_12_22_23_07_955.jpg,D:\ML Projects\Deep Learning\Self Drive\IMG\right_2026_09_12_22_23_07_955.jpg,-0.35,1,0,30.17068
D:\ML Projects\Deep Learning\Self Drive\IMG\center_2026_09_12_22_23_08_079.jpg,D:\ML Projects\Deep Learning\Self Drive\IMG\left_2026_09_12_22_23_08_079.jpg,D:\ML Projects\Deep Learning\Self Drive\IMG\right_2026_09_12_22_23_08_079.jpg,0,1,0,30.1855
D:\ML Projects\Deep Learning\Self Drive\IMG\center_2026_09_12_22_23_08_202.jpg,D:\ML Projects\Deep Learning\Self Drive\IMG\left_2026_09_12_22_23_08_202.jpg,D:\ML Projects\Deep Learning\Self Drive\IMG\right_2026_09_12_22_23_08_202.jpg,-0.3,1,0,30.17836
D:\ML Projects\Deep Learning\Self Drive\IMG\center_2026_09_12_22_23_08_308.jpg,D:\ML Projects\Deep Learning\Self Drive\IMG\left_2026_09_12_22_23_08_308.jpg,D:\ML Projects\Deep Learning\Self Drive\IMG\right_2026_09_12_22_23_08_308.jpg,0,1,0,30.18969
D:\ML Projects\Deep Learning\Self Drive\IMG\center_2026_09_12_22_23_08_377.jpg,D:\ML Projects\Deep Learning\Self Drive\IMG\left_2026_09_12_22_23_08_377.jpg,D:\ML Projects\Deep Learning\Self Drive\IMG\right_2026_09_12_22_23_08_377.jpg,0,1,0,30.19019
D:\ML Projects\Deep Learning\Self Drive\IMG\center_2026_09_12_22_23_08_495.jpg,D:\ML Projects\Deep Learning\Self Drive\IMG\left_2026_09_12_22_23_08_495.jpg,D:\ML Projects\Deep Learning\Self Drive\IMG\right_2026_09_12_22_23_08_495.jpg,0,1,0,30.19031
D:\ML Projects\Deep Learning\Self Drive\IMG\center_2026_09_12_22_23_08_586.jpg,D:\ML Projects\Deep Learning\Self Drive\IMG\left_2026_09_12_22_23_08_586.jpg,D:\ML Projects\Deep Learning\Self Drive\IMG\right_2026_09_12_22_23_08_586.jpg,-0.1,1,0,30.18798
D:\ML Projects\Deep Learning\Self Drive\IMG\center_2026_09_12_22_23_08_694.jpg,D:\ML Projects\Deep Learning\Self Drive\IMG\left_2026_09_12_22_23_08_694.jpg,D:\ML Projects\Deep Learning\Self Drive\IMG\right_2026_09_12_22_23_08_694.jpg,-0.4,1,0,30.15777
D:\ML Projects\Deep Learning\Self Drive\IMG\center_2026_09_12_22_23_08_811.jpg,D:\ML Projects\Deep Learning\Self Drive\IMG\left_2026_09_12_22_23_08_811.jpg,D:\ML Projects\Deep Learning\Self Drive\IMG\right_2026_09_12_22_23_08_811.jpg,0,1,0,30.18567
D:\ML Projects\Deep Learning\Self Drive\IMG\center_2026_09_12_22_23_08_923.jpg,D:\ML Projects\Deep Learning\Self Drive\IMG\left_2026_09_12_22_23_08_923.jpg,D:\ML Projects\Deep Learning\Self Drive\IMG\right_2026_09_12_22_23_08_923.jpg,-0.15,1,0,30.18839
D:\ML Projects\Deep Learning\Self Drive\IMG\center_2026_09_12_22_23_09_044.jpg,D:\ML Projects\Deep Learning\Self Drive\IMG\left_2026_09_12_22_23_09_044.jpg,D:\ML Projects\Deep Learning\Self Drive\IMG\right_2026_09_12_22_23_09_044.jpg,0,1,0,30.18899
D:\ML Projects\Deep Learning\Self Drive\IMG\center_2026_09_12_22_23_09_112.jpg,D:\ML Projects\Deep Learning\Self Drive\IMG\left_2026_09_12_22_23_09_112.jpg,D:\ML Projects\Deep Learning\Self Drive\IMG\right_2026_09_12_22_23_09_112.jpg,0,1,0,30.18978
D:\ML Projects\Deep Learning\Self Drive\IMG\center_2026_09_12_22_23_09_239.jpg,D:\ML Projects\Deep Learning\Self Drive\IMG\left_2026_09_12_22_23_09_239.jpg,D:\ML Projects\Deep Learning\Self Drive\IMG\right_2026_09_12_22_23_09_239.jpg,0,1,0,30.19031
D:\ML Projects\Deep Learning\Self Drive\IMG\center_2026_09_12_22_23_09_368.jpg,D:\ML Projects\Deep Learning\Self Drive\IMG\left_2026_09_12_22_23_09_368.jpg,D:\ML Projects\Deep Learning\Self Drive\IMG\right_2026_09_12_22_23_09_368.jpg,-0.15,1,0,30.18468
D:\ML Projects\Deep Learning\Self Drive\IMG\center_2026_09_12_22_23_09_478.jpg,D:\ML Projects\Deep Learning\Self Drive\IMG\left_2026_09_12_22_23_09_478.jpg,D:\ML Projects\Deep Learning\Self Drive\IMG\right_2026_09_12_22_23_09_478.jpg,0,1,0,30.18899
D:\ML Projects\Deep Learning\Self Drive\IMG\center_2026_09_12_22_23_09_581.jpg,D:\ML Projects\Deep Learning\Self Drive\IMG\left_2026_09_12_22_23_09_581.jpg,D:\ML Projects\Deep Learning\Self Drive\IMG\right_2026_09_12_22_23_09_581.jpg,0,1,0,30.19038
D:\ML Projects\Deep Learning\Self Drive\IMG\center_2026_09_12_22_23_09_691.jpg,D:\ML Projects\Deep Learning\Self Drive\IMG\left_2026_09_12_22_23_09_691.jpg,D:\ML Projects\Deep Learning\Self Drive\IMG\right_2026_09_12_22_23_09_691.jpg,-0.25,1,0,30.17653
D:\ML Projects\Deep Learning\Self Drive\IMG\center_2026_09_12_22_23_09_803.jpg,D:\ML Projects\Deep Learning\Self Drive\IMG\left_2026_09_12_22_23_09_803.jpg,D:\ML Projects\Deep Learning\Self Drive\IMG\right_2026_09_12_22_23_09_803.jpg,0,1,0,30.18763
D:\ML Projects\Deep Learning\Self Drive\IMG\center_2026_09_12_22_23_09_917.jpg,D:\ML Projects\Deep Learning\Self Drive\IMG\left_2026_09_12_22_23_09_917.jpg,D:\ML Projects\Deep Learning\Self Drive\IMG\right_2026_09_12_22_23_09_917.jpg,-0.15,1,0,30.18738
D:\ML Projects\Deep Learning\Self Drive\IMG\center_2026_09_12_22_23_10_033.jpg,D:\ML Projects\Deep Learning\Self Drive\IMG\left_2026_09_12_22_23_10_033.jpg,D:\ML Projects\Deep Learning\Self Drive\IMG\right_2026_09_12_22_23_10_033.jpg,-0.45,1,0,30.15447
D:\ML Projects\Deep Learning\Self Drive\IMG\center_2026_09_12_22_23_10_162.jpg,D:\ML Projects\Deep Learning\Self Drive\IMG\left_2026_09_12_22_23_10_162.jpg,D:\ML Projects\Deep Learning\Self Drive\IMG\right_2026_09_12_22_23_10_162.jpg,0,1,0,30.1894
D:\ML Projects\Deep Learning\Self Drive\IMG\center_2026_09_12_22_23_10_245.jpg,D:\ML Projects\Deep Learning\Self Drive\IMG\left_2026_09_12_22_23_10_245.jpg,D:\ML Projects\Deep Learning\Self Drive\IMG\right_2026_09_12_22_23_10_245.jpg,0,1,0,30.18977
D:\ML Projects\Deep Learning\Self Drive\IMG\center_2026_09_12_22_23_10_377.jpg,D:\ML Projects\Deep Learning\Self Drive\IMG\left_2026_09_12_22_23_10_377.jpg,D:\ML Projects\Deep Learning\Self Drive\IMG\right_2026_09_12_22_23_10_377.jpg,-0.2,1,0,30.18126
D:\ML Projects\Deep Learning\Self Drive\IMG\center_2026_09_12_22_23_10_482.jpg,D:\ML Projects\Deep Learning\Self Drive\IMG\left_2026_09_12_22_23_10_482.jpg,D:\ML Projects\Deep Learning\Self Drive\IMG\right_2026_09_12_22_23_10_482.jpg,0,1,0,30.19027
D:\ML Projects\Deep Learning\Self Drive\IMG\center_2026_09_12_22_23_10_593.jpg,D:\ML Projects\Deep Learning\Self Drive\IMG\left_2026_09_12_22_23_10_593.jpg,D:\ML Projects\Deep Learning\Self Drive\IMG\right_2026_09_12_22_23_10_593.jpg,0,1,0,30.1903
D:\ML Projects\Deep Learning\Self Drive\IMG\center_2026_09_12_22_23_10_702.jpg,D:\ML Projects\Deep Learning\Self Drive\IMG\left_2026_09_12_22_23_10_702.jpg,D:\ML Projects\Deep Learning\Self Drive\IMG\right_2026_09_12_22_23_10_702.jpg,0,1,0,30.19028
D:\ML Projects\Deep Learning\Self Drive\IMG\center_2026_09_12_22_23_10_819.jpg,D:\ML Projects\Deep Learning\Self Drive\IMG\left_2026_09_12_22_23_10_819.jpg,D:\ML Projects\Deep Learning\Self Drive\IMG\right_2026_09_12_22_23_10_819.jpg,-0.15,1,0,30.18429
D:\ML Projects\Deep Learning\Self Drive\IMG\center_2026_09_12_22_23_10_939.jpg,D:\ML Projects\Deep Learning\Self Drive\IMG\left_2026_09_12_22_23_10_939.jpg,D:\ML Projects\Deep Learning\Self Drive\IMG\right_2026_09_12_22_23_10_939.jpg,0,1,0,30.18844
D:\ML Projects\Deep Learning\Self Drive\IMG\center_2026_09_12_22_23_11_006.jpg,D:\ML Projects\Deep Learning\Self Drive\IMG\left_2026_09_12_22_23_11_006.jpg,D:\ML Projects\Deep Learning\Self Drive\IMG\right_2026_09_12_22_23_11_006.jpg,0,1,0,30.19011
D:\ML Projects\Deep Learning\Self Drive\IMG\center_2026_09_12_22_23_11_145.jpg,D:\ML Projects\Deep Learning\Self Drive\IMG\left_2026_09_12_22_23_11_145.jpg,D:\ML Projects\Deep Learning\Self Drive\IMG\right_2026_09_12_22_23_11_145.jpg,-0.2,1,0,30.18168
D:\ML Projects\Deep Learning\Self Drive\IMG\center_2026_09_12_22_23_11_214.jpg,D:\ML Projects\Deep Learning\Self Drive\IMG\left_2026_09_12_22_23_11_214.jpg,D:\ML Projects\Deep Learning\Self Drive\IMG\right_2026_09_12_22_23_11_214.jpg,-0.4,1,0,30.15884
D:\ML Projects\Deep Learning\Self Drive\IMG\center_2026_09_12_22_23_11_349.jpg,D:\ML Projects\Deep Learning\Self Drive\IMG\left_2026_09_12_22_23_11_349.jpg,D:\ML Projects\Deep Learning\Self Drive\IMG\right_2026_09_12_22_23_11_349.jpg,0,1,0,30.18966
D:\ML Projects\Deep Learning\Self Drive\IMG\center_2026_09_12_22_23_11_477.jpg,D:\ML Projects\Deep Learning\Self Drive\IMG\left_2026_09_12_22_23_11_477.jpg,D:\ML Projects\Deep Learning\Self Drive\IMG\right_2026_09_12_22_23_11_477.jpg,0,1,0,30.19029
D:\ML Projects\Deep Learning\Self Drive\IMG\center_2026_09_12_22_23_11_591.jpg,D:\ML Projects\Deep Learning\Self Drive\IMG\left_2026_09_12_22_23_11_591.jpg,D:\ML Projects\Deep Learning\Self Drive\IMG\right_2026_09_12_22_23_11_591.jpg,-0.1,1,0,30.18817
D:\ML Projects\Deep Learning\Self Drive\IMG\center_2026_09_12_22_23_11_709.jpg,D:\ML Projects\Deep Learning\Self Drive\IMG\left_2026_09_12_22_23_11_709.jpg,D:\ML Projects\Deep Learning\Self Drive\IMG\right_2026_09_12_22_23_11_709.jpg,0,1,0,30.19029
D:\ML Projects\Deep Learning\Self Drive\IMG\center_2026_09_12_22_23_11_829.jpg,D:\ML Projects\Deep Learning\Self Drive\IMG\left_2026_09_12_22_23_11_829.jpg,D:\ML Projects\Deep Learning\Self Drive\IMG\right_2026_09_12_22_23_11_829.jpg,0,1,0,30.19029
D:\ML Projects\Deep Learning\Self Drive\IMG\center_2026_09_12_22_23_11_950.jpg,D:\ML Projects\Deep Learning\Self Drive\IMG\left_2026_09_12_22_23_11_950.jpg,D:\ML Projects\Deep Learning\Self Drive\IMG\right_2026_09_12_22_23_11_950.jpg,0,1,0,30.19033
D:\ML Projects\Deep Learning\Self Drive\IMG\center_2026_09_12_22_23_12_019.jpg,D:\ML Projects\Deep Learning\Self Drive\IMG\left_2026_09_12_22_23_12_019.jpg,D:\ML Projects\Deep Learning\Self Drive\IMG\right_2026_09_12_22_23_12_019.jpg,-0.2,1,0,30.17985
D:\ML Projects\Deep Learning\Self Drive\IMG\center_2026_09_12_22_23_12_085.jpg,D:\ML Projects\Deep Learning\Self Drive\IMG\left_2026_09_12_22_23_12_085.jpg,D:\ML Projects\Deep Learning\Self Drive\IMG\right_2026_09_12_22_23_12_085.jpg,-0.35,1,0,30.1635
D:\ML Projects\Deep Learning\Self Drive\IMG\center_2026_09_12_22_23_12_154.jpg,D:\ML Projects\Deep Learning\Self Drive\IMG\left_2026_09_12_22_23_12_154.jpg,D:\ML Projects\Deep Learning\Self Drive\IMG\right_2026_09_12_22_23_12_154.jpg,0,1,0,30.18955
D:\ML Projects\Deep Learning\Self Drive\IMG\center_2026_09_12_22_23_12_277.jpg,D:\ML Projects\Deep Learning\Self Drive\IMG\left_2026_09_12_22_23_12_277.jpg,D:\ML Projects\Deep Learning\Self Drive\IMG\right_2026_09_12_22_23_12_277.jpg,0,1,0,30.19022
D:\ML Projects\Deep Learning\Self Drive\IMG\center_2026_09_12_22_23_12_406.jpg,D:\ML Projects\Deep Learning\Self Drive\IMG\left_2026_09_12_22_23_12_406.jpg,D:\ML Projects\Deep Learning\Self Drive\IMG\right_2026_09_12_22_23_12_406.jpg,0,1,0,30.19034
D:\ML Projects\Deep Learning\Self Drive\IMG\center_2026_09_12_22_23_12_528.jpg,D:\ML Projects\Deep Learning\Self Drive\IMG\left_2026_09_12_22_23_12_528.jpg,D:\ML Projects\Deep Learning\Self Drive\IMG\right_2026_09_12_22_23_12_528.jpg,-0.15,1,0,30.18452
D:\ML Projects\Deep Learning\Self Drive\IMG\center_2026_09_12_22_23_12_658.jpg,D:\ML Projects\Deep Learning\Self Drive\IMG\left_2026_09_12_22_23_12_658.jpg,D:\ML Projects\Deep Learning\Self Drive\IMG\right_2026_09_12_22_23_12_658.jpg,0,1,0,30.19032
D:\ML Projects\Deep Learning\Self Drive\IMG\center_2026_09_12_22_23_12_781.jpg,D:\ML Projects\Deep Learning\Self Drive\IMG\left_2026_09_12_22_23_12_781.jpg,D:\ML Projects\Deep Learning\Self Drive\IMG\right_2026_09_12_22_23_12_781.jpg,0,1,0,30.19027
D:\ML Projects\Deep Learning\Self Drive\IMG\center_2026_09_12_22_23_12_904.jpg,D:\ML Projects\Deep Learning\Self Drive\IMG\left_2026_09_12_22_23_12_904.jpg,D:\ML Projects\Deep Learning\Self Drive\IMG\right_2026_09_12_22_23_12_904.jpg,-0.15,1,0,30.1844
D:\ML Projects\Deep Learning\Self Drive\IMG\center_2026_09_12_22_23_13_028.jpg,D:\ML Projects\Deep Learning\Self Drive\IMG\left_2026_09_12_22_23_13_028.jpg,D:\ML Projects\Deep Learning\Self Drive\IMG\right_2026_09_12_22_23_13_028.jpg,0,1,0,30.19029
D:\ML Projects\Deep Learning\Self Drive\IMG\center_2026_09_12_22_23_13_096.jpg,D:\ML Projects\Deep Learning\Self Drive\IMG\left_2026_09_12_22_23_13_096.jpg,D:\ML Projects\Deep Learning\Self Drive\IMG\right_2026_09_12_22_23_13_096.jpg,-0.2,1,0,30.18067
D:\ML Projects\Deep Learning\Self Drive\IMG\center_2026_09_12_22_23_13_165.jpg,D:\ML Projects\Deep Learning\Self Drive\IMG\left_2026_09_12_22_23_13_165.jpg,D:\ML Projects\Deep Learning\Self Drive\IMG\right_2026_09_12_22_23_13_165.jpg,-0.35,1,0,30.16422
D:\ML Projects\Deep Learning\Self Drive\IMG\center_2026_09_12_22_23_13_293.jpg,D:\ML Projects\Deep Learning\Self Drive\IMG\left_2026_09_12_22_23_13_293.jpg,D:\ML Projects\Deep Learning\Self Drive\IMG\right_2026_09_12_22_23_13_293.jpg,0,1,0,30.18984
D:\ML Projects\Deep Learning\Self Drive\IMG\center_2026_09_12_22_23_13_422.jpg,D:\ML Projects\Deep Learning\Self Drive\IMG\left_2026_09_12_22_23_13_422.jpg,D:\ML Projects\Deep Learning\Self Drive\IMG\right_2026_09_12_22_23_13_422.jpg,0,1,0,30.1903
D:\ML Projects\Deep Learning\Self Drive\IMG\center_2026_09_12_22_23_13_534.jpg,D:\ML Projects\Deep Learning\Self Drive\IMG\left_2026_09_12_22_23_13_534.jpg,D:\ML Projects\Deep Learning\Self Drive\IMG\right_2026_09_12_22_23_13_534.jpg,0,1,0,30.19034
D:\ML Projects\Deep Learning\Self Drive\IMG\center_2026_09_12_22_23_13_682.jpg,D:\ML Projects\Deep Learning\Self Drive\IMG\left_2026_09_12_22_23_13_682.jpg,D:\ML Projects\Deep Learning\Self Drive\IMG\right_2026_09_12_22_23_13_682.jpg,-0.35,1,0,30.16375
D:\ML Projects\Deep Learning\Self Drive\IMG\center_2026_09_12_22_23_13_804.jpg,D:\ML Projects\Deep Learning\Self Drive\IMG\left_2026_09_12_22_23_13_804.jpg,D:\ML Projects\Deep Learning\Self Drive\IMG\right_2026_09_12_22_23_13_804.jpg,0,1,0,30.18557
D:\ML Projects\Deep Learning\Self Drive\IMG\center_2026_09_12_22_23_13_916.jpg,D:\ML Projects\Deep Learning\Self Drive\IMG\left_2026_09_12_22_23_13_916.jpg,D:\ML Projects\Deep Learning\Self Drive\IMG\right_2026_09_12_22_23_13_916.jpg,0,1,0,30.18993
D:\ML Projects\Deep Learning\Self Drive\IMG\center_2026_09_12_22_23_14_030.jpg,D:\ML Projects\Deep Learning\Self Drive\IMG\left_2026_09_12_22_23_14_030.jpg,D:\ML Projects\Deep Learning\Self Drive\IMG\right_2026_09_12_22_23_14_030.jpg,0,1,0,30.19041
D:\ML Projects\Deep Learning\Self Drive\IMG\center_2026_09_12_22_23_14_156.jpg,D:\ML Projects\Deep Learning\Self Drive\IMG\left_2026_09_12_22_23_14_156.jpg,D:\ML Projects\Deep Learning\Self Drive\IMG\right_2026_09_12_22_23_14_156.jpg,0,1,0,30.19031
D:\ML Projects\Deep Learning\Self Drive\IMG\center_2026_09_12_22_23_14_267.jpg,D:\ML Projects\Deep Learning\Self Drive\IMG\left_2026_09_12_22_23_14_267.jpg,D:\ML Projects\Deep Learning\Self Drive\IMG\right_2026_09_12_22_23_14_267.jpg,0,1,0,30.19029
D:\ML Projects\Deep Learning\Self Drive\IMG\center_2026_09_12_22_23_14_394.jpg,D:\ML Projects\Deep Learning\Self Drive\IMG\left_2026_09_12_22_23_14_394.jpg,D:\ML Projects\Deep Learning\Self Drive\IMG\right_2026_09_12_22_23_14_394.jpg,0,1,0,30.19028
D:\ML Projects\Deep Learning\Self Drive\IMG\center_2026_09_12_22_23_14_509.jpg,D:\ML Projects\Deep Learning\Self Drive\IMG\left_2026_09_12_22_23_14_509.jpg,D:\ML Projects\Deep Learning\Self Drive\IMG\right_2026_09_12_22_23_14_509.jpg,0,1,0,30.19029
D:\ML Projects\Deep Learning\Self Drive\IMG\center_2026_09_12_22_23_14_625.jpg,D:\ML Projects\Deep Learning\Self Drive\IMG\left_2026_09_12_22_23_14_625.jpg,D:\ML Projects\Deep Learning\Self Drive\IMG\right_2026_09_12_22_23_14_625.jpg,0,1,0,30.1903
D:\ML Projects\Deep Learning\Self Drive\IMG\center_2026_09_12_22_23_14_758.jpg,D:\ML Projects\Deep Learning\Self Drive\IMG\left_2026_09_12_22_23_14_758.jpg,D:\ML Projects\Deep Learning\Self Drive\IMG\right_2026_09_12_22_23_14_758.jpg,0,1,0,30.19028
D:\ML Projects\Deep Learning\Self Drive\IMG\center_2026_09_12_22_23_14_880.jpg,D:\ML Projects\Deep Learning\Self Drive\IMG\left_2026_09_12_22_23_14_880.jpg,D:\ML Projects\Deep Learning\Self Drive\IMG\right_2026_09_12_22_23_14_880.jpg,0,1,0,30.1903
D:\ML Projects\Deep Learning\Self Drive\IMG\center_2026_09_12_22_23_14_994.jpg,D:\ML Projects\Deep Learning\Self Drive\IMG\left_2026_09_12_22_23_14_994.jpg,D:\ML Projects\Deep Learning\Self Drive\IMG\right_2026_09_12_22_23_14_994.jpg,0,1,0,30.19029
D:\ML Projects\Deep Learning\Self Drive\IMG\center_2026_09_12_22_23_15_124.jpg,D:\ML Projects\Deep Learning\Self Drive\IMG\left_2026_09_12_22_23_15_124.jpg,D:\ML Projects\Deep Learning\Self Drive\IMG\right_2026_09_12_22_23_15_124.jpg,0,1,0,30.19028
D:\ML Projects\Deep Learning\Self Drive\IMG\center_2026_09_12_22_23_15_207.jpg,D:\ML Projects\Deep Learning\Self Drive\IMG\left_2026_09_12_22_23_15_207.jpg,D:\ML Projects\Deep Learning\Self Drive\IMG\right_2026_09_12_22_23_15_207.jpg,0,1,0,30.19029
D:\ML Projects\Deep Learning\Self Drive\IMG\center_2026_09_12_22_23_15_311.jpg,D:\ML Projects\Deep Learning\Self Drive\IMG\left_2026_09_12_22_23_15_311.jpg,D:\ML Projects\Deep Learning\Self Drive\IMG\right_2026_09_12_22_23_15_311.jpg,0,1,0,30.1903
D:\ML Projects\Deep Learning\Self Drive\IMG\center_2026_09_12_22_23_15_390.jpg,D:\ML Projects\Deep Learning\Self Drive\IMG\left_2026_09_12_22_23_15_390.jpg,D:\ML Projects\Deep Learning\Self Drive\IMG\right_2026_09_12_22_23_15_390.jpg,0,1,0,30.19031
D:\ML Projects\Deep Learning\Self Drive\IMG\center_2026_09_12_22_23_15_462.jpg,D:\ML Projects\Deep Learning\Self Drive\IMG\left_2026_09_12_22_23_15_462.jpg,D:\ML Projects\Deep Learning\Self Drive\IMG\right_2026_09_12_22_23_15_462.jpg,0,1,0,30.19029
D:\ML Projects\Deep Learning\Self Drive\IMG\center_2026_09_12_22_23_15_603.jpg,D:\ML Projects\Deep Learning\Self Drive\IMG\left_2026_09_12_22_23_15_603.jpg,D:\ML Projects\Deep Learning\Self Drive\IMG\right_2026_09_12_22_23_15_603.jpg,0,1,0,30.19032
D:\ML Projects\Deep Learning\Self Drive\IMG\center_2026_09_12_22_23_15_673.jpg,D:\ML Projects\Deep Learning\Self Drive\IMG\left_2026_09_12_22_23_15_673.jpg,D:\ML Projects\Deep Learning\Self Drive\IMG\right_2026_09_12_22_23_15_673.jpg,0,1,0,30.19038
D:\ML Projects\Deep Learning\Self Drive\IMG\center_2026_09_12_22_23_15_792.jpg,D:\ML Projects\Deep Learning\Self Drive\IMG\left_2026_09_12_22_23_15_792.jpg,D:\ML Projects\Deep Learning\Self Drive\IMG\right_2026_09_12_22_23_15_792.jpg,0,1,0,30.19028
D:\ML Projects\Deep Learning\Self Drive\IMG\center_2026_09_12_22_23_15_916.jpg,D:\ML Projects\Deep Learning\Self Drive\IMG\left_2026_09_12_22_23_15_916.jpg,D:\ML Projects\Deep Learning\Self Drive\IMG\right_2026_09_12_22_23_15_916.jpg,0,1,0,30.19034
D:\ML Projects\Deep Learning\Self Drive\IMG\center_2026_09_12_22_23_16_039.jpg,D:\ML Projects\Deep Learning\Self Drive\IMG\left_2026_09_12_22_23_16_039.jpg,D:\ML Projects\Deep Learning\Self Drive\IMG\right_2026_09_12_22_23_16_039.jpg,0,1,0,30.1903
D:\ML Projects\Deep Learning\Self Drive\IMG\center_2026_09_12_22_23_16_106.jpg,D:\ML Projects\Deep Learning\Self Drive\IMG\left_2026_09_12_22_23_16_106.jpg,D:\ML Projects\Deep Learning\Self Drive\IMG\right_2026_09_12_22_23_16_106.jpg,-0.15,1,0,30.18421
D:\ML Projects\Deep Learning\Self Drive\IMG\center_2026_09_12_22_23_16_226.jpg,D:\ML Projects\Deep Learning\Self Drive\IMG\left_2026_09_12_22_23_16_226.jpg,D:\ML Projects\Deep Learning\Self Drive\IMG\right_2026_09_12_22_23_16_226.jpg,0,1,0,30.19027
D:\ML Projects\Deep Learning\Self Drive\IMG\center_2026_09_12_22_23_16_359.jpg,D:\ML Projects\Deep Learning\Self Drive\IMG\left_2026_09_12_22_23_16_359.jpg,D:\ML Projects\Deep Learning\Self Drive\IMG\right_2026_09_12_22_23_16_359.jpg,0,1,0,30.19028
D:\ML Projects\Deep Learning\Self Drive\IMG\center_2026_09_12_22_23_16_473.jpg,D:\ML Projects\Deep Learning\Self Drive\IMG\left_2026_09_12_22_23_16_473.jpg,D:\ML Projects\Deep Learning\Self Drive\IMG\right_2026_09_12_22_23_16_473.jpg,0,1,0,30.19027
D:\ML Projects\Deep Learning\Self Drive\IMG\center_2026_09_12_22_23_16_580.jpg,D:\ML Projects\Deep Learning\Self Drive\IMG\left_2026_09_12_22_23_16_580.jpg,D:\ML Projects\Deep Learning\Self Drive\IMG\right_2026_09_12_22_23_16_580.jpg,0,1,0,30.19032
D:\ML Projects\Deep Learning\Self Drive\IMG\center_2026_09_12_22_23_16_674.jpg,D:\ML Projects\Deep Learning\Self Drive\IMG\left_2026_09_12_22_23_16_674.jpg,D:\ML Projects\Deep Learning\Self Drive\IMG\right_2026_09_12_22_23_16_674.jpg,0,1,0,30.1903
D:\ML Projects\Deep Learning\Self Drive\IMG\center_2026_09_12_22_23_16_776.jpg,D:\ML Projects\Deep Learning\Self Drive\IMG\left_2026_09_12_22_23_16_776.jpg,D:\ML Projects\Deep Learning\Self Drive\IMG\right_2026_09_12_22_23_16_776.jpg,-0.25,1,0,30.17479
D:\ML Projects\Deep Learning\Self Drive\IMG\center_2026_09_12_22_23_16_877.jpg,D:\ML Projects\Deep Learning\Self Drive\IMG\left_2026_09_12_22_23_16_877.jpg,D:\ML Projects\Deep Learning\Self Drive\IMG\right_2026_09_12_22_23_16_877.jpg,0,1,0,30.18996
D:\ML Projects\Deep Learning\Self Drive\IMG\center_2026_09_12_22_23_16_979.jpg,D:\ML Projects\Deep Learning\Self Drive\IMG\left_2026_09_12_22_23_16_979.jpg,D:\ML Projects\Deep Learning\Self Drive\IMG\right_2026_09_12_22_23_16_979.jpg,0,1,0,30.19028
D:\ML Projects\Deep Learning\Self Drive\IMG\center_2026_09_12_22_23_17_073.jpg,D:\ML Projects\Deep Learning\Self Drive\IMG\left_2026_09_12_22_23_17_073.jpg,D:\ML Projects\Deep Learning\Self Drive\IMG\right_2026_09_12_22_23_17_073.jpg,0,1,0,30.19031
D:\ML Projects\Deep Learning\Self Drive\IMG\center_2026_09_12_22_23_17_178.jpg,D:\ML Projects\Deep Learning\Self Drive\IMG\left_2026_09_12_22_23_17_178.jpg,D:\ML Projects\Deep Learning\Self Drive\IMG\right_2026_09_12_22_23_17_178.jpg,-0.15,1,0,30.1845
D:\ML Projects\Deep Learning\Self Drive\IMG\center_2026_09_12_22_23_17_292.jpg,D:\ML Projects\Deep Learning\Self Drive\IMG\left_2026_09_12_22_23_17_292.jpg,D:\ML Projects\Deep Learning\Self Drive\IMG\right_2026_09_12_22_23_17_292.jpg,-0.4,1,0,30.15778
D:\ML Projects\Deep Learning\Self Drive\IMG\center_2026_09_12_22_23_17_414.jpg,D:\ML Projects\Deep Learning\Self Drive\IMG\left_2026_09_12_22_23_17_414.jpg,D:\ML Projects\Deep Learning\Self Drive\IMG\right_2026_09_12_22_23_17_414.jpg,0,1,0,30.18989
D:\ML Projects\Deep Learning\Self Drive\IMG\center_2026_09_12_22_23_17_516.jpg,D:\ML Projects\Deep Learning\Self Drive\IMG\left_2026_09_12_22_23_17_516.jpg,D:\ML Projects\Deep Learning\Self Drive\IMG\right_2026_09_12_22_23_17_516.jpg,0,1,0,30.19024
D:\ML Projects\Deep Learning\Self Drive\IMG\center_2026_09_12_22_23_17_630.jpg,D:\ML Projects\Deep Learning\Self Drive\IMG\left_2026_09_12_22_23_17_630.jpg,D:\ML Projects\Deep Learning\Self Drive\IMG\right_2026_09_12_22_23_17_630.jpg,-0.15,1,0,30.18517
D:\ML Projects\Deep Learning\Self Drive\IMG\center_2026_09_12_22_23_17_744.jpg,D:\ML Projects\Deep Learning\Self Drive\IMG\left_2026_09_12_22_23_17_744.jpg,D:\ML Projects\Deep Learning\Self Drive\IMG\right_2026_09_12_22_23_17_744.jpg,0,1,0,30.18895
D:\ML Projects\Deep Learning\Self Drive\IMG\center_2026_09_12_22_23_17_866.jpg,D:\ML Projects\Deep Learning\Self Drive\IMG\left_2026_09_12_22_23_17_866.jpg,D:\ML Projects\Deep Learning\Self Drive\IMG\right_2026_09_12_22_23_17_866.jpg,0,1,0,30.19024
D:\ML Projects\Deep Learning\Self Drive\IMG\center_2026_09_12_22_23_17_931.jpg,D:\ML Projects\Deep Learning\Self Drive\IMG\left_2026_09_12_22_23_17_931.jpg,D:\ML Projects\Deep Learning\Self Drive\IMG\right_2026_09_12_22_23_17_931.jpg,0,1,0,30.19028
D:\ML Projects\Deep Learning\Self Drive\IMG\center_2026_09_12_22_23_18_060.jpg,D:\ML Projects\Deep Learning\Self Drive\IMG\left_2026_09_12_22_23_18_060.jpg,D:\ML Projects\Deep Learning\Self Drive\IMG\right_2026_09_12_22_23_18_060.jpg,0,1,0,30.19029
D:\ML Projects\Deep Learning\Self Drive\IMG\center_2026_09_12_22_23_18_160.jpg,D:\ML Projects\Deep Learning\Self Drive\IMG\left_2026_09_12_22_23_18_160.jpg,D:\ML Projects\Deep Learning\Self Drive\IMG\right_2026_09_12_22_23_18_160.jpg,0,1,0,30.3356
D:\ML Projects\Deep Learning\Self Drive\IMG\center_2026_09_12_22_23_18_277.jpg,D:\ML Projects\Deep Learning\Self Drive\IMG\left_2026_09_12_22_23_18_277.jpg,D:\ML Projects\Deep Learning\Self Drive\IMG\right_2026_09_12_22_23_18_277.jpg,0,1,0,30.19435
D:\ML Projects\Deep Learning\Self Drive\IMG\center_2026_09_12_22_23_18_370.jpg,D:\ML Projects\Deep Learning\Self Drive\IMG\left_2026_09_12_22_23_18_370.jpg,D:\ML Projects\Deep Learning\Self Drive\IMG\right_2026_09_12_22_23_18_370.jpg,0,1,0,30.21401
D:\ML Projects\Deep Learning\Self Drive\IMG\center_2026_09_12_22_23_18_464.jpg,D:\ML Projects\Deep Learning\Self Drive\IMG\left_2026_09_12_22_23_18_464.jpg,D:\ML Projects\Deep Learning\Self Drive\IMG\right_2026_09_12_22_23_18_464.jpg,0,1,0,30.18857
D:\ML Projects\Deep Learning\Self Drive\IMG\center_2026_09_12_22_23_18_564.jpg,D:\ML Projects\Deep Learning\Self Drive\IMG\left_2026_09_12_22_23_18_564.jpg,D:\ML Projects\Deep Learning\Self Drive\IMG\right_2026_09_12_22_23_18_564.jpg,0,1,0,30.18921
D:\ML Projects\Deep Learning\Self Drive\IMG\center_2026_09_12_22_23_18_669.jpg,D:\ML Projects\Deep Learning\Self Drive\IMG\left_2026_09_12_22_23_18_669.jpg,D:\ML Projects\Deep Learning\Self Drive\IMG\right_2026_09_12_22_23_18_669.jpg,0,1,0,30.1897
D:\ML Projects\Deep Learning\Self Drive\IMG\center_2026_09_12_22_23_18_757.jpg,D:\ML Projects\Deep Learning\Self Drive\IMG\left_2026_09_12_22_23_18_757.jpg,D:\ML Projects\Deep Learning\Self Drive\IMG\right_2026_09_12_22_23_18_757.jpg,0,1,0,30.18992
D:\ML Projects\Deep Learning\Self Drive\IMG\center_2026_09_12_22_23_18_847.jpg,D:\ML Projects\Deep Learning\Self Drive\IMG\left_2026_09_12_22_23_18_847.jpg,D:\ML Projects\Deep Learning\Self Drive\IMG\right_2026_09_12_22_23_18_847.jpg,0,1,0,30.18993
D:\ML Projects\Deep Learning\Self Drive\IMG\center_2026_09_12_22_23_18_931.jpg,D:\ML Projects\Deep Learning\Self Drive\IMG\left_2026_09_12_22_23_18_931.jpg,D:\ML Projects\Deep Learning\Self Drive\IMG\right_2026_09_12_22_23_18_931.jpg,0,1,0,30.18997
D:\ML Projects\Deep Learning\Self Drive\IMG\center_2026_09_12_22_23_19_007.jpg,D:\ML Projects\Deep Learning\Self Drive\IMG\left_2026_09_12_22_23_19_007.jpg,D:\ML Projects\Deep Learning\Self Drive\IMG\right_2026_09_12_22_23_19_007.jpg,0,1,0,30.18998
D:\ML Projects\Deep Learning\Self Drive\IMG\center_2026_09_12_22_23_19_154.jpg,D:\ML Projects\Deep Learning\Self Drive\IMG\left_2026_09_12_22_23_19_154.jpg,D:\ML Projects\Deep Learning\Self Drive\IMG\right_2026_09_12_22_23_19_154.jpg,0,1,0,30.18997
D:\ML Projects\Deep Learning\Self Drive\IMG\center_2026_09_12_22_23_19_241.jpg,D:\ML Projects\Deep Learning\Self Drive\IMG\left_2026_09_12_22_23_19_241.jpg,D:\ML Projects\Deep Learning\Self Drive\IMG\right_2026_09_12_22_23_19_241.jpg,0,1,0,30.18996
D:\ML Projects\Deep Learning\Self Drive\IMG\center_2026_09_12_22_23_19_334.jpg,D:\ML Projects\Deep Learning\Self Drive\IMG\left_2026_09_12_22_23_19_334.jpg,D:\ML Projects\Deep Learning\Self Drive\IMG\right_2026_09_12_22_23_19_334.jpg,0,1,0,30.18998
D:\ML Projects\Deep Learning\Self Drive\IMG\center_2026_09_12_22_23_19_426.jpg,D:\ML Projects\Deep Learning\Self Drive\IMG\left_2026_09_12_22_23_19_426.jpg,D:\ML Projects\Deep Learning\Self Drive\IMG\right_2026_09_12_22_23_19_426.jpg,0,1,0,30.18996
D:\ML Projects\Deep Learning\Self Drive\IMG\center_2026_09_12_22_23_19_532.jpg,D:\ML Projects\Deep Learning\Self Drive\IMG\left_2026_09_12_22_23_19_532.jpg,D:\ML Projects\Deep Learning\Self Drive\IMG\right_2026_09_12_22_23_19_532.jpg,0,1,0,30.18996
D:\ML Projects\Deep Learning\Self Drive\IMG\center_2026_09_12_22_23_19_649.jpg,D:\ML Projects\Deep Learning\Self Drive\IMG\left_2026_09_12_22_23_19_649.jpg,D:\ML Projects\Deep Learning\Self Drive\IMG\right_2026_09_12_22_23_19_649.jpg,0,1,0,30.18997
D:\ML Projects\Deep Learning\Self Drive\IMG\center_2026_09_12_22_23_19_750.jpg,D:\ML Projects\Deep Learning\Self Drive\IMG\left_2026_09_12_22_23_19_750.jpg,D:\ML Projects\Deep Learning\Self Drive\IMG\right_2026_09_12_22_23_19_750.jpg,0,1,0,30.18996
D:\ML Projects\Deep Learning\Self Drive\IMG\center_2026_09_12_22_23_19_857.jpg,D:\ML Projects\Deep Learning\Self Drive\IMG\left_2026_09_12_22_23_19_857.jpg,D:\ML Projects\Deep Learning\Self Drive\IMG\right_2026_09_12_22_23_19_857.jpg,0,1,0,30.18996
D:\ML Projects\Deep Learning\Self Drive\IMG\center_2026_09_12_22_23_19_966.jpg,D:\ML Projects\Deep Learning\Self Drive\IMG\left_2026_09_12_22_23_19_966.jpg,D:\ML Projects\Deep Learning\Self Drive\IMG\right_2026_09_12_22_23_19_966.jpg,0,1,0,30.18997
D:\ML Projects\Deep Learning\Self Drive\IMG\center_2026_09_12_22_23_20_076.jpg,D:\ML Projects\Deep Learning\Self Drive\IMG\left_2026_09_12_22_23_20_076.jpg,D:\ML Projects\Deep Learning\Self Drive\IMG\right_2026_09_12_22_23_20_076.jpg,0,1,0,30.18995
D:\ML Projects\Deep Learning\Self Drive\IMG\center_2026_09_12_22_23_20_189.jpg,D:\ML Projects\Deep Learning\Self Drive\IMG\left_2026_09_12_22_23_20_189.jpg,D:\ML Projects\Deep Learning\Self Drive\IMG\right_2026_09_12_22_23_20_189.jpg,0,1,0,30.18996
D:\ML Projects\Deep Learning\Self Drive\IMG\center_2026_09_12_22_23_20_297.jpg,D:\ML Projects\Deep Learning\Self Drive\IMG\left_2026_09_12_22_23_20_297.jpg,D:\ML Projects\Deep Learning\Self Drive\IMG\right_2026_09_12_22_23_20_297.jpg,0,1,0,30.18998
D:\ML Projects\Deep Learning\Self Drive\IMG\center_2026_09_12_22_23_20_418.jpg,D:\ML Projects\Deep Learning\Self Drive\IMG\left_2026_09_12_22_23_20_418.jpg,D:\ML Projects\Deep Learning\Self Drive\IMG\right_2026_09_12_22_23_20_418.jpg,0,1,0,30.18996
D:\ML Projects\Deep Learning\Self Drive\IMG\center_2026_09_12_22_23_20_535.jpg,D:\ML Projects\Deep Learning\Self Drive\IMG\left_2026_09_12_22_23_20_535.jpg,D:\ML Projects\Deep Learning\Self Drive\IMG\right_2026_09_12_22_23_20_535.jpg,0,1,0,30.18997
D:\ML Projects\Deep Learning\Self Drive\IMG\center_2026_09_12_22_23_20_660.jpg,D:\ML Projects\Deep Learning\Self Drive\IMG\left_2026_09_12_22_23_20_660.jpg,D:\ML Projects\Deep Learning\Self Drive\IMG\right_2026_09_12_22_23_20_660.jpg,0,1,0,30.18994
D:\ML Projects\Deep Learning\Self Drive\IMG\center_2026_09_12_22_23_20_769.jpg,D:\ML Projects\Deep Learning\Self Drive\IMG\left_2026_09_12_22_23_20_769.jpg,D:\ML Projects\Deep Learning\Self Drive\IMG\right_2026_09_12_22_23_20_769.jpg,0,1,0,30.18996
D:\ML Projects\Deep Learning\Self Drive\IMG\center_2026_09_12_22_23_20_886.jpg,D:\ML Projects\Deep Learning\Self Drive\IMG\left_2026_09_12_22_23_20_886.jpg,D:\ML Projects\Deep Learning\Self Drive\IMG\right_2026_09_12_22_23_20_886.jpg,0,1,0,30.18995
D:\ML Projects\Deep Learning\Self Drive\IMG\center_2026_09_12_22_23_21_004.jpg,D:\ML Projects\Deep Learning\Self Drive\IMG\left_2026_09_12_22_23_21_004.jpg,D:\ML Projects\Deep Learning\Self Drive\IMG\right_2026_09_12_22_23_21_004.jpg,0,1,0,30.18995
D:\ML Projects\Deep Learning\Self Drive\IMG\center_2026_09_12_22_23_21_130.jpg,D:\ML Projects\Deep Learning\Self Drive\IMG\left_2026_09_12_22_23_21_130.jpg,D:\ML Projects\Deep Learning\Self Drive\IMG\right_2026_09_12_22_23_21_130.jpg,0,1,0,30.18996
D:\ML Projects\Deep Learning\Self Drive\IMG\center_2026_09_12_22_23_21_247.jpg,D:\ML Projects\Deep Learning\Self Drive\IMG\left_2026_09_12_22_23_21_247.jpg,D:\ML Projects\Deep Learning\Self Drive\IMG\right_2026_09_12_22_23_21_247.jpg,0,1,0,30.18998
D:\ML Projects\Deep Learning\Self Drive\IMG\center_2026_09_12_22_23_21_363.jpg,D:\ML Projects\Deep Learning\Self Drive\IMG\left_2026_09_12_22_23_21_363.jpg,D:\ML Projects\Deep Learning\Self Drive\IMG\right_2026_09_12_22_23_21_363.jpg,0,1,0,30.18995
D:\ML Projects\Deep Learning\Self Drive\IMG\center_2026_09_12_22_23_21_438.jpg,D:\ML Projects\Deep Learning\Self Drive\IMG\left_2026_09_12_22_23_21_438.jpg,D:\ML Projects\Deep Learning\Self Drive\IMG\right_2026_09_12_22_23_21_438.jpg,0,1,0,30.18995
D:\ML Projects\Deep Learning\Self Drive\IMG\center_2026_09_12_22_23_21_558.jpg,D:\ML Projects\Deep Learning\Self Drive\IMG\left_2026_09_12_22_23_21_558.jpg,D:\ML Projects\Deep Learning\Self Drive\IMG\right_2026_09_12_22_23_21_558.jpg,0,1,0,30.18995
D:\ML Projects\Deep Learning\Self Drive\IMG\center_2026_09_12_22_23_21_684.jpg,D:\ML Projects\Deep Learning\Self Drive\IMG\left_2026_09_12_22_23_21_684.jpg,D:\ML Projects\Deep Learning\Self Drive\IMG\right_2026_09_12_22_23_21_684.jpg,0,1,0,30.18996
D:\ML Projects\Deep Learning\Self Drive\IMG\center_2026_09_12_22_23_21_852.jpg,D:\ML Projects\Deep Learning\Self Drive\IMG\left_2026_09_12_22_23_21_852.jpg,D:\ML Projects\Deep Learning\Self Drive\IMG\right_2026_09_12_22_23_21_852.jpg,0,1,0,30.18995
D:\ML Projects\Deep Learning\Self Drive\IMG\center_2026_09_12_22_23_21_967.jpg,D:\ML Projects\Deep Learning\Self Drive\IMG\left_2026_09_12_22_23_21_967.jpg,D:\ML Projects\Deep Learning\Self Drive\IMG\right_2026_09_12_22_23_21_967.jpg,0,1,0,30.18998
D:\ML Projects\Deep Learning\Self Drive\IMG\center_2026_09_12_22_23_22_057.jpg,D:\ML Projects\Deep Learning\Self Drive\IMG\left_2026_09_12_22_23_22_057.jpg,D:\ML Projects\Deep Learning\Self Drive\IMG\right_2026_09_12_22_23_22_057.jpg,0,1,0,30.18996
D:\ML Projects\Deep Learning\Self Drive\IMG\center_2026_09_12_22_23_22_126.jpg,D:\ML Projects\Deep Learning\Self Drive\IMG\left_2026_09_12_22_23_22_126.jpg,D:\ML Projects\Deep Learning\Self Drive\IMG\right_2026_09_12_22_23_22_126.jpg,0,1,0,30.18996
D:\ML Projects\Deep Learning\Self Drive\IMG\center_2026_09_12_22_23_22_252.jpg,D:\ML Projects\Deep Learning\Self Drive\IMG\left_2026_09_12_22_23_22_252.jpg,D:\ML Projects\Deep Learning\Self Drive\IMG\right_2026_09_12_22_23_22_252.jpg,0,1,0,30.18995
D:\ML Projects\Deep Learning\Self Drive\IMG\center_2026_09_12_22_23_22_381.jpg,D:\ML Projects\Deep Learning\Self Drive\IMG\left_2026_09_12_22_23_22_381.jpg,D:\ML Projects\Deep Learning\Self Drive\IMG\right_2026_09_12_22_23_22_381.jpg,0,1,0,30.18995
D:\ML Projects\Deep Learning\Self Drive\IMG\center_2026_09_12_22_23_22_449.jpg,D:\ML Projects\Deep Learning\Self Drive\IMG\left_2026_09_12_22_23_22_449.jpg,D:\ML Projects\Deep Learning\Self Drive\IMG\right_2026_09_12_22_23_22_449.jpg,0,1,0,30.18995
D:\ML Projects\Deep Learning\Self Drive\IMG\center_2026_09_12_22_23_22_566.jpg,D:\ML Projects\Deep Learning\Self Drive\IMG\left_2026_09_12_22_23_22_566.jpg,D:\ML Projects\Deep Learning\Self Drive\IMG\right_2026_09_12_22_23_22_566.jpg,0,1,0,30.18997
D:\ML Projects\Deep Learning\Self Drive\IMG\center_2026_09_12_22_23_22_695.jpg,D:\ML Projects\Deep Learning\Self Drive\IMG\left_2026_09_12_22_23_22_695.jpg,D:\ML Projects\Deep Learning\Self Drive\IMG\right_2026_09_12_22_23_22_695.jpg,0,1,0,30.18996
D:\ML Projects\Deep Learning\Self Drive\IMG\center_2026_09_12_22_23_22_817.jpg,D:\ML Projects\Deep Learning\Self Drive\IMG\left_2026_09_12_22_23_22_817.jpg,D:\ML Projects\Deep Learning\Self Drive\IMG\right_2026_09_12_22_23_22_817.jpg,0,1,0,30.18997
D:\ML Projects\Deep Learning\Self Drive\IMG\center_2026_09_12_22_23_22_942.jpg,D:\ML Projects\Deep Learning\Self Drive\IMG\left_2026_09_12_22_23_22_942.jpg,D:\ML Projects\Deep Learning\Self Drive\IMG\right_2026_09_12_22_23_22_942.jpg,0,1,0,30.18995
D:\ML Projects\Deep Learning\Self Drive\IMG\center_2026_09_12_22_23_23_077.jpg,D:\ML Projects\Deep Learning\Self Drive\IMG\left_2026_09_12_22_23_23_077.jpg,D:\ML Projects\Deep Learning\Self Drive\IMG\right_2026_09_12_22_23_23_077.jpg,0,1,0,30.18995
D:\ML Projects\Deep Learning\Self Drive\IMG\center_2026_09_12_22_23_23_203.jpg,D:\ML Projects\Deep Learning\Self Drive\IMG\left_2026_09_12_22_23_23_203.jpg,D:\ML Projects\Deep Learning\Self Drive\IMG\right_2026_09_12_22_23_23_203.jpg,0,1,0,30.18998
D:\ML Projects\Deep Learning\Self Drive\IMG\center_2026_09_12_22_23_23_331.jpg,D:\ML Projects\Deep Learning\Self Drive\IMG\left_2026_09_12_22_23_23_331.jpg,D:\ML Projects\Deep Learning\Self Drive\IMG\right_2026_09_12_22_23_23_331.jpg,0,1,0,30.18996
D:\ML Projects\Deep Learning\Self Drive\IMG\center_2026_09_12_22_23_23_404.jpg,D:\ML Projects\Deep Learning\Self Drive\IMG\left_2026_09_12_22_23_23_404.jpg,D:\ML Projects\Deep Learning\Self Drive\IMG\right_2026_09_12_22_23_23_404.jpg,0,1,0,30.18996
D:\ML Projects\Deep Learning\Self Drive\IMG\center_2026_09_12_22_23_23_478.jpg,D:\ML Projects\Deep Learning\Self Drive\IMG\left_2026_09_12_22_23_23_478.jpg,D:\ML Projects\Deep Learning\Self Drive\IMG\right_2026_09_12_22_23_23_478.jpg,0,1,0,30.18996
D:\ML Projects\Deep Learning\Self Drive\IMG\center_2026_09_12_22_23_23_608.jpg,D:\ML Projects\Deep Learning\Self Drive\IMG\left_2026_09_12_22_23_23_608.jpg,D:\ML Projects\Deep Learning\Self Drive\IMG\right_2026_09_12_22_23_23_608.jpg,0,1,0,30.18998
D:\ML Projects\Deep Learning\Self Drive\IMG\center_2026_09_12_22_23_23_681.jpg,D:\ML Projects\Deep Learning\Self Drive\IMG\left_2026_09_12_22_23_23_681.jpg,D:\ML Projects\Deep Learning\Self Drive\IMG\right_2026_09_12_22_23_23_681.jpg,0,1,0,30.18998
D:\ML Projects\Deep Learning\Self Drive\IMG\center_2026_09_12_22_23_23_746.jpg,D:\ML Projects\Deep Learning\Self Drive\IMG\left_2026_09_12_22_23_23_746.jpg,D:\ML Projects\Deep Learning\Self Drive\IMG\right_2026_09_12_22_23_23_746.jpg,0,1,0,30.18999
D:\ML Projects\Deep Learning\Self Drive\IMG\center_2026_09_12_22_23_23_820.jpg,D:\ML Projects\Deep Learning\Self Drive\IMG\left_2026_09_12_22_23_23_820.jpg,D:\ML Projects\Deep Learning\Self Drive\IMG\right_2026_09_12_22_23_23_820.jpg,0,1,0,30.18997
D:\ML Projects\Deep Learning\Self Drive\IMG\center_2026_09_12_22_23_23_889.jpg,D:\ML Projects\Deep Learning\Self Drive\IMG\left_2026_09_12_22_23_23_889.jpg,D:\ML Projects\Deep Learning\Self Drive\IMG\right_2026_09_12_22_23_23_889.jpg,0,1,0,30.18996
D:\ML Projects\Deep Learning\Self Drive\IMG\center_2026_09_12_22_23_23_961.jpg,D:\ML Projects\Deep Learning\Self Drive\IMG\left_2026_09_12_22_23_23_961.jpg,D:\ML Projects\Deep Learning\Self Drive\IMG\right_2026_09_12_22_23_23_961.jpg,0,1,0,30.18996
D:\ML Projects\Deep Learning\Self Drive\IMG\center_2026_09_12_22_23_24_033.jpg,D:\ML Projects\Deep Learning\Self Drive\IMG\left_2026_09_12_22_23_24_033.jpg,D:\ML Projects\Deep Learning\Self Drive\IMG\right_2026_09_12_22_23_24_033.jpg,0,1,0,30.18997
D:\ML Projects\Deep Learning\Self Drive\IMG\center_2026_09_12_22_23_24_111.jpg,D:\ML Projects\Deep Learning\Self Drive\IMG\left_2026_09_12_22_23_24_111.jpg,D:\ML Projects\Deep Learning\Self Drive\IMG\right_2026_09_12_22_23_24_111.jpg,0,1,0,30.18995
D:\ML Projects\Deep Learning\Self Drive\IMG\center_2026_09_12_22_23_24_246.jpg,D:\ML Projects\Deep Learning\Self Drive\IMG\left_2026_09_12_22_23_24_246.jpg,D:\ML Projects\Deep Learning\Self Drive\IMG\right_2026_09_12_22_23_24_246.jpg,0,1,0,30.18996
D:\ML Projects\Deep Learning\Self Drive\IMG\center_2026_09_12_22_23_24_377.jpg,D:\ML Projects\Deep Learning\Self Drive\IMG\left_2026_09_12_22_23_24_377.jpg,D:\ML Projects\Deep Learning\Self Drive\IMG\right_2026_09_12_22_23_24_377.jpg,0,1,0,30.18996
D:\ML Projects\Deep Learning\Self Drive\IMG\center_2026_09_12_22_23_24_453.jpg,D:\ML Projects\Deep Learning\Self Drive\IMG\left_2026_09_12_22_23_24_453.jpg,D:\ML Projects\Deep Learning\Self Drive\IMG\right_2026_09_12_22_23_24_453.jpg,0,1,0,30.18998
D:\ML Projects\Deep Learning\Self Drive\IMG\center_2026_09_12_22_23_24_577.jpg,D:\ML Projects\Deep Learning\Self Drive\IMG\left_2026_09_12_22_23_24_577.jpg,D:\ML Projects\Deep Learning\Self Drive\IMG\right_2026_09_12_22_23_24_577.jpg,0,1,0,30.18996
D:\ML Projects\Deep Learning\Self Drive\IMG\center_2026_09_12_22_23_24_708.jpg,D:\ML Projects\Deep Learning\Self Drive\IMG\left_2026_09_12_22_23_24_708.jpg,D:\ML Projects\Deep Learning\Self Drive\IMG\right_2026_09_12_22_23_24_708.jpg,0,1,0,30.18996
D:\ML Projects\Deep Learning\Self Drive\IMG\center_2026_09_12_22_23_24_840.jpg,D:\ML Projects\Deep Learning\Self Drive\IMG\left_2026_09_12_22_23_24_840.jpg,D:\ML Projects\Deep Learning\Self Drive\IMG\right_2026_09_12_22_23_24_840.jpg,0,1,0,30.18996
D:\ML Projects\Deep Learning\Self Drive\IMG\center_2026_09_12_22_23_24_909.jpg,D:\ML Projects\Deep Learning\Self Drive\IMG\left_2026_09_12_22_23_24_909.jpg,D:\ML Projects\Deep Learning\Self Drive\IMG\right_2026_09_12_22_23_24_909.jpg,0,1,0,30.18998
D:\ML Projects\Deep Learning\Self Drive\IMG\center_2026_09_12_22_23_25_040.jpg,D:\ML Projects\Deep Learning\Self Drive\IMG\left_2026_09_12_22_23_25_040.jpg,D:\ML Projects\Deep Learning\Self Drive\IMG\right_2026_09_12_22_23_25_040.jpg,0,1,0,30.18998
D:\ML Projects\Deep Learning\Self Drive\IMG\center_2026_09_12_22_23_25_132.jpg,D:\ML Projects\Deep Learning\Self Drive\IMG\left_2026_09_12_22_23_25_132.jpg,D:\ML Projects\Deep Learning\Self Drive\IMG\right_2026_09_12_22_23_25_132.jpg,0,1,0,30.18999
D:\ML Projects\Deep Learning\Self Drive\IMG\center_2026_09_12_22_23_25_234.jpg,D:\ML Projects\Deep Learning\Self Drive\IMG\left_2026_09_12_22_23_25_234.jpg,D:\ML Projects\Deep Learning\Self Drive\IMG\right_2026_09_12_22_23_25_234.jpg,0,1,0,30.18995
D:\ML Projects\Deep Learning\Self Drive\IMG\center_2026_09_12_22_23_25_305.jpg,D:\ML Projects\Deep Learning\Self Drive\IMG\left_2026_09_12_22_23_25_305.jpg,D:\ML Projects\Deep Learning\Self Drive\IMG\right_2026_09_12_22_23_25_305.jpg,0,1,0,30.18998
D:\ML Projects\Deep Learning\Self Drive\IMG\center_2026_09_12_22_23_25_378.jpg,D:\ML Projects\Deep Learning\Self Drive\IMG\left_2026_09_12_22_23_25_378.jpg,D:\ML Projects\Deep Learning\Self Drive\IMG\right_2026_09_12_22_23_25_378.jpg,0,1,0,30.18996
D:\ML Projects\Deep Learning\Self Drive\IMG\center_2026_09_12_22_23_25_471.jpg,D:\ML Projects\Deep Learning\Self Drive\IMG\left_2026_09_12_22_23_25_471.jpg,D:\ML Projects\Deep Learning\Self Drive\IMG\right_2026_09_12_22_23_25_471.jpg,0,1,0,30.18996
D:\ML Projects\Deep Learning\Self Drive\IMG\center_2026_09_12_22_23_25_550.jpg,D:\ML Projects\Deep Learning\Self Drive\IMG\left_2026_09_12_22_23_25_550.jpg,D:\ML Projects\Deep Learning\Self Drive\IMG\right_2026_09_12_22_23_25_550.jpg,0,1,0,30.18997
D:\ML Projects\Deep Learning\Self Drive\IMG\center_2026_09_12_22_23_25_628.jpg,D:\ML Projects\Deep Learning\Self Drive\IMG\left_2026_09_12_22_23_25_628.jpg,D:\ML Projects\Deep Learning\Self Drive\IMG\right_2026_09_12_22_23_25_628.jpg,0,1,0,30.18994
D:\ML Projects\Deep Learning\Self Drive\IMG\center_2026_09_12_22_23_25_705.jpg,D:\ML Projects\Deep Learning\Self Drive\IMG\left_2026_09_12_22_23_25_705.jpg,D:\ML Projects\Deep Learning\Self Drive\IMG\right_2026_09_12_22_23_25_705.jpg,0,1,0,30.18995
D:\ML Projects\Deep Learning\Self Drive\IMG\center_2026_09_12_22_23_25_780.jpg,D:\ML Projects\Deep Learning\Self Drive\IMG\left_2026_09_12_22_23_25_780.jpg,D:\ML Projects\Deep Learning\Self Drive\IMG\right_2026_09_12_22_23_25_780.jpg,0,1,0,30.18998
D:\ML Projects\Deep Learning\Self Drive\IMG\center_2026_09_12_22_23_25_855.jpg,D:\ML Projects\Deep Learning\Self Drive\IMG\left_2026_09_12_22_23_25_855.jpg,D:\ML Projects\Deep Learning\Self Drive\IMG\right_2026_09_12_22_23_25_855.jpg,0,1,0,30.18996
D:\ML Projects\Deep Learning\Self Drive\IMG\center_2026_09_12_22_23_25_930.jpg,D:\ML Projects\Deep Learning\Self Drive\IMG\left_2026_09_12_22_23_25_930.jpg,D:\ML Projects\Deep Learning\Self Drive\IMG\right_2026_09_12_22_23_25_930.jpg,0,1,0,30.18994
D:\ML Projects\Deep Learning\Self Drive\IMG\center_2026_09_12_22_23_26_007.jpg,D:\ML Projects\Deep Learning\Self Drive\IMG\left_2026_09_12_22_23_26_007.jpg,D:\ML Projects\Deep Learning\Self Drive\IMG\right_2026_09_12_22_23_26_007.jpg,0,1,0,30.18997
D:\ML Projects\Deep Learning\Self Drive\IMG\center_2026_09_12_22_23_26_086.jpg,D:\ML Projects\Deep Learning\Self Drive\IMG\left_2026_09_12_22_23_26_086.jpg,D:\ML Projects\Deep Learning\Self Drive\IMG\right_2026_09_12_22_23_26_086.jpg,0,1,0,30.18998
D:\ML Projects\Deep Learning\Self Drive\IMG\center_2026_09_12_22_23_26_180.jpg,D:\ML Projects\Deep Learning\Self Drive\IMG\left_2026_09_12_22_23_26_180.jpg,D:\ML Projects\Deep Learning\Self Drive\IMG\right_2026_09_12_22_23_26_180.jpg,0,1,0,30.18996
D:\ML Projects\Deep Learning\Self Drive\IMG\center_2026_09_12_22_23_26_264.jpg,D:\ML Projects\Deep Learning\Self Drive\IMG\left_2026_09_12_22_23_26_264.jpg,D:\ML Projects\Deep Learning\Self Drive\IMG\right_2026_09_12_22_23_26_264.jpg,0,1,0,30.29156
D:\ML Projects\Deep Learning\Self Drive\IMG\center_2026_09_12_22_23_26_346.jpg,D:\ML Projects\Deep Learning\Self Drive\IMG\left_2026_09_12_22_23_26_346.jpg,D:\ML Projects\Deep Learning\Self Drive\IMG\right_2026_09_12_22_23_26_346.jpg,0,1,0,30.24087
D:\ML Projects\Deep Learning\Self Drive\IMG\center_2026_09_12_22_23_26_433.jpg,D:\ML Projects\Deep Learning\Self Drive\IMG\left_2026_09_12_22_23_26_433.jpg,D:\ML Projects\Deep Learning\Self Drive\IMG\right_2026_09_12_22_23_26_433.jpg,0,1,0,30.06862
D:\ML Projects\Deep Learning\Self Drive\IMG\center_2026_09_12_22_23_26_553.jpg,D:\ML Projects\Deep Learning\Self Drive\IMG\left_2026_09_12_22_23_26_553.jpg,D:\ML Projects\Deep Learning\Self Drive\IMG\right_2026_09_12_22_23_26_553.jpg,0,1,0,30.45512
D:\ML Projects\Deep Learning\Self Drive\IMG\center_2026_09_12_22_23_26_592.jpg,D:\ML Projects\Deep Learning\Self Drive\IMG\left_2026_09_12_22_23_26_592.jpg,D:\ML Projects\Deep Learning\Self Drive\IMG\right_2026_09_12_22_23_26_592.jpg,0,0.759154,0,30.15121
D:\ML Projects\Deep Learning\Self Drive\IMG\center_2026_09_12_22_23_26_665.jpg,D:\ML Projects\Deep Learning\Self Drive\IMG\left_2026_09_12_22_23_26_665.jpg,D:\ML Projects\Deep Learning\Self Drive\IMG\right_2026_09_12_22_23_26_665.jpg,0,0.5410309,0,30.07058
D:\ML Projects\Deep Learning\Self Drive\IMG\center_2026_09_12_22_23_26_739.jpg,D:\ML Projects\Deep Learning\Self Drive\IMG\left_2026_09_12_22_23_26_739.jpg,D:\ML Projects\Deep Learning\Self Drive\IMG\right_2026_09_12_22_23_26_739.jpg,0,0.3168226,0,30.01397
D:\ML Projects\Deep Learning\Self Drive\IMG\center_2026_09_12_22_23_26_880.jpg,D:\ML Projects\Deep Learning\Self Drive\IMG\left_2026_09_12_22_23_26_880.jpg,D:\ML Projects\Deep Learning\Self Drive\IMG\right_2026_09_12_22_23_26_880.jpg,0,0,0,29.70578
D:\ML Projects\Deep Learning\Self Drive\IMG\center_2026_09_12_22_23_26_952.jpg,D:\ML Projects\Deep Learning\Self Drive\IMG\left_2026_09_12_22_23_26_952.jpg,D:\ML Projects\Deep Learning\Self Drive\IMG\right_2026_09_12_22_23_26_952.jpg,0,0,0,29.52691
D:\ML Projects\Deep Learning\Self Drive\IMG\center_2026_09_12_22_23_27_029.jpg,D:\ML Projects\Deep Learning\Self Drive\IMG\left_2026_09_12_22_23_27_029.jpg,D:\ML Projects\Deep Learning\Self Drive\IMG\right_2026_09_12_22_23_27_029.jpg,-0.2,0,0,29.27037
D:\ML Projects\Deep Learning\Self Drive\IMG\center_2026_09_12_22_23_27_110.jpg,D:\ML Projects\Deep Learning\Self Drive\IMG\left_2026_09_12_22_23_27_110.jpg,D:\ML Projects\Deep Learning\Self Drive\IMG\right_2026_09_12_22_23_27_110.jpg,0,0,0,29.03284
D:\ML Projects\Deep Learning\Self Drive\IMG\center_2026_09_12_22_23_27_184.jpg,D:\ML Projects\Deep Learning\Self Drive\IMG\left_2026_09_12_22_23_27_184.jpg,D:\ML Projects\Deep Learning\Self Drive\IMG\right_2026_09_12_22_23_27_184.jpg,0,0,0,28.79903
D:\ML Projects\Deep Learning\Self Drive\IMG\center_2026_09_12_22_23_27_264.jpg,D:\ML Projects\Deep Learning\Self Drive\IMG\left_2026_09_12_22_23_27_264.jpg,D:\ML Projects\Deep Learning\Self Drive\IMG\right_2026_09_12_22_23_27_264.jpg,0,0,0,28.56737
D:\ML Projects\Deep Learning\Self Drive\IMG\center_2026_09_12_22_23_27_344.jpg,D:\ML Projects\Deep Learning\Self Drive\IMG\left_2026_09_12_22_23_27_344.jpg,D:\ML Projects\Deep Learning\Self Drive\IMG\right_2026_09_12_22_23_27_344.jpg,0,0,0,28.33764
D:\ML Projects\Deep Learning\Self Drive\IMG\center_2026_09_12_22_23_27_435.jpg,D:\ML Projects\Deep Learning\Self Drive\IMG\left_2026_09_12_22_23_27_435.jpg,D:\ML Projects\Deep Learning\Self Drive\IMG\right_2026_09_12_22_23_27_435.jpg,-0.25,0,0,28.02092
D:\ML Projects\Deep Learning\Self Drive\IMG\center_2026_09_12_22_23_27_516.jpg,D:\ML Projects\Deep Learning\Self Drive\IMG\left_2026_09_12_22_23_27_516.jpg,D:\ML Projects\Deep Learning\Self Drive\IMG\right_2026_09_12_22_23_27_516.jpg,-0.45,0.2488932,0,27.88907
D:\ML Projects\Deep Learning\Self Drive\IMG\center_2026_09_12_22_23_27_598.jpg,D:\ML Projects\Deep Learning\Self Drive\IMG\left_2026_09_12_22_23_27_598.jpg,D:\ML Projects\Deep Learning\Self Drive\IMG\right_2026_09_12_22_23_27_598.jpg,0,0.4917867,0,28.08636
D:\ML Projects\Deep Learning\Self Drive\IMG\center_2026_09_12_22_23_27_680.jpg,D:\ML Projects\Deep Learning\Self Drive\IMG\left_2026_09_12_22_23_27_680.jpg,D:\ML Projects\Deep Learning\Self Drive\IMG\right_2026_09_12_22_23_27_680.jpg,0,0.7349676,0,28.52813
D:\ML Projects\Deep Learning\Self Drive\IMG\center_2026_09_12_22_23_27_760.jpg,D:\ML Projects\Deep Learning\Self Drive\IMG\left_2026_09_12_22_23_27_760.jpg,D:\ML Projects\Deep Learning\Self Drive\IMG\right_2026_09_12_22_23_27_760.jpg,-0.2,0.9782016,0,29.19051
D:\ML Projects\Deep Learning\Self Drive\IMG\center_2026_09_12_22_23_27_838.jpg,D:\ML Projects\Deep Learning\Self Drive\IMG\left_2026_09_12_22_23_27_838.jpg,D:\ML Projects\Deep Learning\Self Drive\IMG\right_2026_09_12_22_23_27_838.jpg,0,1,0,29.91489
D:\ML Projects\Deep Learning\Self Drive\IMG\center_2026_09_12_22_23_27_935.jpg,D:\ML Projects\Deep Learning\Self Drive\IMG\left_2026_09_12_22_23_27_935.jpg,D:\ML Projects\Deep Learning\Self Drive\IMG\right_2026_09_12_22_23_27_935.jpg,0,1,0,30.19034
D:\ML Projects\Deep Learning\Self Drive\IMG\center_2026_09_12_22_23_28_017.jpg,D:\ML Projects\Deep Learning\Self Drive\IMG\left_2026_09_12_22_23_28_017.jpg,D:\ML Projects\Deep Learning\Self Drive\IMG\right_2026_09_12_22_23_28_017.jpg,0,1,0,30.19028
D:\ML Projects\Deep Learning\Self Drive\IMG\center_2026_09_12_22_23_28_110.jpg,D:\ML Projects\Deep Learning\Self Drive\IMG\left_2026_09_12_22_23_28_110.jpg,D:\ML Projects\Deep Learning\Self Drive\IMG\right_2026_09_12_22_23_28_110.jpg,0,1,0,30.19029
D:\ML Projects\Deep Learning\Self Drive\IMG\center_2026_09_12_22_23_28_204.jpg,D:\ML Projects\Deep Learning\Self Drive\IMG\left_2026_09_12_22_23_28_204.jpg,D:\ML Projects\Deep Learning\Self Drive\IMG\right_2026_09_12_22_23_28_204.jpg,-0.25,1,0,30.17503
D:\ML Projects\Deep Learning\Self Drive\IMG\center_2026_09_12_22_23_28_305.jpg,D:\ML Projects\Deep Learning\Self Drive\IMG\left_2026_09_12_22_23_28_305.jpg,D:\ML Projects\Deep Learning\Self Drive\IMG\right_2026_09_12_22_23_28_305.jpg,0,1,0,30.19002
D:\ML Projects\Deep Learning\Self Drive\IMG\center_2026_09_12_22_23_28_394.jpg,D:\ML Projects\Deep Learning\Self Drive\IMG\left_2026_09_12_22_23_28_394.jpg,D:\ML Projects\Deep Learning\Self Drive\IMG\right_2026_09_12_22_23_28_394.jpg,0,1,0,30.19022
D:\ML Projects\Deep Learning\Self Drive\IMG\center_2026_09_12_22_23_28_499.jpg,D:\ML Projects\Deep Learning\Self Drive\IMG\left_2026_09_12_22_23_28_499.jpg,D:\ML Projects\Deep Learning\Self Drive\IMG\right_2026_09_12_22_23_28_499.jpg,-0.3,1,0,30.1704
D:\ML Projects\Deep Learning\Self Drive\IMG\center_2026_09_12_22_23_28_587.jpg,D:\ML Projects\Deep Learning\Self Drive\IMG\left_2026_09_12_22_23_28_587.jpg,D:\ML Projects\Deep Learning\Self Drive\IMG\right_2026_09_12_22_23_28_587.jpg,0,1,0,30.18984
D:\ML Projects\Deep Learning\Self Drive\IMG\center_2026_09_12_22_23_28_671.jpg,D:\ML Projects\Deep Learning\Self Drive\IMG\left_2026_09_12_22_23_28_671.jpg,D:\ML Projects\Deep Learning\Self Drive\IMG\right_2026_09_12_22_23_28_671.jpg,0,0.7503052,0,30.12369
D:\ML Projects\Deep Learning\Self Drive\IMG\center_2026_09_12_22_23_28_751.jpg,D:\ML Projects\Deep Learning\Self Drive\IMG\left_2026_09_12_22_23_28_751.jpg,D:\ML Projects\Deep Learning\Self Drive\IMG\right_2026_09_12_22_23_28_751.jpg,0,0.507832,0,30.06144
D:\ML Projects\Deep Learning\Self Drive\IMG\center_2026_09_12_22_23_28_827.jpg,D:\ML Projects\Deep Learning\Self Drive\IMG\left_2026_09_12_22_23_28_827.jpg,D:\ML Projects\Deep Learning\Self Drive\IMG\right_2026_09_12_22_23_28_827.jpg,0,0.2820049,0,30.00378
D:\ML Projects\Deep Learning\Self Drive\IMG\center_2026_09_12_22_23_28_916.jpg,D:\ML Projects\Deep Learning\Self Drive\IMG\left_2026_09_12_22_23_28_916.jpg,D:\ML Projects\Deep Learning\Self Drive\IMG\right_2026_09_12_22_23_28_916.jpg,-0.25,0.01530612,0,29.72539
D:\ML Projects\Deep Learning\Self Drive\IMG\center_2026_09_12_22_23_29_019.jpg,D:\ML Projects\Deep Learning\Self Drive\IMG\left_2026_09_12_22_23_29_019.jpg,D:\ML Projects\Deep Learning\Self Drive\IMG\right_2026_09_12_22_23_29_019.jpg,0,0,0,29.42553
D:\ML Projects\Deep Learning\Self Drive\IMG\center_2026_09_12_22_23_29_090.jpg,D:\ML Projects\Deep Learning\Self Drive\IMG\left_2026_09_12_22_23_29_090.jpg,D:\ML Projects\Deep Learning\Self Drive\IMG\right_2026_09_12_22_23_29_090.jpg,0,0,0,29.24759
D:\ML Projects\Deep Learning\Self Drive\IMG\center_2026_09_12_22_23_29_174.jpg,D:\ML Projects\Deep Learning\Self Drive\IMG\left_2026_09_12_22_23_29_174.jpg,D:\ML Projects\Deep Learning\Self Drive\IMG\right_2026_09_12_22_23_29_174.jpg,-0.25,0,0,28.92519
D:\ML Projects\Deep Learning\Self Drive\IMG\center_2026_09_12_22_23_29_305.jpg,D:\ML Projects\Deep Learning\Self Drive\IMG\left_2026_09_12_22_23_29_305.jpg,D:\ML Projects\Deep Learning\Self Drive\IMG\right_2026_09_12_22_23_29_305.jpg,0,0,0,28.49426
D:\ML Projects\Deep Learning\Self Drive\IMG\center_2026_09_12_22_23_29_373.jpg,D:\ML Projects\Deep Learning\Self Drive\IMG\left_2026_09_12_22_23_29_373.jpg,D:\ML Projects\Deep Learning\Self Drive\IMG\right_2026_09_12_22_23_29_373.jpg,0,0,0,28.26186
D:\ML Projects\Deep Learning\Self Drive\IMG\center_2026_09_12_22_23_29_458.jpg,D:\ML Projects\Deep Learning\Self Drive\IMG\left_2026_09_12_22_23_29_458.jpg,D:\ML Projects\Deep Learning\Self Drive\IMG\right_2026_09_12_22_23_29_458.jpg,-0.2,0,0,28.02394
D:\ML Projects\Deep Learning\Self Drive\IMG\center_2026_09_12_22_23_29_596.jpg,D:\ML Projects\Deep Learning\Self Drive\IMG\left_2026_09_12_22_23_29_596.jpg,D:\ML Projects\Deep Learning\Self Drive\IMG\right_2026_09_12_22_23_29_596.jpg,0,0,0,27.57253
D:\ML Projects\Deep Learning\Self Drive\IMG\center_2026_09_12_22_23_29_668.jpg,D:\ML Projects\Deep Learning\Self Drive\IMG\left_2026_09_12_22_23_29_668.jpg,D:\ML Projects\Deep Learning\Self Drive\IMG\right_2026_09_12_22_23_29_668.jpg,0,0,0,27.40447
D:\ML Projects\Deep Learning\Self Drive\IMG\center_2026_09_12_22_23_29_751.jpg,D:\ML Projects\Deep Learning\Self Drive\IMG\left_2026_09_12_22_23_29_751.jpg,D:\ML Projects\Deep Learning\Self Drive\IMG\right_2026_09_12_22_23_29_751.jpg,-0.2,0,0,27.17276
D:\ML Projects\Deep Learning\Self Drive\IMG\center_2026_09_12_22_23_29_826.jpg,D:\ML Projects\Deep Learning\Self Drive\IMG\left_2026_09_12_22_23_29_826.jpg,D:\ML Projects\Deep Learning\Self Drive\IMG\right_2026_09_12_22_23_29_826.jpg,0,0,0,26.95185
D:\ML Projects\Deep Learning\Self Drive\IMG\center_2026_09_12_22_23_29_902.jpg,D:\ML Projects\Deep Learning\Self Drive\IMG\left_2026_09_12_22_23_29_902.jpg,D:\ML Projects\Deep Learning\Self Drive\IMG\right_2026_09_12_22_23_29_902.jpg,-0.2,0,0,26.72277
D:\ML Projects\Deep Learning\Self Drive\IMG\center_2026_09_12_22_23_29_996.jpg,D:\ML Projects\Deep Learning\Self Drive\IMG\left_2026_09_12_22_23_29_996.jpg,D:\ML Projects\Deep Learning\Self Drive\IMG\right_2026_09_12_22_23_29_996.jpg,0,0,0,26.45183
D:\ML Projects\Deep Learning\Self Drive\IMG\center_2026_09_12_22_23_30_073.jpg,D:\ML Projects\Deep Learning\Self Drive\IMG\left_2026_09_12_22_23_30_073.jpg,D:\ML Projects\Deep Learning\Self Drive\IMG\right_2026_09_12_22_23_30_073.jpg,0,0,0,26.29195
D:\ML Projects\Deep Learning\Self Drive\IMG\center_2026_09_12_22_23_30_158.jpg,D:\ML Projects\Deep Learning\Self Drive\IMG\left_2026_09_12_22_23_30_158.jpg,D:\ML Projects\Deep Learning\Self Drive\IMG\right_2026_09_12_22_23_30_158.jpg,-0.25,0,0,26.00023
D:\ML Projects\Deep Learning\Self Drive\IMG\center_2026_09_12_22_23_30_231.jpg,D:\ML Projects\Deep Learning\Self Drive\IMG\left_2026_09_12_22_23_30_231.jpg,D:\ML Projects\Deep Learning\Self Drive\IMG\right_2026_09_12_22_23_30_231.jpg,0,0,0,25.8395
D:\ML Projects\Deep Learning\Self Drive\IMG\center_2026_09_12_22_23_30_305.jpg,D:\ML Projects\Deep Learning\Self Drive\IMG\left_2026_09_12_22_23_30_305.jpg,D:\ML Projects\Deep Learning\Self Drive\IMG\right_2026_09_12_22_23_30_305.jpg,-0.2,0,0,25.62144
D:\ML Projects\Deep Learning\Self Drive\IMG\center_2026_09_12_22_23_30_371.jpg,D:\ML Projects\Deep Learning\Self Drive\IMG\left_2026_09_12_22_23_30_371.jpg,D:\ML Projects\Deep Learning\Self Drive\IMG\right_2026_09_12_22_23_30_371.jpg,-0.35,0,0,25.41942
D:\ML Projects\Deep Learning\Self Drive\IMG\center_2026_09_12_22_23_30_458.jpg,D:\ML Projects\Deep Learning\Self Drive\IMG\left_2026_09_12_22_23_30_458.jpg,D:\ML Projects\Deep Learning\Self Drive\IMG\right_2026_09_12_22_23_30_458.jpg,-0.6000001,0,0,24.98361
D:\ML Projects\Deep Learning\Self Drive\IMG\center_2026_09_12_22_23_30_529.jpg,D:\ML Projects\Deep Learning\Self Drive\IMG\left_2026_09_12_22_23_30_529.jpg,D:\ML Projects\Deep Learning\Self Drive\IMG\right_2026_09_12_22_23_30_529.jpg,-0.7500002,0,0,24.66468
D:\ML Projects\Deep Learning\Self Drive\IMG\center_2026_09_12_22_23_30_612.jpg,D:\ML Projects\Deep Learning\Self Drive\IMG\left_2026_09_12_22_23_30_612.jpg,D:\ML Projects\Deep Learning\Self Drive\IMG\right_2026_09_12_22_23_30_612.jpg,0,0,0,24.39581
D:\ML Projects\Deep Learning\Self Drive\IMG\center_2026_09_12_22_23_30_695.jpg,D:\ML Projects\Deep Learning\Self Drive\IMG\left_2026_09_12_22_23_30_695.jpg,D:\ML Projects\Deep Learning\Self Drive\IMG\right_2026_09_12_22_23_30_695.jpg,-0.25,0,0,24.1506
D:\ML Projects\Deep Learning\Self Drive\IMG\center_2026_09_12_22_23_30_778.jpg,D:\ML Projects\Deep Learning\Self Drive\IMG\left_2026_09_12_22_23_30_778.jpg,D:\ML Projects\Deep Learning\Self Drive\IMG\right_2026_09_12_22_23_30_778.jpg,-0.45,0,0,23.89573
D:\ML Projects\Deep Learning\Self Drive\IMG\center_2026_09_12_22_23_30_859.jpg,D:\ML Projects\Deep Learning\Self Drive\IMG\left_2026_09_12_22_23_30_859.jpg,D:\ML Projects\Deep Learning\Self Drive\IMG\right_2026_09_12_22_23_30_859.jpg,0,0,0,23.67987
D:\ML Projects\Deep Learning\Self Drive\IMG\center_2026_09_12_22_23_30_930.jpg,D:\ML Projects\Deep Learning\Self Drive\IMG\left_2026_09_12_22_23_30_930.jpg,D:\ML Projects\Deep Learning\Self Drive\IMG\right_2026_09_12_22_23_30_930.jpg,0,0,0,23.5338
D:\ML Projects\Deep Learning\Self Drive\IMG\center_2026_09_12_22_23_31_006.jpg,D:\ML Projects\Deep Learning\Self Drive\IMG\left_2026_09_12_22_23_31_006.jpg,D:\ML Projects\Deep Learning\Self Drive\IMG\right_2026_09_12_22_23_31_006.jpg,0,0,0,23.34289
D:\ML Projects\Deep Learning\Self Drive\IMG\center_2026_09_12_22_23_31_081.jpg,D:\ML Projects\Deep Learning\Self Drive\IMG\left_2026_09_12_22_23_31_081.jpg,D:\ML Projects\Deep Learning\Self Drive\IMG\right_2026_09_12_22_23_31_081.jpg,0,0,0,23.15553
D:\ML Projects\Deep Learning\Self Drive\IMG\center_2026_09_12_22_23_31_167.jpg,D:\ML Projects\Deep Learning\Self Drive\IMG\left_2026_09_12_22_23_31_167.jpg,D:\ML Projects\Deep Learning\Self Drive\IMG\right_2026_09_12_22_23_31_167.jpg,-0.2,0,0,22.95402
D:\ML Projects\Deep Learning\Self Drive\IMG\center_2026_09_12_22_23_31_257.jpg,D:\ML Projects\Deep Learning\Self Drive\IMG\left_2026_09_12_22_23_31_257.jpg,D:\ML Projects\Deep Learning\Self Drive\IMG\right_2026_09_12_22_23_31_257.jpg,-0.45,0,0,22.61602
D:\ML Projects\Deep Learning\Self Drive\IMG\center_2026_09_12_22_23_31_326.jpg,D:\ML Projects\Deep Learning\Self Drive\IMG\left_2026_09_12_22_23_31_326.jpg,D:\ML Projects\Deep Learning\Self Drive\IMG\right_2026_09_12_22_23_31_326.jpg,-0.6000001,0,0,22.36234
D:\ML Projects\Deep Learning\Self Drive\IMG\center_2026_09_12_22_23_31_398.jpg,D:\ML Projects\Deep Learning\Self Drive\IMG\left_2026_09_12_22_23_31_398.jpg,D:\ML Projects\Deep Learning\Self Drive\IMG\right_2026_09_12_22_23_31_398.jpg,-0.8000001,0,0,21.96501
D:\ML Projects\Deep Learning\Self Drive\IMG\center_2026_09_12_22_23_31_479.jpg,D:\ML Projects\Deep Learning\Self Drive\IMG\left_2026_09_12_22_23_31_479.jpg,D:\ML Projects\Deep Learning\Self Drive\IMG\right_2026_09_12_22_23_31_479.jpg,0,0,0,21.69442
D:\ML Projects\Deep Learning\Self Drive\IMG\center_2026_09_12_22_23_31_561.jpg,D:\ML Projects\Deep Learning\Self Drive\IMG\left_2026_09_12_22_23_31_561.jpg,D:\ML Projects\Deep Learning\Self Drive\IMG\right_2026_09_12_22_23_31_561.jpg,0,0,0,21.48616
D:\ML Projects\Deep Learning\Self Drive\IMG\center_2026_09_12_22_23_31_692.jpg,D:\ML Projects\Deep Learning\Self Drive\IMG\left_2026_09_12_22_23_31_692.jpg,D:\ML Projects\Deep Learning\Self Drive\IMG\right_2026_09_12_22_23_31_692.jpg,-0.35,0,0,21.23152
D:\ML Projects\Deep Learning\Self Drive\IMG\center_2026_09_12_22_23_31_812.jpg,D:\ML Projects\Deep Learning\Self Drive\IMG\left_2026_09_12_22_23_31_812.jpg,D:\ML Projects\Deep Learning\Self Drive\IMG\right_2026_09_12_22_23_31_812.jpg,0,0,0,20.97544
D:\ML Projects\Deep Learning\Self Drive\IMG\center_2026_09_12_22_23_31_938.jpg,D:\ML Projects\Deep Learning\Self Drive\IMG\left_2026_09_12_22_23_31_938.jpg,D:\ML Projects\Deep Learning\Self Drive\IMG\right_2026_09_12_22_23_31_938.jpg,0,0,0,20.73883
D:\ML Projects\Deep Learning\Self Drive\IMG\center_2026_09_12_22_23_32_062.jpg,D:\ML Projects\Deep Learning\Self Drive\IMG\left_2026_09_12_22_23_32_062.jpg,D:\ML Projects\Deep Learning\Self Drive\IMG\right_2026_09_12_22_23_32_062.jpg,-0.3,0,0,20.49334
D:\ML Projects\Deep Learning\Self Drive\IMG\center_2026_09_12_22_23_32_138.jpg,D:\ML Projects\Deep Learning\Self Drive\IMG\left_2026_09_12_22_23_32_138.jpg,D:\ML Projects\Deep Learning\Self Drive\IMG\right_2026_09_12_22_23_32_138.jpg,-0.5000001,0,0,20.21734
D:\ML Projects\Deep Learning\Self Drive\IMG\center_2026_09_12_22_23_32_212.jpg,D:\ML Projects\Deep Learning\Self Drive\IMG\left_2026_09_12_22_23_32_212.jpg,D:\ML Projects\Deep Learning\Self Drive\IMG\right_2026_09_12_22_23_32_212.jpg,-0.6500001,0,0,19.71111
D:\ML Projects\Deep Learning\Self Drive\IMG\center_2026_09_12_22_23_32_290.jpg,D:\ML Projects\Deep Learning\Self Drive\IMG\left_2026_09_12_22_23_32_290.jpg,D:\ML Projects\Deep Learning\Self Drive\IMG\right_2026_09_12_22_23_32_290.jpg,-0.8500001,0.2355072,0,19.57364
D:\ML Projects\Deep Learning\Self Drive\IMG\center_2026_09_12_22_23_32_365.jpg,D:\ML Projects\Deep Learning\Self Drive\IMG\left_2026_09_12_22_23_32_365.jpg,D:\ML Projects\Deep Learning\Self Drive\IMG\right_2026_09_12_22_23_32_365.jpg,-1,0.4614066,0,19.61075
D:\ML Projects\Deep Learning\Self Drive\IMG\center_2026_09_12_22_23_32_458.jpg,D:\ML Projects\Deep Learning\Self Drive\IMG\left_2026_09_12_22_23_32_458.jpg,D:\ML Projects\Deep Learning\Self Drive\IMG\right_2026_09_12_22_23_32_458.jpg,-1,0.7349763,0,20.19773
D:\ML Projects\Deep Learning\Self Drive\IMG\center_2026_09_12_22_23_32_533.jpg,D:\ML Projects\Deep Learning\Self Drive\IMG\left_2026_09_12_22_23_32_533.jpg,D:\ML Projects\Deep Learning\Self Drive\IMG\right_2026_09_12_22_23_32_533.jpg,0,0.9600318,0,20.54548
D:\ML Projects\Deep Learning\Self Drive\IMG\center_2026_09_12_22_23_32_616.jpg,D:\ML Projects\Deep Learning\Self Drive\IMG\left_2026_09_12_22_23_32_616.jpg,D:\ML Projects\Deep Learning\Self Drive\IMG\right_2026_09_12_22_23_32_616.jpg,-0.25,1,0,21.53537
D:\ML Projects\Deep Learning\Self Drive\IMG\center_2026_09_12_22_23_32_686.jpg,D:\ML Projects\Deep Learning\Self Drive\IMG\left_2026_09_12_22_23_32_686.jpg,D:\ML Projects\Deep Learning\Self Drive\IMG\right_2026_09_12_22_23_32_686.jpg,-0.4,1,0,22.09091
D:\ML Projects\Deep Learning\Self Drive\IMG\center_2026_09_12_22_23_32_760.jpg,D:\ML Projects\Deep Learning\Self Drive\IMG\left_2026_09_12_22_23_32_760.jpg,D:\ML Projects\Deep Learning\Self Drive\IMG\right_2026_09_12_22_23_32_760.jpg,0,1,0,22.85443
D:\ML Projects\Deep Learning\Self Drive\IMG\center_2026_09_12_22_23_32_827.jpg,D:\ML Projects\Deep Learning\Self Drive\IMG\left_2026_09_12_22_23_32_827.jpg,D:\ML Projects\Deep Learning\Self Drive\IMG\right_2026_09_12_22_23_32_827.jpg,0,1,0,23.46543
D:\ML Projects\Deep Learning\Self Drive\IMG\center_2026_09_12_22_23_32_897.jpg,D:\ML Projects\Deep Learning\Self Drive\IMG\left_2026_09_12_22_23_32_897.jpg,D:\ML Projects\Deep Learning\Self Drive\IMG\right_2026_09_12_22_23_32_897.jpg,0,1,0,24.23586
D:\ML Projects\Deep Learning\Self Drive\IMG\center_2026_09_12_22_23_32_979.jpg,D:\ML Projects\Deep Learning\Self Drive\IMG\left_2026_09_12_22_23_32_979.jpg,D:\ML Projects\Deep Learning\Self Drive\IMG\right_2026_09_12_22_23_32_979.jpg,0,1,0,25.0036
D:\ML Projects\Deep Learning\Self Drive\IMG\center_2026_09_12_22_23_33_047.jpg,D:\ML Projects\Deep Learning\Self Drive\IMG\left_2026_09_12_22_23_33_047.jpg,D:\ML Projects\Deep Learning\Self Drive\IMG\right_2026_09_12_22_23_33_047.jpg,0,1,0,25.5745
D:\ML Projects\Deep Learning\Self Drive\IMG\center_2026_09_12_22_23_33_127.jpg,D:\ML Projects\Deep Learning\Self Drive\IMG\left_2026_09_12_22_23_33_127.jpg,D:\ML Projects\Deep Learning\Self Drive\IMG\right_2026_09_12_22_23_33_127.jpg,0,1,0,26.33707
D:\ML Projects\Deep Learning\Self Drive\IMG\center_2026_09_12_22_23_33_213.jpg,D:\ML Projects\Deep Learning\Self Drive\IMG\left_2026_09_12_22_23_33_213.jpg,D:\ML Projects\Deep Learning\Self Drive\IMG\right_2026_09_12_22_23_33_213.jpg,0,1,0,27.2807
D:\ML Projects\Deep Learning\Self Drive\IMG\center_2026_09_12_22_23_33_289.jpg,D:\ML Projects\Deep Learning\Self Drive\IMG\left_2026_09_12_22_23_33_289.jpg,D:\ML Projects\Deep Learning\Self Drive\IMG\right_2026_09_12_22_23_33_289.jpg,0,1,0,27.84241
D:\ML Projects\Deep Learning\Self Drive\IMG\center_2026_09_12_22_23_33_363.jpg,D:\ML Projects\Deep Learning\Self Drive\IMG\left_2026_09_12_22_23_33_363.jpg,D:\ML Projects\Deep Learning\Self Drive\IMG\right_2026_09_12_22_23_33_363.jpg,0,1,0,28.58497
D:\ML Projects\Deep Learning\Self Drive\IMG\center_2026_09_12_22_23_33_453.jpg,D:\ML Projects\Deep Learning\Self Drive\IMG\left_2026_09_12_22_23_33_453.jpg,D:\ML Projects\Deep Learning\Self Drive\IMG\right_2026_09_12_22_23_33_453.jpg,0,1,0,29.32335
D:\ML Projects\Deep Learning\Self Drive\IMG\center_2026_09_12_22_23_33_529.jpg,D:\ML Projects\Deep Learning\Self Drive\IMG\left_2026_09_12_22_23_33_529.jpg,D:\ML Projects\Deep Learning\Self Drive\IMG\right_2026_09_12_22_23_33_529.jpg,-0.2,1,0,30.0358
D:\ML Projects\Deep Learning\Self Drive\IMG\center_2026_09_12_22_23_33_602.jpg,D:\ML Projects\Deep Learning\Self Drive\IMG\left_2026_09_12_22_23_33_602.jpg,D:\ML Projects\Deep Learning\Self Drive\IMG\right_2026_09_12_22_23_33_602.jpg,-0.4,1,0,30.15745
D:\ML Projects\Deep Learning\Self Drive\IMG\center_2026_09_12_22_23_33_680.jpg,D:\ML Projects\Deep Learning\Self Drive\IMG\left_2026_09_12_22_23_33_680.jpg,D:\ML Projects\Deep Learning\Self Drive\IMG\right_2026_09_12_22_23_33_680.jpg,0,1,0,30.18931
D:\ML Projects\Deep Learning\Self Drive\IMG\center_2026_09_12_22_23_33_776.jpg,D:\ML Projects\Deep Learning\Self Drive\IMG\left_2026_09_12_22_23_33_776.jpg,D:\ML Projects\Deep Learning\Self Drive\IMG\right_2026_09_12_22_23_33_776.jpg,0,1,0,30.19058
D:\ML Projects\Deep Learning\Self Drive\IMG\center_2026_09_12_22_23_33_871.jpg,D:\ML Projects\Deep Learning\Self Drive\IMG\left_2026_09_12_22_23_33_871.jpg,D:\ML Projects\Deep Learning\Self Drive\IMG\right_2026_09_12_22_23_33_871.jpg,-0.2,1,0,30.18286
D:\ML Projects\Deep Learning\Self Drive\IMG\center_2026_09_12_22_23_33_972.jpg,D:\ML Projects\Deep Learning\Self Drive\IMG\left_2026_09_12_22_23_33_972.jpg,D:\ML Projects\Deep Learning\Self Drive\IMG\right_2026_09_12_22_23_33_972.jpg,-0.45,1,0,30.15297
D:\ML Projects\Deep Learning\Self Drive\IMG\center_2026_09_12_22_23_34_074.jpg,D:\ML Projects\Deep Learning\Self Drive\IMG\left_2026_09_12_22_23_34_074.jpg,D:\ML Projects\Deep Learning\Self Drive\IMG\right_2026_09_12_22_23_34_074.jpg,0,1,0,30.19016
D:\ML Projects\Deep Learning\Self Drive\IMG\center_2026_09_12_22_23_34_182.jpg,D:\ML Projects\Deep Learning\Self Drive\IMG\left_2026_09_12_22_23_34_182.jpg,D:\ML Projects\Deep Learning\Self Drive\IMG\right_2026_09_12_22_23_34_182.jpg,0,1,0,30.19049
D:\ML Projects\Deep Learning\Self Drive\IMG\center_2026_09_12_22_23_34_278.jpg,D:\ML Projects\Deep Learning\Self Drive\IMG\left_2026_09_12_22_23_34_278.jpg,D:\ML Projects\Deep Learning\Self Drive\IMG\right_2026_09_12_22_23_34_278.jpg,-0.25,1,0,30.1769
D:\ML Projects\Deep Learning\Self Drive\IMG\center_2026_09_12_22_23_34_366.jpg,D:\ML Projects\Deep Learning\Self Drive\IMG\left_2026_09_12_22_23_34_366.jpg,D:\ML Projects\Deep Learning\Self Drive\IMG\right_2026_09_12_22_23_34_366.jpg,0,1,0,30.19112
D:\ML Projects\Deep Learning\Self Drive\IMG\center_2026_09_12_22_23_34_460.jpg,D:\ML Projects\Deep Learning\Self Drive\IMG\left_2026_09_12_22_23_34_460.jpg,D:\ML Projects\Deep Learning\Self Drive\IMG\right_2026_09_12_22_23_34_460.jpg,-0.25,1,0,30.17736
D:\ML Projects\Deep Learning\Self Drive\IMG\center_2026_09_12_22_23_34_535.jpg,D:\ML Projects\Deep Learning\Self Drive\IMG\left_2026_09_12_22_23_34_535.jpg,D:\ML Projects\Deep Learning\Self Drive\IMG\right_2026_09_12_22_23_34_535.jpg,0,1,0,30.19018
D:\ML Projects\Deep Learning\Self Drive\IMG\center_2026_09_12_22_23_34_623.jpg,D:\ML Projects\Deep Learning\Self Drive\IMG\left_2026_09_12_22_23_34_623.jpg,D:\ML Projects\Deep Learning\Self Drive\IMG\right_2026_09_12_22_23_34_623.jpg,0,1,0,30.19001
D:\ML Projects\Deep Learning\Self Drive\IMG\center_2026_09_12_22_23_34_723.jpg,D:\ML Projects\Deep Learning\Self Drive\IMG\left_2026_09_12_22_23_34_723.jpg,D:\ML Projects\Deep Learning\Self Drive\IMG\right_2026_09_12_22_23_34_723.jpg,0,1,0,30.19011
D:\ML Projects\Deep Learning\Self Drive\IMG\center_2026_09_12_22_23_34_827.jpg,D:\ML Projects\Deep Learning\Self Drive\IMG\left_2026_09_12_22_23_34_827.jpg,D:\ML Projects\Deep Learning\Self Drive\IMG\right_2026_09_12_22_23_34_827.jpg,-0.25,1,0,30.1754
D:\ML Projects\Deep Learning\Self Drive\IMG\center_2026_09_12_22_23_34_931.jpg,D:\ML Projects\Deep Learning\Self Drive\IMG\left_2026_09_12_22_23_34_931.jpg,D:\ML Projects\Deep Learning\Self Drive\IMG\right_2026_09_12_22_23_34_931.jpg,0,1,0,30.19002
D:\ML Projects\Deep Learning\Self Drive\IMG\center_2026_09_12_22_23_35_001.jpg,D:\ML Projects\Deep Learning\Self Drive\IMG\left_2026_09_12_22_23_35_001.jpg,D:\ML Projects\Deep Learning\Self Drive\IMG\right_2026_09_12_22_23_35_001.jpg,0,1,0,30.19025
D:\ML Projects\Deep Learning\Self Drive\IMG\center_2026_09_12_22_23_35_076.jpg,D:\ML Projects\Deep Learning\Self Drive\IMG\left_2026_09_12_22_23_35_076.jpg,D:\ML Projects\Deep Learning\Self Drive\IMG\right_2026_09_12_22_23_35_076.jpg,0,1,0,30.19032
D:\ML Projects\Deep Learning\Self Drive\IMG\center_2026_09_12_22_23_35_160.jpg,D:\ML Projects\Deep Learning\Self Drive\IMG\left_2026_09_12_22_23_35_160.jpg,D:\ML Projects\Deep Learning\Self Drive\IMG\right_2026_09_12_22_23_35_160.jpg,-0.2,1,0,30.18044
D:\ML Projects\Deep Learning\Self Drive\IMG\center_2026_09_12_22_23_35_235.jpg,D:\ML Projects\Deep Learning\Self Drive\IMG\left_2026_09_12_22_23_35_235.jpg,D:\ML Projects\Deep Learning\Self Drive\IMG\right_2026_09_12_22_23_35_235.jpg,0,1,0,30.19022
D:\ML Projects\Deep Learning\Self Drive\IMG\center_2026_09_12_22_23_35_303.jpg,D:\ML Projects\Deep Learning\Self Drive\IMG\left_2026_09_12_22_23_35_303.jpg,D:\ML Projects\Deep Learning\Self Drive\IMG\right_2026_09_12_22_23_35_303.jpg,0,1,0,30.19024
D:\ML Projects\Deep Learning\Self Drive\IMG\center_2026_09_12_22_23_35_387.jpg,D:\ML Projects\Deep Learning\Self Drive\IMG\left_2026_09_12_22_23_35_387.jpg,D:\ML Projects\Deep Learning\Self Drive\IMG\right_2026_09_12_22_23_35_387.jpg,-0.2,1,0,30.181
D:\ML Projects\Deep Learning\Self Drive\IMG\center_2026_09_12_22_23_35_470.jpg,D:\ML Projects\Deep Learning\Self Drive\IMG\left_2026_09_12_22_23_35_470.jpg,D:\ML Projects\Deep Learning\Self Drive\IMG\right_2026_09_12_22_23_35_470.jpg,0,1,0,30.19022
D:\ML Projects\Deep Learning\Self Drive\IMG\center_2026_09_12_22_23_35_553.jpg,D:\ML Projects\Deep Learning\Self Drive\IMG\left_2026_09_12_22_23_35_553.jpg,D:\ML Projects\Deep Learning\Self Drive\IMG\right_2026_09_12_22_23_35_553.jpg,0,1,0,30.19027
D:\ML Projects\Deep Learning\Self Drive\IMG\center_2026_09_12_22_23_35_638.jpg,D:\ML Projects\Deep Learning\Self Drive\IMG\left_2026_09_12_22_23_35_638.jpg,D:\ML Projects\Deep Learning\Self Drive\IMG\right_2026_09_12_22_23_35_638.jpg,-0.25,1,0,30.17588
D:\ML Projects\Deep Learning\Self Drive\IMG\center_2026_09_12_22_23_35_724.jpg,D:\ML Projects\Deep Learning\Self Drive\IMG\left_2026_09_12_22_23_35_724.jpg,D:\ML Projects\Deep Learning\Self Drive\IMG\right_2026_09_12_22_23_35_724.jpg,0,1,0,30.19017
D:\ML Projects\Deep Learning\Self Drive\IMG\center_2026_09_12_22_23_35_798.jpg,D:\ML Projects\Deep Learning\Self Drive\IMG\left_2026_09_12_22_23_35_798.jpg,D:\ML Projects\Deep Learning\Self Drive\IMG\right_2026_09_12_22_23_35_798.jpg,-0.2,1,0,30.18249
D:\ML Projects\Deep Learning\Self Drive\IMG\center_2026_09_12_22_23_35_874.jpg,D:\ML Projects\Deep Learning\Self Drive\IMG\left_2026_09_12_22_23_35_874.jpg,D:\ML Projects\Deep Learning\Self Drive\IMG\right_2026_09_12_22_23_35_874.jpg,-0.4,1,0,30.15987
D:\ML Projects\Deep Learning\Self Drive\IMG\center_2026_09_12_22_23_35_951.jpg,D:\ML Projects\Deep Learning\Self Drive\IMG\left_2026_09_12_22_23_35_951.jpg,D:\ML Projects\Deep Learning\Self Drive\IMG\right_2026_09_12_22_23_35_951.jpg,0,1,0,30.18747
D:\ML Projects\Deep Learning\Self Drive\IMG\center_2026_09_12_22_23_36_026.jpg,D:\ML Projects\Deep Learning\Self Drive\IMG\left_2026_09_12_22_23_36_026.jpg,D:\ML Projects\Deep Learning\Self Drive\IMG\right_2026_09_12_22_23_36_026.jpg,0,1,0,30.18981
D:\ML Projects\Deep Learning\Self Drive\IMG\center_2026_09_12_22_23_36_104.jpg,D:\ML Projects\Deep Learning\Self Drive\IMG\left_2026_09_12_22_23_36_104.jpg,D:\ML Projects\Deep Learning\Self Drive\IMG\right_2026_09_12_22_23_36_104.jpg,-0.2,1,0,30.18313
D:\ML Projects\Deep Learning\Self Drive\IMG\center_2026_09_12_22_23_36_188.jpg,D:\ML Projects\Deep Learning\Self Drive\IMG\left_2026_09_12_22_23_36_188.jpg,D:\ML Projects\Deep Learning\Self Drive\IMG\right_2026_09_12_22_23_36_188.jpg,0,1,0,30.19013
D:\ML Projects\Deep Learning\Self Drive\IMG\center_2026_09_12_22_23_36_260.jpg,D:\ML Projects\Deep Learning\Self Drive\IMG\left_2026_09_12_22_23_36_260.jpg,D:\ML Projects\Deep Learning\Self Drive\IMG\right_2026_09_12_22_23_36_260.jpg,0,1,0,30.19026
D:\ML Projects\Deep Learning\Self Drive\IMG\center_2026_09_12_22_23_36_337.jpg,D:\ML Projects\Deep Learning\Self Drive\IMG\left_2026_09_12_22_23_36_337.jpg,D:\ML Projects\Deep Learning\Self Drive\IMG\right_2026_09_12_22_23_36_337.jpg,-0.2,1,0,30.18112
D:\ML Projects\Deep Learning\Self Drive\IMG\center_2026_09_12_22_23_36_417.jpg,D:\ML Projects\Deep Learning\Self Drive\IMG\left_2026_09_12_22_23_36_417.jpg,D:\ML Projects\Deep Learning\Self Drive\IMG\right_2026_09_12_22_23_36_417.jpg,0,1,0,30.19024
D:\ML Projects\Deep Learning\Self Drive\IMG\center_2026_09_12_22_23_36_504.jpg,D:\ML Projects\Deep Learning\Self Drive\IMG\left_2026_09_12_22_23_36_504.jpg,D:\ML Projects\Deep Learning\Self Drive\IMG\right_2026_09_12_22_23_36_504.jpg,0,1,0,30.1903
D:\ML Projects\Deep Learning\Self Drive\IMG\center_2026_09_12_22_23_36_576.jpg,D:\ML Projects\Deep Learning\Self Drive\IMG\left_2026_09_12_22_23_36_576.jpg,D:\ML Projects\Deep Learning\Self Drive\IMG\right_2026_09_12_22_23_36_576.jpg,0,1,0,30.19028
D:\ML Projects\Deep Learning\Self Drive\IMG\center_2026_09_12_22_23_36_659.jpg,D:\ML Projects\Deep Learning\Self Drive\IMG\left_2026_09_12_22_23_36_659.jpg,D:\ML Projects\Deep Learning\Self Drive\IMG\right_2026_09_12_22_23_36_659.jpg,0,1,0,30.1903
D:\ML Projects\Deep Learning\Self Drive\IMG\center_2026_09_12_22_23_36_736.jpg,D:\ML Projects\Deep Learning\Self Drive\IMG\left_2026_09_12_22_23_36_736.jpg,D:\ML Projects\Deep Learning\Self Drive\IMG\right_2026_09_12_22_23_36_736.jpg,0,1,0,30.19029
D:\ML Projects\Deep Learning\Self Drive\IMG\center_2026_09_12_22_23_36_816.jpg,D:\ML Projects\Deep Learning\Self Drive\IMG\left_2026_09_12_22_23_36_816.jpg,D:\ML Projects\Deep Learning\Self Drive\IMG\right_2026_09_12_22_23_36_816.jpg,-0.2,1,0,30.17997
D:\ML Projects\Deep Learning\Self Drive\IMG\center_2026_09_12_22_23_36_883.jpg,D:\ML Projects\Deep Learning\Self Drive\IMG\left_2026_09_12_22_23_36_883.jpg,D:\ML Projects\Deep Learning\Self Drive\IMG\right_2026_09_12_22_23_36_883.jpg,-0.35,1,0,30.16363
D:\ML Projects\Deep Learning\Self Drive\IMG\center_2026_09_12_22_23_36_963.jpg,D:\ML Projects\Deep Learning\Self Drive\IMG\left_2026_09_12_22_23_36_963.jpg,D:\ML Projects\Deep Learning\Self Drive\IMG\right_2026_09_12_22_23_36_963.jpg,0,1,0,30.18942
D:\ML Projects\Deep Learning\Self Drive\IMG\center_2026_09_12_22_23_37_044.jpg,D:\ML Projects\Deep Learning\Self Drive\IMG\left_2026_09_12_22_23_37_044.jpg,D:\ML Projects\Deep Learning\Self Drive\IMG\right_2026_09_12_22_23_37_044.jpg,0,1,0,30.19022
D:\ML Projects\Deep Learning\Self Drive\IMG\center_2026_09_12_22_23_37_134.jpg,D:\ML Projects\Deep Learning\Self Drive\IMG\left_2026_09_12_22_23_37_134.jpg,D:\ML Projects\Deep Learning\Self Drive\IMG\right_2026_09_12_22_23_37_134.jpg,0,1,0,30.19028
D:\ML Projects\Deep Learning\Self Drive\IMG\center_2026_09_12_22_23_37_224.jpg,D:\ML Projects\Deep Learning\Self Drive\IMG\left_2026_09_12_22_23_37_224.jpg,D:\ML Projects\Deep Learning\Self Drive\IMG\right_2026_09_12_22_23_37_224.jpg,0,1,0,30.19022
D:\ML Projects\Deep Learning\Self Drive\IMG\center_2026_09_12_22_23_37_312.jpg,D:\ML Projects\Deep Learning\Self Drive\IMG\left_2026_09_12_22_23_37_312.jpg,D:\ML Projects\Deep Learning\Self Drive\IMG\right_2026_09_12_22_23_37_312.jpg,0,1,0,30.19032
D:\ML Projects\Deep Learning\Self Drive\IMG\center_2026_09_12_22_23_37_399.jpg,D:\ML Projects\Deep Learning\Self Drive\IMG\left_2026_09_12_22_23_37_399.jpg,D:\ML Projects\Deep Learning\Self Drive\IMG\right_2026_09_12_22_23_37_399.jpg,0,1,0,30.19028
D:\ML Projects\Deep Learning\Self Drive\IMG\center_2026_09_12_22_23_37_499.jpg,D:\ML Projects\Deep Learning\Self Drive\IMG\left_2026_09_12_22_23_37_499.jpg,D:\ML Projects\Deep Learning\Self Drive\IMG\right_2026_09_12_22_23_37_499.jpg,0,1,0,30.19029
D:\ML Projects\Deep Learning\Self Drive\IMG\center_2026_09_12_22_23_37_592.jpg,D:\ML Projects\Deep Learning\Self Drive\IMG\left_2026_09_12_22_23_37_592.jpg,D:\ML Projects\Deep Learning\Self Drive\IMG\right_2026_09_12_22_23_37_592.jpg,0,1,0,30.19034
D:\ML Projects\Deep Learning\Self Drive\IMG\center_2026_09_12_22_23_37_698.jpg,D:\ML Projects\Deep Learning\Self Drive\IMG\left_2026_09_12_22_23_37_698.jpg,D:\ML Projects\Deep Learning\Self Drive\IMG\right_2026_09_12_22_23_37_698.jpg,0,1,0,30.19031
D:\ML Projects\Deep Learning\Self Drive\IMG\center_2026_09_12_22_23_37_827.jpg,D:\ML Projects\Deep Learning\Self Drive\IMG\left_2026_09_12_22_23_37_827.jpg,D:\ML Projects\Deep Learning\Self Drive\IMG\right_2026_09_12_22_23_37_827.jpg,0,1,0,30.19031
D:\ML Projects\Deep Learning\Self Drive\IMG\center_2026_09_12_22_23_37_965.jpg,D:\ML Projects\Deep Learning\Self Drive\IMG\left_2026_09_12_22_23_37_965.jpg,D:\ML Projects\Deep Learning\Self Drive\IMG\right_2026_09_12_22_23_37_965.jpg,0,1,0,30.19031
D:\ML Projects\Deep Learning\Self Drive\IMG\center_2026_09_12_22_23_38_106.jpg,D:\ML Projects\Deep Learning\Self Drive\IMG\left_2026_09_12_22_23_38_106.jpg,D:\ML Projects\Deep Learning\Self Drive\IMG\right_2026_09_12_22_23_38_106.jpg,0,1,0,30.19032
D:\ML Projects\Deep Learning\Self Drive\IMG\center_2026_09_12_22_23_38_234.jpg,D:\ML Projects\Deep Learning\Self Drive\IMG\left_2026_09_12_22_23_38_234.jpg,D:\ML Projects\Deep Learning\Self Drive\IMG\right_2026_09_12_22_23_38_234.jpg,0,1,0,30.19028
D:\ML Projects\Deep Learning\Self Drive\IMG\center_2026_09_12_22_23_38_337.jpg,D:\ML Projects\Deep Learning\Self Drive\IMG\left_2026_09_12_22_23_38_337.jpg,D:\ML Projects\Deep Learning\Self Drive\IMG\right_2026_09_12_22_23_38_337.jpg,0,0.6874711,0,30.11311
D:\ML Projects\Deep Learning\Self Drive\IMG\center_2026_09_12_22_23_38_448.jpg,D:\ML Projects\Deep Learning\Self Drive\IMG\left_2026_09_12_22_23_38_448.jpg,D:\ML Projects\Deep Learning\Self Drive\IMG\right_2026_09_12_22_23_38_448.jpg,0,0.3536977,0,30.02925
D:\ML Projects\Deep Learning\Self Drive\IMG\center_2026_09_12_22_23_38_551.jpg,D:\ML Projects\Deep Learning\Self Drive\IMG\left_2026_09_12_22_23_38_551.jpg,D:\ML Projects\Deep Learning\Self Drive\IMG\right_2026_09_12_22_23_38_551.jpg,0,0.04608968,0,29.78542
D:\ML Projects\Deep Learning\Self Drive\IMG\center_2026_09_12_22_23_38_644.jpg,D:\ML Projects\Deep Learning\Self Drive\IMG\left_2026_09_12_22_23_38_644.jpg,D:\ML Projects\Deep Learning\Self Drive\IMG\right_2026_09_12_22_23_38_644.jpg,0.25,0,0,29.46054
D:\ML Projects\Deep Learning\Self Drive\IMG\center_2026_09_12_22_23_38_730.jpg,D:\ML Projects\Deep Learning\Self Drive\IMG\left_2026_09_12_22_23_38_730.jpg,D:\ML Projects\Deep Learning\Self Drive\IMG\right_2026_09_12_22_23_38_730.jpg,0,0,0,29.21993
D:\ML Projects\Deep Learning\Self Drive\IMG\center_2026_09_12_22_23_38_825.jpg,D:\ML Projects\Deep Learning\Self Drive\IMG\left_2026_09_12_22_23_38_825.jpg,D:\ML Projects\Deep Learning\Self Drive\IMG\right_2026_09_12_22_23_38_825.jpg,0,0,0,28.9258
D:\ML Projects\Deep Learning\Self Drive\IMG\center_2026_09_12_22_23_38_913.jpg,D:\ML Projects\Deep Learning\Self Drive\IMG\left_2026_09_12_22_23_38_913.jpg,D:\ML Projects\Deep Learning\Self Drive\IMG\right_2026_09_12_22_23_38_913.jpg,0,0,0,28.69309
D:\ML Projects\Deep Learning\Self Drive\IMG\center_2026_09_12_22_23_38_988.jpg,D:\ML Projects\Deep Learning\Self Drive\IMG\left_2026_09_12_22_23_38_988.jpg,D:\ML Projects\Deep Learning\Self Drive\IMG\right_2026_09_12_22_23_38_988.jpg,0,0,0,28.46234
D:\ML Projects\Deep Learning\Self Drive\IMG\center_2026_09_12_22_23_39_058.jpg,D:\ML Projects\Deep Learning\Self Drive\IMG\left_2026_09_12_22_23_39_058.jpg,D:\ML Projects\Deep Learning\Self Drive\IMG\right_2026_09_12_22_23_39_058.jpg,0,0,0.2099142,27.34537
D:\ML Projects\Deep Learning\Self Drive\IMG\center_2026_09_12_22_23_39_164.jpg,D:\ML Projects\Deep Learning\Self Drive\IMG\left_2026_09_12_22_23_39_164.jpg,D:\ML Projects\Deep Learning\Self Drive\IMG\right_2026_09_12_22_23_39_164.jpg,0,0,0.443775,25.94551
D:\ML Projects\Deep Learning\Self Drive\IMG\center_2026_09_12_22_23_39_297.jpg,D:\ML Projects\Deep Learning\Self Drive\IMG\left_2026_09_12_22_23_39_297.jpg,D:\ML Projects\Deep Learning\Self Drive\IMG\right_2026_09_12_22_23_39_297.jpg,0,0,0.4330032,23.87603
D:\ML Projects\Deep Learning\Self Drive\IMG\center_2026_09_12_22_23_39_439.jpg,D:\ML Projects\Deep Learning\Self Drive\IMG\left_2026_09_12_22_23_39_439.jpg,D:\ML Projects\Deep Learning\Self Drive\IMG\right_2026_09_12_22_23_39_439.jpg,0,0,0.02735636,21.50785
D:\ML Projects\Deep Learning\Self Drive\IMG\center_2026_09_12_22_23_39_510.jpg,D:\ML Projects\Deep Learning\Self Drive\IMG\left_2026_09_12_22_23_39_510.jpg,D:\ML Projects\Deep Learning\Self Drive\IMG\right_2026_09_12_22_23_39_510.jpg,0.2,0,0,20.59526
D:\ML Projects\Deep Learning\Self Drive\IMG\center_2026_09_12_22_23_39_624.jpg,D:\ML Projects\Deep Learning\Self Drive\IMG\left_2026_09_12_22_23_39_624.jpg,D:\ML Projects\Deep Learning\Self Drive\IMG\right_2026_09_12_22_23_39_624.jpg,0,0,0,20.00347
D:\ML Projects\Deep Learning\Self Drive\IMG\center_2026_09_12_22_23_39_750.jpg,D:\ML Projects\Deep Learning\Self Drive\IMG\left_2026_09_12_22_23_39_750.jpg,D:\ML Projects\Deep Learning\Self Drive\IMG\right_2026_09_12_22_23_39_750.jpg,0,0,0,19.75618
D:\ML Projects\Deep Learning\Self Drive\IMG\center_2026_09_12_22_23_39_818.jpg,D:\ML Projects\Deep Learning\Self Drive\IMG\left_2026_09_12_22_23_39_818.jpg,D:\ML Projects\Deep Learning\Self Drive\IMG\right_2026_09_12_22_23_39_818.jpg,0,0,0,19.58983
D:\ML Projects\Deep Learning\Self Drive\IMG\center_2026_09_12_22_23_39_910.jpg,D:\ML Projects\Deep Learning\Self Drive\IMG\left_2026_09_12_22_23_39_910.jpg,D:\ML Projects\Deep Learning\Self Drive\IMG\right_2026_09_12_22_23_39_910.jpg,0,0,0,19.42251
D:\ML Projects\Deep Learning\Self Drive\IMG\center_2026_09_12_22_23_40_004.jpg,D:\ML Projects\Deep Learning\Self Drive\IMG\left_2026_09_12_22_23_40_004.jpg,D:\ML Projects\Deep Learning\Self Drive\IMG\right_2026_09_12_22_23_40_004.jpg,0.1,0,0,19.62082
D:\ML Projects\Deep Learning\Self Drive\IMG\center_2026_09_12_22_23_40_105.jpg,D:\ML Projects\Deep Learning\Self Drive\IMG\left_2026_09_12_22_23_40_105.jpg,D:\ML Projects\Deep Learning\Self Drive\IMG\right_2026_09_12_22_23_40_105.jpg,0,0,0,18.98169
D:\ML Projects\Deep Learning\Self Drive\IMG\center_2026_09_12_22_23_40_231.jpg,D:\ML Projects\Deep Learning\Self Drive\IMG\left_2026_09_12_22_23_40_231.jpg,D:\ML Projects\Deep Learning\Self Drive\IMG\right_2026_09_12_22_23_40_231.jpg,0,0,0,18.7337
D:\ML Projects\Deep Learning\Self Drive\IMG\center_2026_09_12_22_23_40_357.jpg,D:\ML Projects\Deep Learning\Self Drive\IMG\left_2026_09_12_22_23_40_357.jpg,D:\ML Projects\Deep Learning\Self Drive\IMG\right_2026_09_12_22_23_40_357.jpg,0,0,0,18.93719
D:\ML Projects\Deep Learning\Self Drive\IMG\center_2026_09_12_22_23_40_489.jpg,D:\ML Projects\Deep Learning\Self Drive\IMG\left_2026_09_12_22_23_40_489.jpg,D:\ML Projects\Deep Learning\Self Drive\IMG\right_2026_09_12_22_23_40_489.jpg,0,0.3946464,0,19.0318
D:\ML Projects\Deep Learning\Self Drive\IMG\center_2026_09_12_22_23_40_611.jpg,D:\ML Projects\Deep Learning\Self Drive\IMG\left_2026_09_12_22_23_40_611.jpg,D:\ML Projects\Deep Learning\Self Drive\IMG\right_2026_09_12_22_23_40_611.jpg,0,0.7611825,0,19.67537
D:\ML Projects\Deep Learning\Self Drive\IMG\center_2026_09_12_22_23_40_735.jpg,D:\ML Projects\Deep Learning\Self Drive\IMG\left_2026_09_12_22_23_40_735.jpg,D:\ML Projects\Deep Learning\Self Drive\IMG\right_2026_09_12_22_23_40_735.jpg,0.35,1,0,20.81081
D:\ML Projects\Deep Learning\Self Drive\IMG\center_2026_09_12_22_23_40_857.jpg,D:\ML Projects\Deep Learning\Self Drive\IMG\left_2026_09_12_22_23_40_857.jpg,D:\ML Projects\Deep Learning\Self Drive\IMG\right_2026_09_12_22_23_40_857.jpg,0,1,0,22.02352
D:\ML Projects\Deep Learning\Self Drive\IMG\center_2026_09_12_22_23_40_977.jpg,D:\ML Projects\Deep Learning\Self Drive\IMG\left_2026_09_12_22_23_40_977.jpg,D:\ML Projects\Deep Learning\Self Drive\IMG\right_2026_09_12_22_23_40_977.jpg,0.3,1,0,23.18656
D:\ML Projects\Deep Learning\Self Drive\IMG\center_2026_09_12_22_23_41_094.jpg,D:\ML Projects\Deep Learning\Self Drive\IMG\left_2026_09_12_22_23_41_094.jpg,D:\ML Projects\Deep Learning\Self Drive\IMG\right_2026_09_12_22_23_41_094.jpg,0,1,0,24.35337
D:\ML Projects\Deep Learning\Self Drive\IMG\center_2026_09_12_22_23_41_215.jpg,D:\ML Projects\Deep Learning\Self Drive\IMG\left_2026_09_12_22_23_41_215.jpg,D:\ML Projects\Deep Learning\Self Drive\IMG\right_2026_09_12_22_23_41_215.jpg,0,1,0,25.50878
D:\ML Projects\Deep Learning\Self Drive\IMG\center_2026_09_12_22_23_41_331.jpg,D:\ML Projects\Deep Learning\Self Drive\IMG\left_2026_09_12_22_23_41_331.jpg,D:\ML Projects\Deep Learning\Self Drive\IMG\right_2026_09_12_22_23_41_331.jpg,0.25,1,0,26.43212
D:\ML Projects\Deep Learning\Self Drive\IMG\center_2026_09_12_22_23_41_452.jpg,D:\ML Projects\Deep Learning\Self Drive\IMG\left_2026_09_12_22_23_41_452.jpg,D:\ML Projects\Deep Learning\Self Drive\IMG\right_2026_09_12_22_23_41_452.jpg,0,1,0,27.48026
D:\ML Projects\Deep Learning\Self Drive\IMG\center_2026_09_12_22_23_41_571.jpg,D:\ML Projects\Deep Learning\Self Drive\IMG\left_2026_09_12_22_23_41_571.jpg,D:\ML Projects\Deep Learning\Self Drive\IMG\right_2026_09_12_22_23_41_571.jpg,0,1,0,28.59285
D:\ML Projects\Deep Learning\Self Drive\IMG\center_2026_09_12_22_23_41_690.jpg,D:\ML Projects\Deep Learning\Self Drive\IMG\left_2026_09_12_22_23_41_690.jpg,D:\ML Projects\Deep Learning\Self Drive\IMG\right_2026_09_12_22_23_41_690.jpg,0.3,1,0,29.65374
D:\ML Projects\Deep Learning\Self Drive\IMG\center_2026_09_12_22_23_41_804.jpg,D:\ML Projects\Deep Learning\Self Drive\IMG\left_2026_09_12_22_23_41_804.jpg,D:\ML Projects\Deep Learning\Self Drive\IMG\right_2026_09_12_22_23_41_804.jpg,0.6000001,1,0,30.1345
D:\ML Projects\Deep Learning\Self Drive\IMG\center_2026_09_12_22_23_41_916.jpg,D:\ML Projects\Deep Learning\Self Drive\IMG\left_2026_09_12_22_23_41_916.jpg,D:\ML Projects\Deep Learning\Self Drive\IMG\right_2026_09_12_22_23_41_916.jpg,0,0.6617269,0,30.10759
D:\ML Projects\Deep Learning\Self Drive\IMG\center_2026_09_12_22_23_42_030.jpg,D:\ML Projects\Deep Learning\Self Drive\IMG\left_2026_09_12_22_23_42_030.jpg,D:\ML Projects\Deep Learning\Self Drive\IMG\right_2026_09_12_22_23_42_030.jpg,0.15,0.3195919,0,30.02328
D:\ML Projects\Deep Learning\Self Drive\IMG\center_2026_09_12_22_23_42_144.jpg,D:\ML Projects\Deep Learning\Self Drive\IMG\left_2026_09_12_22_23_42_144.jpg,D:\ML Projects\Deep Learning\Self Drive\IMG\right_2026_09_12_22_23_42_144.jpg,0.45,0,0,29.67995
D:\ML Projects\Deep Learning\Self Drive\IMG\center_2026_09_12_22_23_42_256.jpg,D:\ML Projects\Deep Learning\Self Drive\IMG\left_2026_09_12_22_23_42_256.jpg,D:\ML Projects\Deep Learning\Self Drive\IMG\right_2026_09_12_22_23_42_256.jpg,0,0,0,29.30338
D:\ML Projects\Deep Learning\Self Drive\IMG\center_2026_09_12_22_23_42_363.jpg,D:\ML Projects\Deep Learning\Self Drive\IMG\left_2026_09_12_22_23_42_363.jpg,D:\ML Projects\Deep Learning\Self Drive\IMG\right_2026_09_12_22_23_42_363.jpg,0,0,0,29.00763
D:\ML Projects\Deep Learning\Self Drive\IMG\center_2026_09_12_22_23_42_470.jpg,D:\ML Projects\Deep Learning\Self Drive\IMG\left_2026_09_12_22_23_42_470.jpg,D:\ML Projects\Deep Learning\Self Drive\IMG\right_2026_09_12_22_23_42_470.jpg,0.25,0,0,28.6905
D:\ML Projects\Deep Learning\Self Drive\IMG\center_2026_09_12_22_23_42_540.jpg,D:\ML Projects\Deep Learning\Self Drive\IMG\left_2026_09_12_22_23_42_540.jpg,D:\ML Projects\Deep Learning\Self Drive\IMG\right_2026_09_12_22_23_42_540.jpg,0.45,0,0,28.35472
D:\ML Projects\Deep Learning\Self Drive\IMG\center_2026_09_12_22_23_42_657.jpg,D:\ML Projects\Deep Learning\Self Drive\IMG\left_2026_09_12_22_23_42_657.jpg,D:\ML Projects\Deep Learning\Self Drive\IMG\right_2026_09_12_22_23_42_657.jpg,0.7500002,0,0,27.68961
D:\ML Projects\Deep Learning\Self Drive\IMG\center_2026_09_12_22_23_42_778.jpg,D:\ML Projects\Deep Learning\Self Drive\IMG\left_2026_09_12_22_23_42_778.jpg,D:\ML Projects\Deep Learning\Self Drive\IMG\right_2026_09_12_22_23_42_778.jpg,0,0,0,27.28926
D:\ML Projects\Deep Learning\Self Drive\IMG\center_2026_09_12_22_23_42_907.jpg,D:\ML Projects\Deep Learning\Self Drive\IMG\left_2026_09_12_22_23_42_907.jpg,D:\ML Projects\Deep Learning\Self Drive\IMG\right_2026_09_12_22_23_42_907.jpg,0.3,0,0,26.94073
D:\ML Projects\Deep Learning\Self Drive\IMG\center_2026_09_12_22_23_42_993.jpg,D:\ML Projects\Deep Learning\Self Drive\IMG\left_2026_09_12_22_23_42_993.jpg,D:\ML Projects\Deep Learning\Self Drive\IMG\right_2026_09_12_22_23_42_993.jpg,0,0,0,26.66316
D:\ML Projects\Deep Learning\Self Drive\IMG\center_2026_09_12_22_23_43_115.jpg,D:\ML Projects\Deep Learning\Self Drive\IMG\left_2026_09_12_22_23_43_115.jpg,D:\ML Projects\Deep Learning\Self Drive\IMG\right_2026_09_12_22_23_43_115.jpg,0,0,0,26.3414
D:\ML Projects\Deep Learning\Self Drive\IMG\center_2026_09_12_22_23_43_199.jpg,D:\ML Projects\Deep Learning\Self Drive\IMG\left_2026_09_12_22_23_43_199.jpg,D:\ML Projects\Deep Learning\Self Drive\IMG\right_2026_09_12_22_23_43_199.jpg,0.2,0,0,26.11487
D:\ML Projects\Deep Learning\Self Drive\IMG\center_2026_09_12_22_23_43_309.jpg,D:\ML Projects\Deep Learning\Self Drive\IMG\left_2026_09_12_22_23_43_309.jpg,D:\ML Projects\Deep Learning\Self Drive\IMG\right_2026_09_12_22_23_43_309.jpg,0.45,0,0,25.73864
D:\ML Projects\Deep Learning\Self Drive\IMG\center_2026_09_12_22_23_43_421.jpg,D:\ML Projects\Deep Learning\Self Drive\IMG\left_2026_09_12_22_23_43_421.jpg,D:\ML Projects\Deep Learning\Self Drive\IMG\right_2026_09_12_22_23_43_421.jpg,0.7500002,0,0,25.12006
D:\ML Projects\Deep Learning\Self Drive\IMG\center_2026_09_12_22_23_43_532.jpg,D:\ML Projects\Deep Learning\Self Drive\IMG\left_2026_09_12_22_23_43_532.jpg,D:\ML Projects\Deep Learning\Self Drive\IMG\right_2026_09_12_22_23_43_532.jpg,1,0,0,24.4907
D:\ML Projects\Deep Learning\Self Drive\IMG\center_2026_09_12_22_23_43_634.jpg,D:\ML Projects\Deep Learning\Self Drive\IMG\left_2026_09_12_22_23_43_634.jpg,D:\ML Projects\Deep Learning\Self Drive\IMG\right_2026_09_12_22_23_43_634.jpg,1,0,0,23.84504
D:\ML Projects\Deep Learning\Self Drive\IMG\center_2026_09_12_22_23_43_752.jpg,D:\ML Projects\Deep Learning\Self Drive\IMG\left_2026_09_12_22_23_43_752.jpg,D:\ML Projects\Deep Learning\Self Drive\IMG\right_2026_09_12_22_23_43_752.jpg,0,0,0,23.40382
D:\ML Projects\Deep Learning\Self Drive\IMG\center_2026_09_12_22_23_43_865.jpg,D:\ML Projects\Deep Learning\Self Drive\IMG\left_2026_09_12_22_23_43_865.jpg,D:\ML Projects\Deep Learning\Self Drive\IMG\right_2026_09_12_22_23_43_865.jpg,0,0,0,22.94696
D:\ML Projects\Deep Learning\Self Drive\IMG\center_2026_09_12_22_23_43_977.jpg,D:\ML Projects\Deep Learning\Self Drive\IMG\left_2026_09_12_22_23_43_977.jpg,D:\ML Projects\Deep Learning\Self Drive\IMG\right_2026_09_12_22_23_43_977.jpg,0,0,0,22.61426
D:\ML Projects\Deep Learning\Self Drive\IMG\center_2026_09_12_22_23_44_094.jpg,D:\ML Projects\Deep Learning\Self Drive\IMG\left_2026_09_12_22_23_44_094.jpg,D:\ML Projects\Deep Learning\Self Drive\IMG\right_2026_09_12_22_23_44_094.jpg,0,0.3492069,0,22.69226
D:\ML Projects\Deep Learning\Self Drive\IMG\center_2026_09_12_22_23_44_229.jpg,D:\ML Projects\Deep Learning\Self Drive\IMG\left_2026_09_12_22_23_44_229.jpg,D:\ML Projects\Deep Learning\Self Drive\IMG\right_2026_09_12_22_23_44_229.jpg,0.3,0.7552392,0,23.29977
D:\ML Projects\Deep Learning\Self Drive\IMG\center_2026_09_12_22_23_44_348.jpg,D:\ML Projects\Deep Learning\Self Drive\IMG\left_2026_09_12_22_23_44_348.jpg,D:\ML Projects\Deep Learning\Self Drive\IMG\right_2026_09_12_22_23_44_348.jpg,0,1,0,24.40384
D:\ML Projects\Deep Learning\Self Drive\IMG\center_2026_09_12_22_23_44_470.jpg,D:\ML Projects\Deep Learning\Self Drive\IMG\left_2026_09_12_22_23_44_470.jpg,D:\ML Projects\Deep Learning\Self Drive\IMG\right_2026_09_12_22_23_44_470.jpg,0,1,0,25.56176
D:\ML Projects\Deep Learning\Self Drive\IMG\center_2026_09_12_22_23_44_543.jpg,D:\ML Projects\Deep Learning\Self Drive\IMG\left_2026_09_12_22_23_44_543.jpg,D:\ML Projects\Deep Learning\Self Drive\IMG\right_2026_09_12_22_23_44_543.jpg,0,1,0,26.32353
D:\ML Projects\Deep Learning\Self Drive\IMG\center_2026_09_12_22_23_44_669.jpg,D:\ML Projects\Deep Learning\Self Drive\IMG\left_2026_09_12_22_23_44_669.jpg,D:\ML Projects\Deep Learning\Self Drive\IMG\right_2026_09_12_22_23_44_669.jpg,0.15,1,0,27.44661
D:\ML Projects\Deep Learning\Self Drive\IMG\center_2026_09_12_22_23_44_791.jpg,D:\ML Projects\Deep Learning\Self Drive\IMG\left_2026_09_12_22_23_44_791.jpg,D:\ML Projects\Deep Learning\Self Drive\IMG\right_2026_09_12_22_23_44_791.jpg,0,1,0,28.51524
D:\ML Projects\Deep Learning\Self Drive\IMG\center_2026_09_12_22_23_44_915.jpg,D:\ML Projects\Deep Learning\Self Drive\IMG\left_2026_09_12_22_23_44_915.jpg,D:\ML Projects\Deep Learning\Self Drive\IMG\right_2026_09_12_22_23_44_915.jpg,0,1,0,29.79778
D:\ML Projects\Deep Learning\Self Drive\IMG\center_2026_09_12_22_23_45_043.jpg,D:\ML Projects\Deep Learning\Self Drive\IMG\left_2026_09_12_22_23_45_043.jpg,D:\ML Projects\Deep Learning\Self Drive\IMG\right_2026_09_12_22_23_45_043.jpg,0,1,0,30.19022
D:\ML Projects\Deep Learning\Self Drive\IMG\center_2026_09_12_22_23_45_110.jpg,D:\ML Projects\Deep Learning\Self Drive\IMG\left_2026_09_12_22_23_45_110.jpg,D:\ML Projects\Deep Learning\Self Drive\IMG\right_2026_09_12_22_23_45_110.jpg,0,1,0,30.19044
D:\ML Projects\Deep Learning\Self Drive\IMG\center_2026_09_12_22_23_45_187.jpg,D:\ML Projects\Deep Learning\Self Drive\IMG\left_2026_09_12_22_23_45_187.jpg,D:\ML Projects\Deep Learning\Self Drive\IMG\right_2026_09_12_22_23_45_187.jpg,0,1,0,30.19099
D:\ML Projects\Deep Learning\Self Drive\IMG\center_2026_09_12_22_23_45_255.jpg,D:\ML Projects\Deep Learning\Self Drive\IMG\left_2026_09_12_22_23_45_255.jpg,D:\ML Projects\Deep Learning\Self Drive\IMG\right_2026_09_12_22_23_45_255.jpg,0.2,1,0,30.17969
D:\ML Projects\Deep Learning\Self Drive\IMG\center_2026_09_12_22_23_45_327.jpg,D:\ML Projects\Deep Learning\Self Drive\IMG\left_2026_09_12_22_23_45_327.jpg,D:\ML Projects\Deep Learning\Self Drive\IMG\right_2026_09_12_22_23_45_327.jpg,0.35,1,0,30.16373
D:\ML Projects\Deep Learning\Self Drive\IMG\center_2026_09_12_22_23_45_408.jpg,D:\ML Projects\Deep Learning\Self Drive\IMG\left_2026_09_12_22_23_45_408.jpg,D:\ML Projects\Deep Learning\Self Drive\IMG\right_2026_09_12_22_23_45_408.jpg,0.5500001,1,0,30.14047
D:\ML Projects\Deep Learning\Self Drive\IMG\center_2026_09_12_22_23_45_481.jpg,D:\ML Projects\Deep Learning\Self Drive\IMG\left_2026_09_12_22_23_45_481.jpg,D:\ML Projects\Deep Learning\Self Drive\IMG\right_2026_09_12_22_23_45_481.jpg,0.7500002,1,0,30.11586
D:\ML Projects\Deep Learning\Self Drive\IMG\center_2026_09_12_22_23_45_557.jpg,D:\ML Projects\Deep Learning\Self Drive\IMG\left_2026_09_12_22_23_45_557.jpg,D:\ML Projects\Deep Learning\Self Drive\IMG\right_2026_09_12_22_23_45_557.jpg,0,1,0,30.18086
D:\ML Projects\Deep Learning\Self Drive\IMG\center_2026_09_12_22_23_45_627.jpg,D:\ML Projects\Deep Learning\Self Drive\IMG\left_2026_09_12_22_23_45_627.jpg,D:\ML Projects\Deep Learning\Self Drive\IMG\right_2026_09_12_22_23_45_627.jpg,0,1,0,30.18743
D:\ML Projects\Deep Learning\Self Drive\IMG\center_2026_09_12_22_23_45_755.jpg,D:\ML Projects\Deep Learning\Self Drive\IMG\left_2026_09_12_22_23_45_755.jpg,D:\ML Projects\Deep Learning\Self Drive\IMG\right_2026_09_12_22_23_45_755.jpg,0,1,0,30.19012
D:\ML Projects\Deep Learning\Self Drive\IMG\center_2026_09_12_22_23_45_881.jpg,D:\ML Projects\Deep Learning\Self Drive\IMG\left_2026_09_12_22_23_45_881.jpg,D:\ML Projects\Deep Learning\Self Drive\IMG\right_2026_09_12_22_23_45_881.jpg,0,1,0,30.19014
D:\ML Projects\Deep Learning\Self Drive\IMG\center_2026_09_12_22_23_45_987.jpg,D:\ML Projects\Deep Learning\Self Drive\IMG\left_2026_09_12_22_23_45_987.jpg,D:\ML Projects\Deep Learning\Self Drive\IMG\right_2026_09_12_22_23_45_987.jpg,0,1,0,30.19033
D:\ML Projects\Deep Learning\Self Drive\IMG\center_2026_09_12_22_23_46_066.jpg,D:\ML Projects\Deep Learning\Self Drive\IMG\left_2026_09_12_22_23_46_066.jpg,D:\ML Projects\Deep Learning\Self Drive\IMG\right_2026_09_12_22_23_46_066.jpg,0,1,0,30.19028
D:\ML Projects\Deep Learning\Self Drive\IMG\center_2026_09_12_22_23_46_155.jpg,D:\ML Projects\Deep Learning\Self Drive\IMG\left_2026_09_12_22_23_46_155.jpg,D:\ML Projects\Deep Learning\Self Drive\IMG\right_2026_09_12_22_23_46_155.jpg,0,1,0,30.19032
D:\ML Projects\Deep Learning\Self Drive\IMG\center_2026_09_12_22_23_46_284.jpg,D:\ML Projects\Deep Learning\Self Drive\IMG\left_2026_09_12_22_23_46_284.jpg,D:\ML Projects\Deep Learning\Self Drive\IMG\right_2026_09_12_22_23_46_284.jpg,0,1,0,30.19028
D:\ML Projects\Deep Learning\Self Drive\IMG\center_2026_09_12_22_23_46_357.jpg,D:\ML Projects\Deep Learning\Self Drive\IMG\left_2026_09_12_22_23_46_357.jpg,D:\ML Projects\Deep Learning\Self Drive\IMG\right_2026_09_12_22_23_46_357.jpg,0,1,0,30.19031
D:\ML Projects\Deep Learning\Self Drive\IMG\center_2026_09_12_22_23_46_508.jpg,D:\ML Projects\Deep Learning\Self Drive\IMG\left_2026_09_12_22_23_46_508.jpg,D:\ML Projects\Deep Learning\Self Drive\IMG\right_2026_09_12_22_23_46_508.jpg,-0.35,1,0,30.16352
D:\ML Projects\Deep Learning\Self Drive\IMG\center_2026_09_12_22_23_46_607.jpg,D:\ML Projects\Deep Learning\Self Drive\IMG\left_2026_09_12_22_23_46_607.jpg,D:\ML Projects\Deep Learning\Self Drive\IMG\right_2026_09_12_22_23_46_607.jpg,0,1,0,30.18947
D:\ML Projects\Deep Learning\Self Drive\IMG\center_2026_09_12_22_23_46_683.jpg,D:\ML Projects\Deep Learning\Self Drive\IMG\left_2026_09_12_22_23_46_683.jpg,D:\ML Projects\Deep Learning\Self Drive\IMG\right_2026_09_12_22_23_46_683.jpg,0,1,0,30.19012
D:\ML Projects\Deep Learning\Self Drive\IMG\center_2026_09_12_22_23_46_760.jpg,D:\ML Projects\Deep Learning\Self Drive\IMG\left_2026_09_12_22_23_46_760.jpg,D:\ML Projects\Deep Learning\Self Drive\IMG\right_2026_09_12_22_23_46_760.jpg,0,1,0,30.19027
D:\ML Projects\Deep Learning\Self Drive\IMG\center_2026_09_12_22_23_46_836.jpg,D:\ML Projects\Deep Learning\Self Drive\IMG\left_2026_09_12_22_23_46_836.jpg,D:\ML Projects\Deep Learning\Self Drive\IMG\right_2026_09_12_22_23_46_836.jpg,0,1,0,30.19034
D:\ML Projects\Deep Learning\Self Drive\IMG\center_2026_09_12_22_23_46_917.jpg,D:\ML Projects\Deep Learning\Self Drive\IMG\left_2026_09_12_22_23_46_917.jpg,D:\ML Projects\Deep Learning\Self Drive\IMG\right_2026_09_12_22_23_46_917.jpg,0,1,0,30.19029
D:\ML Projects\Deep Learning\Self Drive\IMG\center_2026_09_12_22_23_46_996.jpg,D:\ML Projects\Deep Learning\Self Drive\IMG\left_2026_09_12_22_23_46_996.jpg,D:\ML Projects\Deep Learning\Self Drive\IMG\right_2026_09_12_22_23_46_996.jpg,0,1,0,30.19033
D:\ML Projects\Deep Learning\Self Drive\IMG\center_2026_09_12_22_23_47_078.jpg,D:\ML Projects\Deep Learning\Self Drive\IMG\left_2026_09_12_22_23_47_078.jpg,D:\ML Projects\Deep Learning\Self Drive\IMG\right_2026_09_12_22_23_47_078.jpg,0,1,0,30.19025
D:\ML Projects\Deep Learning\Self Drive\IMG\center_2026_09_12_22_23_47_160.jpg,D:\ML Projects\Deep Learning\Self Drive\IMG\left_2026_09_12_22_23_47_160.jpg,D:\ML Projects\Deep Learning\Self Drive\IMG\right_2026_09_12_22_23_47_160.jpg,0,1,0,30.19028
D:\ML Projects\Deep Learning\Self Drive\IMG\center_2026_09_12_22_23_47_235.jpg,D:\ML Projects\Deep Learning\Self Drive\IMG\left_2026_09_12_22_23_47_235.jpg,D:\ML Projects\Deep Learning\Self Drive\IMG\right_2026_09_12_22_23_47_235.jpg,0,1,0,30.19029
D:\ML Projects\Deep Learning\Self Drive\IMG\center_2026_09_12_22_23_47_314.jpg,D:\ML Projects\Deep Learning\Self Drive\IMG\left_2026_09_12_22_23_47_314.jpg,D:\ML Projects\Deep Learning\Self Drive\IMG\right_2026_09_12_22_23_47_314.jpg,0,1,0,30.19029
D:\ML Projects\Deep Learning\Self Drive\IMG\center_2026_09_12_22_23_47_440.jpg,D:\ML Projects\Deep Learning\Self Drive\IMG\left_2026_09_12_22_23_47_440.jpg,D:\ML Projects\Deep Learning\Self Drive\IMG\right_2026_09_12_22_23_47_440.jpg,0,1,0,30.19029
D:\ML Projects\Deep Learning\Self Drive\IMG\center_2026_09_12_22_23_47_510.jpg,D:\ML Projects\Deep Learning\Self Drive\IMG\left_2026_09_12_22_23_47_510.jpg,D:\ML Projects\Deep Learning\Self Drive\IMG\right_2026_09_12_22_23_47_510.jpg,0,1,0,30.1903
D:\ML Projects\Deep Learning\Self Drive\IMG\center_2026_09_12_22_23_47_583.jpg,D:\ML Projects\Deep Learning\Self Drive\IMG\left_2026_09_12_22_23_47_583.jpg,D:\ML Projects\Deep Learning\Self Drive\IMG\right_2026_09_12_22_23_47_583.jpg,0,1,0,30.1903
D:\ML Projects\Deep Learning\Self Drive\IMG\center_2026_09_12_22_23_47_658.jpg,D:\ML Projects\Deep Learning\Self Drive\IMG\left_2026_09_12_22_23_47_658.jpg,D:\ML Projects\Deep Learning\Self Drive\IMG\right_2026_09_12_22_23_47_658.jpg,0,1,0,30.19028
D:\ML Projects\Deep Learning\Self Drive\IMG\center_2026_09_12_22_23_47_730.jpg,D:\ML Projects\Deep Learning\Self Drive\IMG\left_2026_09_12_22_23_47_730.jpg,D:\ML Projects\Deep Learning\Self Drive\IMG\right_2026_09_12_22_23_47_730.jpg,0,1,0,30.1903
D:\ML Projects\Deep Learning\Self Drive\IMG\center_2026_09_12_22_23_47_801.jpg,D:\ML Projects\Deep Learning\Self Drive\IMG\left_2026_09_12_22_23_47_801.jpg,D:\ML Projects\Deep Learning\Self Drive\IMG\right_2026_09_12_22_23_47_801.jpg,0,1,0,30.19029
D:\ML Projects\Deep Learning\Self Drive\IMG\center_2026_09_12_22_23_47_878.jpg,D:\ML Projects\Deep Learning\Self Drive\IMG\left_2026_09_12_22_23_47_878.jpg,D:\ML Projects\Deep Learning\Self Drive\IMG\right_2026_09_12_22_23_47_878.jpg,0,1,0,30.1903
D:\ML Projects\Deep Learning\Self Drive\IMG\center_2026_09_12_22_23_47_963.jpg,D:\ML Projects\Deep Learning\Self Drive\IMG\left_2026_09_12_22_23_47_963.jpg,D:\ML Projects\Deep Learning\Self Drive\IMG\right_2026_09_12_22_23_47_963.jpg,-0.2,1,0,30.17982
D:\ML Projects\Deep Learning\Self Drive\IMG\center_2026_09_12_22_23_48_069.jpg,D:\ML Projects\Deep Learning\Self Drive\IMG\left_2026_09_12_22_23_48_069.jpg,D:\ML Projects\Deep Learning\Self Drive\IMG\right_2026_09_12_22_23_48_069.jpg,0,1,0,30.19009
D:\ML Projects\Deep Learning\Self Drive\IMG\center_2026_09_12_22_23_48_140.jpg,D:\ML Projects\Deep Learning\Self Drive\IMG\left_2026_09_12_22_23_48_140.jpg,D:\ML Projects\Deep Learning\Self Drive\IMG\right_2026_09_12_22_23_48_140.jpg,0,1,0,30.18985
D:\ML Projects\Deep Learning\Self Drive\IMG\center_2026_09_12_22_23_48_238.jpg,D:\ML Projects\Deep Learning\Self Drive\IMG\left_2026_09_12_22_23_48_238.jpg,D:\ML Projects\Deep Learning\Self Drive\IMG\right_2026_09_12_22_23_48_238.jpg,0,1,0,30.19025
D:\ML Projects\Deep Learning\Self Drive\IMG\center_2026_09_12_22_23_48_331.jpg,D:\ML Projects\Deep Learning\Self Drive\IMG\left_2026_09_12_22_23_48_331.jpg,D:\ML Projects\Deep Learning\Self Drive\IMG\right_2026_09_12_22_23_48_331.jpg,0,1,0,30.19027
D:\ML Projects\Deep Learning\Self Drive\IMG\center_2026_09_12_22_23_48_444.jpg,D:\ML Projects\Deep Learning\Self Drive\IMG\left_2026_09_12_22_23_48_444.jpg,D:\ML Projects\Deep Learning\Self Drive\IMG\right_2026_09_12_22_23_48_444.jpg,0,1,0,30.19031
D:\ML Projects\Deep Learning\Self Drive\IMG\center_2026_09_12_22_23_48_519.jpg,D:\ML Projects\Deep Learning\Self Drive\IMG\left_2026_09_12_22_23_48_519.jpg,D:\ML Projects\Deep Learning\Self Drive\IMG\right_2026_09_12_22_23_48_519.jpg,0,1,0,30.19031
D:\ML Projects\Deep Learning\Self Drive\IMG\center_2026_09_12_22_23_48_646.jpg,D:\ML Projects\Deep Learning\Self Drive\IMG\left_2026_09_12_22_23_48_646.jpg,D:\ML Projects\Deep Learning\Self Drive\IMG\right_2026_09_12_22_23_48_646.jpg,0,1,0,30.19033
D:\ML Projects\Deep Learning\Self Drive\IMG\center_2026_09_12_22_23_48_761.jpg,D:\ML Projects\Deep Learning\Self Drive\IMG\left_2026_09_12_22_23_48_761.jpg,D:\ML Projects\Deep Learning\Self Drive\IMG\right_2026_09_12_22_23_48_761.jpg,0,1,0,30.1903
D:\ML Projects\Deep Learning\Self Drive\IMG\center_2026_09_12_22_23_48_830.jpg,D:\ML Projects\Deep Learning\Self Drive\IMG\left_2026_09_12_22_23_48_830.jpg,D:\ML Projects\Deep Learning\Self Drive\IMG\right_2026_09_12_22_23_48_830.jpg,0,1,0,30.19031
D:\ML Projects\Deep Learning\Self Drive\IMG\center_2026_09_12_22_23_48_901.jpg,D:\ML Projects\Deep Learning\Self Drive\IMG\left_2026_09_12_22_23_48_901.jpg,D:\ML Projects\Deep Learning\Self Drive\IMG\right_2026_09_12_22_23_48_901.jpg,0,1,0,30.19029
D:\ML Projects\Deep Learning\Self Drive\IMG\center_2026_09_12_22_23_49_026.jpg,D:\ML Projects\Deep Learning\Self Drive\IMG\left_2026_09_12_22_23_49_026.jpg,D:\ML Projects\Deep Learning\Self Drive\IMG\right_2026_09_12_22_23_49_026.jpg,0,1,0,30.19028
D:\ML Projects\Deep Learning\Self Drive\IMG\center_2026_09_12_22_23_49_141.jpg,D:\ML Projects\Deep Learning\Self Drive\IMG\left_2026_09_12_22_23_49_141.jpg,D:\ML Projects\Deep Learning\Self Drive\IMG\right_2026_09_12_22_23_49_141.jpg,0,1,0,30.1903
D:\ML Projects\Deep Learning\Self Drive\IMG\center_2026_09_12_22_23_49_262.jpg,D:\ML Projects\Deep Learning\Self Drive\IMG\left_2026_09_12_22_23_49_262.jpg,D:\ML Projects\Deep Learning\Self Drive\IMG\right_2026_09_12_22_23_49_262.jpg,0,1,0,30.19029
D:\ML Projects\Deep Learning\Self Drive\IMG\center_2026_09_12_22_23_49_385.jpg,D:\ML Projects\Deep Learning\Self Drive\IMG\left_2026_09_12_22_23_49_385.jpg,D:\ML Projects\Deep Learning\Self Drive\IMG\right_2026_09_12_22_23_49_385.jpg,0,1,0,30.19031
D:\ML Projects\Deep Learning\Self Drive\IMG\center_2026_09_12_22_23_49_522.jpg,D:\ML Projects\Deep Learning\Self Drive\IMG\left_2026_09_12_22_23_49_522.jpg,D:\ML Projects\Deep Learning\Self Drive\IMG\right_2026_09_12_22_23_49_522.jpg,0,1,0,30.1903
D:\ML Projects\Deep Learning\Self Drive\IMG\center_2026_09_12_22_23_49_634.jpg,D:\ML Projects\Deep Learning\Self Drive\IMG\left_2026_09_12_22_23_49_634.jpg,D:\ML Projects\Deep Learning\Self Drive\IMG\right_2026_09_12_22_23_49_634.jpg,0,1,0,30.19039
D:\ML Projects\Deep Learning\Self Drive\IMG\center_2026_09_12_22_23_49_756.jpg,D:\ML Projects\Deep Learning\Self Drive\IMG\left_2026_09_12_22_23_49_756.jpg,D:\ML Projects\Deep Learning\Self Drive\IMG\right_2026_09_12_22_23_49_756.jpg,0,1,0,30.19029
D:\ML Projects\Deep Learning\Self Drive\IMG\center_2026_09_12_22_23_49_878.jpg,D:\ML Projects\Deep Learning\Self Drive\IMG\left_2026_09_12_22_23_49_878.jpg,D:\ML Projects\Deep Learning\Self Drive\IMG\right_2026_09_12_22_23_49_878.jpg,0,1,0,30.1903
D:\ML Projects\Deep Learning\Self Drive\IMG\center_2026_09_12_22_23_50_001.jpg,D:\ML Projects\Deep Learning\Self Drive\IMG\left_2026_09_12_22_23_50_001.jpg,D:\ML Projects\Deep Learning\Self Drive\IMG\right_2026_09_12_22_23_50_001.jpg,-0.15,1,0,30.18423
D:\ML Projects\Deep Learning\Self Drive\IMG\center_2026_09_12_22_23_50_136.jpg,D:\ML Projects\Deep Learning\Self Drive\IMG\left_2026_09_12_22_23_50_136.jpg,D:\ML Projects\Deep Learning\Self Drive\IMG\right_2026_09_12_22_23_50_136.jpg,0,1,0,30.18988
D:\ML Projects\Deep Learning\Self Drive\IMG\center_2026_09_12_22_23_50_257.jpg,D:\ML Projects\Deep Learning\Self Drive\IMG\left_2026_09_12_22_23_50_257.jpg,D:\ML Projects\Deep Learning\Self Drive\IMG\right_2026_09_12_22_23_50_257.jpg,0,1,0,30.19046
D:\ML Projects\Deep Learning\Self Drive\IMG\center_2026_09_12_22_23_50_386.jpg,D:\ML Projects\Deep Learning\Self Drive\IMG\left_2026_09_12_22_23_50_386.jpg,D:\ML Projects\Deep Learning\Self Drive\IMG\right_2026_09_12_22_23_50_386.jpg,0,0.615751,0,30.09917
D:\ML Projects\Deep Learning\Self Drive\IMG\center_2026_09_12_22_23_50_522.jpg,D:\ML Projects\Deep Learning\Self Drive\IMG\left_2026_09_12_22_23_50_522.jpg,D:\ML Projects\Deep Learning\Self Drive\IMG\right_2026_09_12_22_23_50_522.jpg,0,0.2143252,0,29.96159
D:\ML Projects\Deep Learning\Self Drive\IMG\center_2026_09_12_22_23_50_648.jpg,D:\ML Projects\Deep Learning\Self Drive\IMG\left_2026_09_12_22_23_50_648.jpg,D:\ML Projects\Deep Learning\Self Drive\IMG\right_2026_09_12_22_23_50_648.jpg,0,0,0,29.65392
D:\ML Projects\Deep Learning\Self Drive\IMG\center_2026_09_12_22_23_50_778.jpg,D:\ML Projects\Deep Learning\Self Drive\IMG\left_2026_09_12_22_23_50_778.jpg,D:\ML Projects\Deep Learning\Self Drive\IMG\right_2026_09_12_22_23_50_778.jpg,-0.35,0,0,29.15818
D:\ML Projects\Deep Learning\Self Drive\IMG\center_2026_09_12_22_23_50_915.jpg,D:\ML Projects\Deep Learning\Self Drive\IMG\left_2026_09_12_22_23_50_915.jpg,D:\ML Projects\Deep Learning\Self Drive\IMG\right_2026_09_12_22_23_50_915.jpg,0,0,0,28.73951
D:\ML Projects\Deep Learning\Self Drive\IMG\center_2026_09_12_22_23_50_985.jpg,D:\ML Projects\Deep Learning\Self Drive\IMG\left_2026_09_12_22_23_50_985.jpg,D:\ML Projects\Deep Learning\Self Drive\IMG\right_2026_09_12_22_23_50_985.jpg,0,0,0,28.56557
D:\ML Projects\Deep Learning\Self Drive\IMG\center_2026_09_12_22_23_51_053.jpg,D:\ML Projects\Deep Learning\Self Drive\IMG\left_2026_09_12_22_23_51_053.jpg,D:\ML Projects\Deep Learning\Self Drive\IMG\right_2026_09_12_22_23_51_053.jpg,-0.2,0,0,28.32142
D:\ML Projects\Deep Learning\Self Drive\IMG\center_2026_09_12_22_23_51_120.jpg,D:\ML Projects\Deep Learning\Self Drive\IMG\left_2026_09_12_22_23_51_120.jpg,D:\ML Projects\Deep Learning\Self Drive\IMG\right_2026_09_12_22_23_51_120.jpg,-0.35,0,0,28.09595
D:\ML Projects\Deep Learning\Self Drive\IMG\center_2026_09_12_22_23_51_252.jpg,D:\ML Projects\Deep Learning\Self Drive\IMG\left_2026_09_12_22_23_51_252.jpg,D:\ML Projects\Deep Learning\Self Drive\IMG\right_2026_09_12_22_23_51_252.jpg,0,0,0,27.74812
D:\ML Projects\Deep Learning\Self Drive\IMG\center_2026_09_12_22_23_51_388.jpg,D:\ML Projects\Deep Learning\Self Drive\IMG\left_2026_09_12_22_23_51_388.jpg,D:\ML Projects\Deep Learning\Self Drive\IMG\right_2026_09_12_22_23_51_388.jpg,0,0,0,27.35785
D:\ML Projects\Deep Learning\Self Drive\IMG\center_2026_09_12_22_23_51_518.jpg,D:\ML Projects\Deep Learning\Self Drive\IMG\left_2026_09_12_22_23_51_518.jpg,D:\ML Projects\Deep Learning\Self Drive\IMG\right_2026_09_12_22_23_51_518.jpg,-0.35,0,0,26.90355
D:\ML Projects\Deep Learning\Self Drive\IMG\center_2026_09_12_22_23_51_592.jpg,D:\ML Projects\Deep Learning\Self Drive\IMG\left_2026_09_12_22_23_51_592.jpg,D:\ML Projects\Deep Learning\Self Drive\IMG\right_2026_09_12_22_23_51_592.jpg,0,0,0,26.73309
D:\ML Projects\Deep Learning\Self Drive\IMG\center_2026_09_12_22_23_51_721.jpg,D:\ML Projects\Deep Learning\Self Drive\IMG\left_2026_09_12_22_23_51_721.jpg,D:\ML Projects\Deep Learning\Self Drive\IMG\right_2026_09_12_22_23_51_721.jpg,0,0,0,26.35552
D:\ML Projects\Deep Learning\Self Drive\IMG\center_2026_09_12_22_23_51_796.jpg,D:\ML Projects\Deep Learning\Self Drive\IMG\left_2026_09_12_22_23_51_796.jpg,D:\ML Projects\Deep Learning\Self Drive\IMG\right_2026_09_12_22_23_51_796.jpg,0,0,0,26.14342
D:\ML Projects\Deep Learning\Self Drive\IMG\center_2026_09_12_22_23_51_928.jpg,D:\ML Projects\Deep Learning\Self Drive\IMG\left_2026_09_12_22_23_51_928.jpg,D:\ML Projects\Deep Learning\Self Drive\IMG\right_2026_09_12_22_23_51_928.jpg,-0.15,0.2094738,0,25.93335
D:\ML Projects\Deep Learning\Self Drive\IMG\center_2026_09_12_22_23_52_065.jpg,D:\ML Projects\Deep Learning\Self Drive\IMG\left_2026_09_12_22_23_52_065.jpg,D:\ML Projects\Deep Learning\Self Drive\IMG\right_2026_09_12_22_23_52_065.jpg,-0.5000001,0.6151563,0,26.23994
D:\ML Projects\Deep Learning\Self Drive\IMG\center_2026_09_12_22_23_52_136.jpg,D:\ML Projects\Deep Learning\Self Drive\IMG\left_2026_09_12_22_23_52_136.jpg,D:\ML Projects\Deep Learning\Self Drive\IMG\right_2026_09_12_22_23_52_136.jpg,0,0.8323206,0,26.77705
D:\ML Projects\Deep Learning\Self Drive\IMG\center_2026_09_12_22_23_52_261.jpg,D:\ML Projects\Deep Learning\Self Drive\IMG\left_2026_09_12_22_23_52_261.jpg,D:\ML Projects\Deep Learning\Self Drive\IMG\right_2026_09_12_22_23_52_261.jpg,-0.15,1,0,27.86396
D:\ML Projects\Deep Learning\Self Drive\IMG\center_2026_09_12_22_23_52_395.jpg,D:\ML Projects\Deep Learning\Self Drive\IMG\left_2026_09_12_22_23_52_395.jpg,D:\ML Projects\Deep Learning\Self Drive\IMG\right_2026_09_12_22_23_52_395.jpg,0,1,0,29.15775
D:\ML Projects\Deep Learning\Self Drive\IMG\center_2026_09_12_22_23_52_533.jpg,D:\ML Projects\Deep Learning\Self Drive\IMG\left_2026_09_12_22_23_52_533.jpg,D:\ML Projects\Deep Learning\Self Drive\IMG\right_2026_09_12_22_23_52_533.jpg,-0.3,1,0,30.16559
D:\ML Projects\Deep Learning\Self Drive\IMG\center_2026_09_12_22_23_52_607.jpg,D:\ML Projects\Deep Learning\Self Drive\IMG\left_2026_09_12_22_23_52_607.jpg,D:\ML Projects\Deep Learning\Self Drive\IMG\right_2026_09_12_22_23_52_607.jpg,0,1,0,30.18975
D:\ML Projects\Deep Learning\Self Drive\IMG\center_2026_09_12_22_23_52_678.jpg,D:\ML Projects\Deep Learning\Self Drive\IMG\left_2026_09_12_22_23_52_678.jpg,D:\ML Projects\Deep Learning\Self Drive\IMG\right_2026_09_12_22_23_52_678.jpg,0,1,0,30.19072
D:\ML Projects\Deep Learning\Self Drive\IMG\center_2026_09_12_22_23_52_755.jpg,D:\ML Projects\Deep Learning\Self Drive\IMG\left_2026_09_12_22_23_52_755.jpg,D:\ML Projects\Deep Learning\Self Drive\IMG\right_2026_09_12_22_23_52_755.jpg,-0.2,1,0,30.18167
D:\ML Projects\Deep Learning\Self Drive\IMG\center_2026_09_12_22_23_52_833.jpg,D:\ML Projects\Deep Learning\Self Drive\IMG\left_2026_09_12_22_23_52_833.jpg,D:\ML Projects\Deep Learning\Self Drive\IMG\right_2026_09_12_22_23_52_833.jpg,-0.35,1,0,30.16521
D:\ML Projects\Deep Learning\Self Drive\IMG\center_2026_09_12_22_23_52_909.jpg,D:\ML Projects\Deep Learning\Self Drive\IMG\left_2026_09_12_22_23_52_909.jpg,D:\ML Projects\Deep Learning\Self Drive\IMG\right_2026_09_12_22_23_52_909.jpg,-0.5500001,1,0,30.1404
D:\ML Projects\Deep Learning\Self Drive\IMG\center_2026_09_12_22_23_52_984.jpg,D:\ML Projects\Deep Learning\Self Drive\IMG\left_2026_09_12_22_23_52_984.jpg,D:\ML Projects\Deep Learning\Self Drive\IMG\right_2026_09_12_22_23_52_984.jpg,-0.7500002,0.7757101,0,30.05671
D:\ML Projects\Deep Learning\Self Drive\IMG\center_2026_09_12_22_23_53_066.jpg,D:\ML Projects\Deep Learning\Self Drive\IMG\left_2026_09_12_22_23_53_066.jpg,D:\ML Projects\Deep Learning\Self Drive\IMG\right_2026_09_12_22_23_53_066.jpg,0,0.5271052,0,30.05581
D:\ML Projects\Deep Learning\Self Drive\IMG\center_2026_09_12_22_23_53_152.jpg,D:\ML Projects\Deep Learning\Self Drive\IMG\left_2026_09_12_22_23_53_152.jpg,D:\ML Projects\Deep Learning\Self Drive\IMG\right_2026_09_12_22_23_53_152.jpg,0,0.2745145,0,29.99208
D:\ML Projects\Deep Learning\Self Drive\IMG\center_2026_09_12_22_23_53_233.jpg,D:\ML Projects\Deep Learning\Self Drive\IMG\left_2026_09_12_22_23_53_233.jpg,D:\ML Projects\Deep Learning\Self Drive\IMG\right_2026_09_12_22_23_53_233.jpg,-0.2,0.02668691,0,29.8167
D:\ML Projects\Deep Learning\Self Drive\IMG\center_2026_09_12_22_23_53_310.jpg,D:\ML Projects\Deep Learning\Self Drive\IMG\left_2026_09_12_22_23_53_310.jpg,D:\ML Projects\Deep Learning\Self Drive\IMG\right_2026_09_12_22_23_53_310.jpg,-0.4,0,0,29.51523
D:\ML Projects\Deep Learning\Self Drive\IMG\center_2026_09_12_22_23_53_399.jpg,D:\ML Projects\Deep Learning\Self Drive\IMG\left_2026_09_12_22_23_53_399.jpg,D:\ML Projects\Deep Learning\Self Drive\IMG\right_2026_09_12_22_23_53_399.jpg,0,0,0,29.20637
D:\ML Projects\Deep Learning\Self Drive\IMG\center_2026_09_12_22_23_53_481.jpg,D:\ML Projects\Deep Learning\Self Drive\IMG\left_2026_09_12_22_23_53_481.jpg,D:\ML Projects\Deep Learning\Self Drive\IMG\right_2026_09_12_22_23_53_481.jpg,0,0,0,28.97017
D:\ML Projects\Deep Learning\Self Drive\IMG\center_2026_09_12_22_23_53_563.jpg,D:\ML Projects\Deep Learning\Self Drive\IMG\left_2026_09_12_22_23_53_563.jpg,D:\ML Projects\Deep Learning\Self Drive\IMG\right_2026_09_12_22_23_53_563.jpg,0,0,0,28.73697
D:\ML Projects\Deep Learning\Self Drive\IMG\center_2026_09_12_22_23_53_647.jpg,D:\ML Projects\Deep Learning\Self Drive\IMG\left_2026_09_12_22_23_53_647.jpg,D:\ML Projects\Deep Learning\Self Drive\IMG\right_2026_09_12_22_23_53_647.jpg,-0.2,0,0,28.4904
D:\ML Projects\Deep Learning\Self Drive\IMG\center_2026_09_12_22_23_53_717.jpg,D:\ML Projects\Deep Learning\Self Drive\IMG\left_2026_09_12_22_23_53_717.jpg,D:\ML Projects\Deep Learning\Self Drive\IMG\right_2026_09_12_22_23_53_717.jpg,-0.4,0,0,28.17386
D:\ML Projects\Deep Learning\Self Drive\IMG\center_2026_09_12_22_23_53_784.jpg,D:\ML Projects\Deep Learning\Self Drive\IMG\left_2026_09_12_22_23_53_784.jpg,D:\ML Projects\Deep Learning\Self Drive\IMG\right_2026_09_12_22_23_53_784.jpg,-0.5500001,0,0,27.88142
D:\ML Projects\Deep Learning\Self Drive\IMG\center_2026_09_12_22_23_53_864.jpg,D:\ML Projects\Deep Learning\Self Drive\IMG\left_2026_09_12_22_23_53_864.jpg,D:\ML Projects\Deep Learning\Self Drive\IMG\right_2026_09_12_22_23_53_864.jpg,-0.7500002,0,0,27.42139
D:\ML Projects\Deep Learning\Self Drive\IMG\center_2026_09_12_22_23_53_944.jpg,D:\ML Projects\Deep Learning\Self Drive\IMG\left_2026_09_12_22_23_53_944.jpg,D:\ML Projects\Deep Learning\Self Drive\IMG\right_2026_09_12_22_23_53_944.jpg,-0.9500002,0,0,26.88886
D:\ML Projects\Deep Learning\Self Drive\IMG\center_2026_09_12_22_23_54_026.jpg,D:\ML Projects\Deep Learning\Self Drive\IMG\left_2026_09_12_22_23_54_026.jpg,D:\ML Projects\Deep Learning\Self Drive\IMG\right_2026_09_12_22_23_54_026.jpg,0,0,0,26.57326
D:\ML Projects\Deep Learning\Self Drive\IMG\center_2026_09_12_22_23_54_128.jpg,D:\ML Projects\Deep Learning\Self Drive\IMG\left_2026_09_12_22_23_54_128.jpg,D:\ML Projects\Deep Learning\Self Drive\IMG\right_2026_09_12_22_23_54_128.jpg,-0.25,0,0,26.30716
D:\ML Projects\Deep Learning\Self Drive\IMG\center_2026_09_12_22_23_54_222.jpg,D:\ML Projects\Deep Learning\Self Drive\IMG\left_2026_09_12_22_23_54_222.jpg,D:\ML Projects\Deep Learning\Self Drive\IMG\right_2026_09_12_22_23_54_222.jpg,-0.5000001,0,0,25.96023
D:\ML Projects\Deep Learning\Self Drive\IMG\center_2026_09_12_22_23_54_318.jpg,D:\ML Projects\Deep Learning\Self Drive\IMG\left_2026_09_12_22_23_54_318.jpg,D:\ML Projects\Deep Learning\Self Drive\IMG\right_2026_09_12_22_23_54_318.jpg,0,0,0,25.67298
D:\ML Projects\Deep Learning\Self Drive\IMG\center_2026_09_12_22_23_54_404.jpg,D:\ML Projects\Deep Learning\Self Drive\IMG\left_2026_09_12_22_23_54_404.jpg,D:\ML Projects\Deep Learning\Self Drive\IMG\right_2026_09_12_22_23_54_404.jpg,0,0,0,25.4628
D:\ML Projects\Deep Learning\Self Drive\IMG\center_2026_09_12_22_23_54_488.jpg,D:\ML Projects\Deep Learning\Self Drive\IMG\left_2026_09_12_22_23_54_488.jpg,D:\ML Projects\Deep Learning\Self Drive\IMG\right_2026_09_12_22_23_54_488.jpg,-0.2,0,0,25.24858
D:\ML Projects\Deep Learning\Self Drive\IMG\center_2026_09_12_22_23_54_572.jpg,D:\ML Projects\Deep Learning\Self Drive\IMG\left_2026_09_12_22_23_54_572.jpg,D:\ML Projects\Deep Learning\Self Drive\IMG\right_2026_09_12_22_23_54_572.jpg,-0.4,0,0,24.97407
D:\ML Projects\Deep Learning\Self Drive\IMG\center_2026_09_12_22_23_54_653.jpg,D:\ML Projects\Deep Learning\Self Drive\IMG\left_2026_09_12_22_23_54_653.jpg,D:\ML Projects\Deep Learning\Self Drive\IMG\right_2026_09_12_22_23_54_653.jpg,-0.6000001,0,0,24.62076
D:\ML Projects\Deep Learning\Self Drive\IMG\center_2026_09_12_22_23_54_722.jpg,D:\ML Projects\Deep Learning\Self Drive\IMG\left_2026_09_12_22_23_54_722.jpg,D:\ML Projects\Deep Learning\Self Drive\IMG\right_2026_09_12_22_23_54_722.jpg,0,0,0,24.383
D:\ML Projects\Deep Learning\Self Drive\IMG\center_2026_09_12_22_23_54_792.jpg,D:\ML Projects\Deep Learning\Self Drive\IMG\left_2026_09_12_22_23_54_792.jpg,D:\ML Projects\Deep Learning\Self Drive\IMG\right_2026_09_12_22_23_54_792.jpg,0,0,0,24.23016
D:\ML Projects\Deep Learning\Self Drive\IMG\center_2026_09_12_22_23_54_924.jpg,D:\ML Projects\Deep Learning\Self Drive\IMG\left_2026_09_12_22_23_54_924.jpg,D:\ML Projects\Deep Learning\Self Drive\IMG\right_2026_09_12_22_23_54_924.jpg,-0.2,0,0,23.87767
D:\ML Projects\Deep Learning\Self Drive\IMG\center_2026_09_12_22_23_54_996.jpg,D:\ML Projects\Deep Learning\Self Drive\IMG\left_2026_09_12_22_23_54_996.jpg,D:\ML Projects\Deep Learning\Self Drive\IMG\right_2026_09_12_22_23_54_996.jpg,-0.4,0,0,23.61566
D:\ML Projects\Deep Learning\Self Drive\IMG\center_2026_09_12_22_23_55_063.jpg,D:\ML Projects\Deep Learning\Self Drive\IMG\left_2026_09_12_22_23_55_063.jpg,D:\ML Projects\Deep Learning\Self Drive\IMG\right_2026_09_12_22_23_55_063.jpg,0,0,0,23.46075
D:\ML Projects\Deep Learning\Self Drive\IMG\center_2026_09_12_22_23_55_130.jpg,D:\ML Projects\Deep Learning\Self Drive\IMG\left_2026_09_12_22_23_55_130.jpg,D:\ML Projects\Deep Learning\Self Drive\IMG\right_2026_09_12_22_23_55_130.jpg,0,0,0,23.31574
D:\ML Projects\Deep Learning\Self Drive\IMG\center_2026_09_12_22_23_55_211.jpg,D:\ML Projects\Deep Learning\Self Drive\IMG\left_2026_09_12_22_23_55_211.jpg,D:\ML Projects\Deep Learning\Self Drive\IMG\right_2026_09_12_22_23_55_211.jpg,0,0,0,23.12703
D:\ML Projects\Deep Learning\Self Drive\IMG\center_2026_09_12_22_23_55_281.jpg,D:\ML Projects\Deep Learning\Self Drive\IMG\left_2026_09_12_22_23_55_281.jpg,D:\ML Projects\Deep Learning\Self Drive\IMG\right_2026_09_12_22_23_55_281.jpg,0,0,0,22.94087
D:\ML Projects\Deep Learning\Self Drive\IMG\center_2026_09_12_22_23_55_419.jpg,D:\ML Projects\Deep Learning\Self Drive\IMG\left_2026_09_12_22_23_55_419.jpg,D:\ML Projects\Deep Learning\Self Drive\IMG\right_2026_09_12_22_23_55_419.jpg,-0.35,0,0,22.55447
D:\ML Projects\Deep Learning\Self Drive\IMG\center_2026_09_12_22_23_55_495.jpg,D:\ML Projects\Deep Learning\Self Drive\IMG\left_2026_09_12_22_23_55_495.jpg,D:\ML Projects\Deep Learning\Self Drive\IMG\right_2026_09_12_22_23_55_495.jpg,-0.5500001,0,0,22.24467
D:\ML Projects\Deep Learning\Self Drive\IMG\center_2026_09_12_22_23_55_577.jpg,D:\ML Projects\Deep Learning\Self Drive\IMG\left_2026_09_12_22_23_55_577.jpg,D:\ML Projects\Deep Learning\Self Drive\IMG\right_2026_09_12_22_23_55_577.jpg,0,0,0,22.03093
D:\ML Projects\Deep Learning\Self Drive\IMG\center_2026_09_12_22_23_55_660.jpg,D:\ML Projects\Deep Learning\Self Drive\IMG\left_2026_09_12_22_23_55_660.jpg,D:\ML Projects\Deep Learning\Self Drive\IMG\right_2026_09_12_22_23_55_660.jpg,0,0,0,21.84693
D:\ML Projects\Deep Learning\Self Drive\IMG\center_2026_09_12_22_23_55_739.jpg,D:\ML Projects\Deep Learning\Self Drive\IMG\left_2026_09_12_22_23_55_739.jpg,D:\ML Projects\Deep Learning\Self Drive\IMG\right_2026_09_12_22_23_55_739.jpg,0,0,0,21.67011
D:\ML Projects\Deep Learning\Self Drive\IMG\center_2026_09_12_22_23_55_824.jpg,D:\ML Projects\Deep Learning\Self Drive\IMG\left_2026_09_12_22_23_55_824.jpg,D:\ML Projects\Deep Learning\Self Drive\IMG\right_2026_09_12_22_23_55_824.jpg,0,0.2549931,0,21.73184
D:\ML Projects\Deep Learning\Self Drive\IMG\center_2026_09_12_22_23_55_932.jpg,D:\ML Projects\Deep Learning\Self Drive\IMG\left_2026_09_12_22_23_55_932.jpg,D:\ML Projects\Deep Learning\Self Drive\IMG\right_2026_09_12_22_23_55_932.jpg,0,0.5701014,0,22.10237
D:\ML Projects\Deep Learning\Self Drive\IMG\center_2026_09_12_22_23_56_033.jpg,D:\ML Projects\Deep Learning\Self Drive\IMG\left_2026_09_12_22_23_56_033.jpg,D:\ML Projects\Deep Learning\Self Drive\IMG\right_2026_09_12_22_23_56_033.jpg,-0.25,0.8792106,0,22.91998
D:\ML Projects\Deep Learning\Self Drive\IMG\center_2026_09_12_22_23_56_135.jpg,D:\ML Projects\Deep Learning\Self Drive\IMG\left_2026_09_12_22_23_56_135.jpg,D:\ML Projects\Deep Learning\Self Drive\IMG\right_2026_09_12_22_23_56_135.jpg,0,1,0,24.06727
D:\ML Projects\Deep Learning\Self Drive\IMG\center_2026_09_12_22_23_56_224.jpg,D:\ML Projects\Deep Learning\Self Drive\IMG\left_2026_09_12_22_23_56_224.jpg,D:\ML Projects\Deep Learning\Self Drive\IMG\right_2026_09_12_22_23_56_224.jpg,-0.2,1,0,24.82467
D:\ML Projects\Deep Learning\Self Drive\IMG\center_2026_09_12_22_23_56_349.jpg,D:\ML Projects\Deep Learning\Self Drive\IMG\left_2026_09_12_22_23_56_349.jpg,D:\ML Projects\Deep Learning\Self Drive\IMG\right_2026_09_12_22_23_56_349.jpg,0,1,0,25.91331
D:\ML Projects\Deep Learning\Self Drive\IMG\center_2026_09_12_22_23_56_463.jpg,D:\ML Projects\Deep Learning\Self Drive\IMG\left_2026_09_12_22_23_56_463.jpg,D:\ML Projects\Deep Learning\Self Drive\IMG\right_2026_09_12_22_23_56_463.jpg,0,1,0,27.04606
D:\ML Projects\Deep Learning\Self Drive\IMG\center_2026_09_12_22_23_56_592.jpg,D:\ML Projects\Deep Learning\Self Drive\IMG\left_2026_09_12_22_23_56_592.jpg,D:\ML Projects\Deep Learning\Self Drive\IMG\right_2026_09_12_22_23_56_592.jpg,-0.15,1,0,28.16086
D:\ML Projects\Deep Learning\Self Drive\IMG\center_2026_09_12_22_23_56_709.jpg,D:\ML Projects\Deep Learning\Self Drive\IMG\left_2026_09_12_22_23_56_709.jpg,D:\ML Projects\Deep Learning\Self Drive\IMG\right_2026_09_12_22_23_56_709.jpg,-0.45,1,0,29.13976
D:\ML Projects\Deep Learning\Self Drive\IMG\center_2026_09_12_22_23_56_839.jpg,D:\ML Projects\Deep Learning\Self Drive\IMG\left_2026_09_12_22_23_56_839.jpg,D:\ML Projects\Deep Learning\Self Drive\IMG\right_2026_09_12_22_23_56_839.jpg,0,1,0,30.19076
D:\ML Projects\Deep Learning\Self Drive\IMG\center_2026_09_12_22_23_56_979.jpg,D:\ML Projects\Deep Learning\Self Drive\IMG\left_2026_09_12_22_23_56_979.jpg,D:\ML Projects\Deep Learning\Self Drive\IMG\right_2026_09_12_22_23_56_979.jpg,-0.35,1,0,30.16756
D:\ML Projects\Deep Learning\Self Drive\IMG\center_2026_09_12_22_23_57_061.jpg,D:\ML Projects\Deep Learning\Self Drive\IMG\left_2026_09_12_22_23_57_061.jpg,D:\ML Projects\Deep Learning\Self Drive\IMG\right_2026_09_12_22_23_57_061.jpg,0,1,0,30.18924
D:\ML Projects\Deep Learning\Self Drive\IMG\center_2026_09_12_22_23_57_139.jpg,D:\ML Projects\Deep Learning\Self Drive\IMG\left_2026_09_12_22_23_57_139.jpg,D:\ML Projects\Deep Learning\Self Drive\IMG\right_2026_09_12_22_23_57_139.jpg,-0.2,1,0,30.18472
D:\ML Projects\Deep Learning\Self Drive\IMG\center_2026_09_12_22_23_57_213.jpg,D:\ML Projects\Deep Learning\Self Drive\IMG\left_2026_09_12_22_23_57_213.jpg,D:\ML Projects\Deep Learning\Self Drive\IMG\right_2026_09_12_22_23_57_213.jpg,-0.35,1,0,30.1686
D:\ML Projects\Deep Learning\Self Drive\IMG\center_2026_09_12_22_23_57_285.jpg,D:\ML Projects\Deep Learning\Self Drive\IMG\left_2026_09_12_22_23_57_285.jpg,D:\ML Projects\Deep Learning\Self Drive\IMG\right_2026_09_12_22_23_57_285.jpg,0,1,0,30.18896
D:\ML Projects\Deep Learning\Self Drive\IMG\center_2026_09_12_22_23_57_359.jpg,D:\ML Projects\Deep Learning\Self Drive\IMG\left_2026_09_12_22_23_57_359.jpg,D:\ML Projects\Deep Learning\Self Drive\IMG\right_2026_09_12_22_23_57_359.jpg,0,1,0,30.18997
D:\ML Projects\Deep Learning\Self Drive\IMG\center_2026_09_12_22_23_57_434.jpg,D:\ML Projects\Deep Learning\Self Drive\IMG\left_2026_09_12_22_23_57_434.jpg,D:\ML Projects\Deep Learning\Self Drive\IMG\right_2026_09_12_22_23_57_434.jpg,0,1,0,30.19025
D:\ML Projects\Deep Learning\Self Drive\IMG\center_2026_09_12_22_23_57_516.jpg,D:\ML Projects\Deep Learning\Self Drive\IMG\left_2026_09_12_22_23_57_516.jpg,D:\ML Projects\Deep Learning\Self Drive\IMG\right_2026_09_12_22_23_57_516.jpg,-0.25,1,0,30.17626
D:\ML Projects\Deep Learning\Self Drive\IMG\center_2026_09_12_22_23_57_617.jpg,D:\ML Projects\Deep Learning\Self Drive\IMG\left_2026_09_12_22_23_57_617.jpg,D:\ML Projects\Deep Learning\Self Drive\IMG\right_2026_09_12_22_23_57_617.jpg,0,1,0,30.18987
D:\ML Projects\Deep Learning\Self Drive\IMG\center_2026_09_12_22_23_57_702.jpg,D:\ML Projects\Deep Learning\Self Drive\IMG\left_2026_09_12_22_23_57_702.jpg,D:\ML Projects\Deep Learning\Self Drive\IMG\right_2026_09_12_22_23_57_702.jpg,0,1,0,30.19024
D:\ML Projects\Deep Learning\Self Drive\IMG\center_2026_09_12_22_23_57_789.jpg,D:\ML Projects\Deep Learning\Self Drive\IMG\left_2026_09_12_22_23_57_789.jpg,D:\ML Projects\Deep Learning\Self Drive\IMG\right_2026_09_12_22_23_57_789.jpg,-0.2,1,0,30.18134
D:\ML Projects\Deep Learning\Self Drive\IMG\center_2026_09_12_22_23_57_885.jpg,D:\ML Projects\Deep Learning\Self Drive\IMG\left_2026_09_12_22_23_57_885.jpg,D:\ML Projects\Deep Learning\Self Drive\IMG\right_2026_09_12_22_23_57_885.jpg,0,1,0,30.19015
D:\ML Projects\Deep Learning\Self Drive\IMG\center_2026_09_12_22_23_57_988.jpg,D:\ML Projects\Deep Learning\Self Drive\IMG\left_2026_09_12_22_23_57_988.jpg,D:\ML Projects\Deep Learning\Self Drive\IMG\right_2026_09_12_22_23_57_988.jpg,-0.25,1,0,30.17694
D:\ML Projects\Deep Learning\Self Drive\IMG\center_2026_09_12_22_23_58_076.jpg,D:\ML Projects\Deep Learning\Self Drive\IMG\left_2026_09_12_22_23_58_076.jpg,D:\ML Projects\Deep Learning\Self Drive\IMG\right_2026_09_12_22_23_58_076.jpg,0,1,0,30.19007
D:\ML Projects\Deep Learning\Self Drive\IMG\center_2026_09_12_22_23_58_166.jpg,D:\ML Projects\Deep Learning\Self Drive\IMG\left_2026_09_12_22_23_58_166.jpg,D:\ML Projects\Deep Learning\Self Drive\IMG\right_2026_09_12_22_23_58_166.jpg,-0.2,1,0,30.18217
D:\ML Projects\Deep Learning\Self Drive\IMG\center_2026_09_12_22_23_58_252.jpg,D:\ML Projects\Deep Learning\Self Drive\IMG\left_2026_09_12_22_23_58_252.jpg,D:\ML Projects\Deep Learning\Self Drive\IMG\right_2026_09_12_22_23_58_252.jpg,-0.4,1,0,30.16013
D:\ML Projects\Deep Learning\Self Drive\IMG\center_2026_09_12_22_23_58_334.jpg,D:\ML Projects\Deep Learning\Self Drive\IMG\left_2026_09_12_22_23_58_334.jpg,D:\ML Projects\Deep Learning\Self Drive\IMG\right_2026_09_12_22_23_58_334.jpg,-0.6500001,0.7561567,0,30.0689
D:\ML Projects\Deep Learning\Self Drive\IMG\center_2026_09_12_22_23_58_419.jpg,D:\ML Projects\Deep Learning\Self Drive\IMG\left_2026_09_12_22_23_58_419.jpg,D:\ML Projects\Deep Learning\Self Drive\IMG\right_2026_09_12_22_23_58_419.jpg,0,0.5023492,0,30.05312
D:\ML Projects\Deep Learning\Self Drive\IMG\center_2026_09_12_22_23_58_499.jpg,D:\ML Projects\Deep Learning\Self Drive\IMG\left_2026_09_12_22_23_58_499.jpg,D:\ML Projects\Deep Learning\Self Drive\IMG\right_2026_09_12_22_23_58_499.jpg,0,0.262909,0,29.98808
D:\ML Projects\Deep Learning\Self Drive\IMG\center_2026_09_12_22_23_58_579.jpg,D:\ML Projects\Deep Learning\Self Drive\IMG\left_2026_09_12_22_23_58_579.jpg,D:\ML Projects\Deep Learning\Self Drive\IMG\right_2026_09_12_22_23_58_579.jpg,-0.2,0.0235441,0,29.80834
D:\ML Projects\Deep Learning\Self Drive\IMG\center_2026_09_12_22_23_58_659.jpg,D:\ML Projects\Deep Learning\Self Drive\IMG\left_2026_09_12_22_23_58_659.jpg,D:\ML Projects\Deep Learning\Self Drive\IMG\right_2026_09_12_22_23_58_659.jpg,-0.4,0,0,29.50373
D:\ML Projects\Deep Learning\Self Drive\IMG\center_2026_09_12_22_23_58_727.jpg,D:\ML Projects\Deep Learning\Self Drive\IMG\left_2026_09_12_22_23_58_727.jpg,D:\ML Projects\Deep Learning\Self Drive\IMG\right_2026_09_12_22_23_58_727.jpg,0,0,0,29.31562
D:\ML Projects\Deep Learning\Self Drive\IMG\center_2026_09_12_22_23_58_802.jpg,D:\ML Projects\Deep Learning\Self Drive\IMG\left_2026_09_12_22_23_58_802.jpg,D:\ML Projects\Deep Learning\Self Drive\IMG\right_2026_09_12_22_23_58_802.jpg,0,0,0,29.07641
D:\ML Projects\Deep Learning\Self Drive\IMG\center_2026_09_12_22_23_58_878.jpg,D:\ML Projects\Deep Learning\Self Drive\IMG\left_2026_09_12_22_23_58_878.jpg,D:\ML Projects\Deep Learning\Self Drive\IMG\right_2026_09_12_22_23_58_878.jpg,0,0,0,28.84191
D:\ML Projects\Deep Learning\Self Drive\IMG\center_2026_09_12_22_23_58_955.jpg,D:\ML Projects\Deep Learning\Self Drive\IMG\left_2026_09_12_22_23_58_955.jpg,D:\ML Projects\Deep Learning\Self Drive\IMG\right_2026_09_12_22_23_58_955.jpg,0,0,0,28.60982
D:\ML Projects\Deep Learning\Self Drive\IMG\center_2026_09_12_22_23_59_028.jpg,D:\ML Projects\Deep Learning\Self Drive\IMG\left_2026_09_12_22_23_59_028.jpg,D:\ML Projects\Deep Learning\Self Drive\IMG\right_2026_09_12_22_23_59_028.jpg,0,0,0,28.43705
D:\ML Projects\Deep Learning\Self Drive\IMG\center_2026_09_12_22_23_59_107.jpg,D:\ML Projects\Deep Learning\Self Drive\IMG\left_2026_09_12_22_23_59_107.jpg,D:\ML Projects\Deep Learning\Self Drive\IMG\right_2026_09_12_22_23_59_107.jpg,0,0.2340828,0,28.39792
D:\ML Projects\Deep Learning\Self Drive\IMG\center_2026_09_12_22_23_59_189.jpg,D:\ML Projects\Deep Learning\Self Drive\IMG\left_2026_09_12_22_23_59_189.jpg,D:\ML Projects\Deep Learning\Self Drive\IMG\right_2026_09_12_22_23_59_189.jpg,0,0.4800063,0,28.59573
D:\ML Projects\Deep Learning\Self Drive\IMG\center_2026_09_12_22_23_59_273.jpg,D:\ML Projects\Deep Learning\Self Drive\IMG\left_2026_09_12_22_23_59_273.jpg,D:\ML Projects\Deep Learning\Self Drive\IMG\right_2026_09_12_22_23_59_273.jpg,0,0.7272831,0,29.02848
D:\ML Projects\Deep Learning\Self Drive\IMG\center_2026_09_12_22_23_59_362.jpg,D:\ML Projects\Deep Learning\Self Drive\IMG\left_2026_09_12_22_23_59_362.jpg,D:\ML Projects\Deep Learning\Self Drive\IMG\right_2026_09_12_22_23_59_362.jpg,0,0.9926976,0,29.88669
D:\ML Projects\Deep Learning\Self Drive\IMG\center_2026_09_12_22_23_59_453.jpg,D:\ML Projects\Deep Learning\Self Drive\IMG\left_2026_09_12_22_23_59_453.jpg,D:\ML Projects\Deep Learning\Self Drive\IMG\right_2026_09_12_22_23_59_453.jpg,-0.25,1,0,30.17486
D:\ML Projects\Deep Learning\Self Drive\IMG\center_2026_09_12_22_23_59_536.jpg,D:\ML Projects\Deep Learning\Self Drive\IMG\left_2026_09_12_22_23_59_536.jpg,D:\ML Projects\Deep Learning\Self Drive\IMG\right_2026_09_12_22_23_59_536.jpg,-0.45,1,0,30.15141
D:\ML Projects\Deep Learning\Self Drive\IMG\center_2026_09_12_22_23_59_630.jpg,D:\ML Projects\Deep Learning\Self Drive\IMG\left_2026_09_12_22_23_59_630.jpg,D:\ML Projects\Deep Learning\Self Drive\IMG\right_2026_09_12_22_23_59_630.jpg,0,1,0,30.18832
D:\ML Projects\Deep Learning\Self Drive\IMG\center_2026_09_12_22_23_59_705.jpg,D:\ML Projects\Deep Learning\Self Drive\IMG\left_2026_09_12_22_23_59_705.jpg,D:\ML Projects\Deep Learning\Self Drive\IMG\right_2026_09_12_22_23_59_705.jpg,0,1,0,30.18985
D:\ML Projects\Deep Learning\Self Drive\IMG\center_2026_09_12_22_23_59_785.jpg,D:\ML Projects\Deep Learning\Self Drive\IMG\left_2026_09_12_22_23_59_785.jpg,D:\ML Projects\Deep Learning\Self Drive\IMG\right_2026_09_12_22_23_59_785.jpg,0,1,0,30.19024
D:\ML Projects\Deep Learning\Self Drive\IMG\center_2026_09_12_22_23_59_860.jpg,D:\ML Projects\Deep Learning\Self Drive\IMG\left_2026_09_12_22_23_59_860.jpg,D:\ML Projects\Deep Learning\Self Drive\IMG\right_2026_09_12_22_23_59_860.jpg,0,1,0,30.19056
D:\ML Projects\Deep Learning\Self Drive\IMG\center_2026_09_12_22_23_59_945.jpg,D:\ML Projects\Deep Learning\Self Drive\IMG\left_2026_09_12_22_23_59_945.jpg,D:\ML Projects\Deep Learning\Self Drive\IMG\right_2026_09_12_22_23_59_945.jpg,0,1,0,30.18887
D:\ML Projects\Deep Learning\Self Drive\IMG\center_2026_09_12_22_24_00_041.jpg,D:\ML Projects\Deep Learning\Self Drive\IMG\left_2026_09_12_22_24_00_041.jpg,D:\ML Projects\Deep Learning\Self Drive\IMG\right_2026_09_12_22_24_00_041.jpg,0,1,0,30.1904
D:\ML Projects\Deep Learning\Self Drive\IMG\center_2026_09_12_22_24_00_148.jpg,D:\ML Projects\Deep Learning\Self Drive\IMG\left_2026_09_12_22_24_00_148.jpg,D:\ML Projects\Deep Learning\Self Drive\IMG\right_2026_09_12_22_24_00_148.jpg,0,1,0,30.18912
D:\ML Projects\Deep Learning\Self Drive\IMG\center_2026_09_12_22_24_00_240.jpg,D:\ML Projects\Deep Learning\Self Drive\IMG\left_2026_09_12_22_24_00_240.jpg,D:\ML Projects\Deep Learning\Self Drive\IMG\right_2026_09_12_22_24_00_240.jpg,0,1,0,30.19043
D:\ML Projects\Deep Learning\Self Drive\IMG\center_2026_09_12_22_24_00_322.jpg,D:\ML Projects\Deep Learning\Self Drive\IMG\left_2026_09_12_22_24_00_322.jpg,D:\ML Projects\Deep Learning\Self Drive\IMG\right_2026_09_12_22_24_00_322.jpg,0,1,0,30.19025
D:\ML Projects\Deep Learning\Self Drive\IMG\center_2026_09_12_22_24_00_398.jpg,D:\ML Projects\Deep Learning\Self Drive\IMG\left_2026_09_12_22_24_00_398.jpg,D:\ML Projects\Deep Learning\Self Drive\IMG\right_2026_09_12_22_24_00_398.jpg,0,1,0,30.19022
D:\ML Projects\Deep Learning\Self Drive\IMG\center_2026_09_12_22_24_00_473.jpg,D:\ML Projects\Deep Learning\Self Drive\IMG\left_2026_09_12_22_24_00_473.jpg,D:\ML Projects\Deep Learning\Self Drive\IMG\right_2026_09_12_22_24_00_473.jpg,0,1,0,30.19018
D:\ML Projects\Deep Learning\Self Drive\IMG\center_2026_09_12_22_24_00_551.jpg,D:\ML Projects\Deep Learning\Self Drive\IMG\left_2026_09_12_22_24_00_551.jpg,D:\ML Projects\Deep Learning\Self Drive\IMG\right_2026_09_12_22_24_00_551.jpg,-0.15,1,0,30.18382
D:\ML Projects\Deep Learning\Self Drive\IMG\center_2026_09_12_22_24_00_645.jpg,D:\ML Projects\Deep Learning\Self Drive\IMG\left_2026_09_12_22_24_00_645.jpg,D:\ML Projects\Deep Learning\Self Drive\IMG\right_2026_09_12_22_24_00_645.jpg,-0.4,1,0,30.15674
D:\ML Projects\Deep Learning\Self Drive\IMG\center_2026_09_12_22_24_00_726.jpg,D:\ML Projects\Deep Learning\Self Drive\IMG\left_2026_09_12_22_24_00_726.jpg,D:\ML Projects\Deep Learning\Self Drive\IMG\right_2026_09_12_22_24_00_726.jpg,0,1,0,30.18887
D:\ML Projects\Deep Learning\Self Drive\IMG\center_2026_09_12_22_24_00_805.jpg,D:\ML Projects\Deep Learning\Self Drive\IMG\left_2026_09_12_22_24_00_805.jpg,D:\ML Projects\Deep Learning\Self Drive\IMG\right_2026_09_12_22_24_00_805.jpg,0,1,0,30.18967
D:\ML Projects\Deep Learning\Self Drive\IMG\center_2026_09_12_22_24_00_883.jpg,D:\ML Projects\Deep Learning\Self Drive\IMG\left_2026_09_12_22_24_00_883.jpg,D:\ML Projects\Deep Learning\Self Drive\IMG\right_2026_09_12_22_24_00_883.jpg,0,0.7647193,0,30.12694
D:\ML Projects\Deep Learning\Self Drive\IMG\center_2026_09_12_22_24_00_960.jpg,D:\ML Projects\Deep Learning\Self Drive\IMG\left_2026_09_12_22_24_00_960.jpg,D:\ML Projects\Deep Learning\Self Drive\IMG\right_2026_09_12_22_24_00_960.jpg,0,0.5323816,0,30.06852
D:\ML Projects\Deep Learning\Self Drive\IMG\center_2026_09_12_22_24_01_038.jpg,D:\ML Projects\Deep Learning\Self Drive\IMG\left_2026_09_12_22_24_01_038.jpg,D:\ML Projects\Deep Learning\Self Drive\IMG\right_2026_09_12_22_24_01_038.jpg,0,0.3015997,0,30.00899
D:\ML Projects\Deep Learning\Self Drive\IMG\center_2026_09_12_22_24_01_117.jpg,D:\ML Projects\Deep Learning\Self Drive\IMG\left_2026_09_12_22_24_01_117.jpg,D:\ML Projects\Deep Learning\Self Drive\IMG\right_2026_09_12_22_24_01_117.jpg,0,0.06175271,0,29.84733
D:\ML Projects\Deep Learning\Self Drive\IMG\center_2026_09_12_22_24_01_196.jpg,D:\ML Projects\Deep Learning\Self Drive\IMG\left_2026_09_12_22_24_01_196.jpg,D:\ML Projects\Deep Learning\Self Drive\IMG\right_2026_09_12_22_24_01_196.jpg,0,0,0,29.62003
D:\ML Projects\Deep Learning\Self Drive\IMG\center_2026_09_12_22_24_01_278.jpg,D:\ML Projects\Deep Learning\Self Drive\IMG\left_2026_09_12_22_24_01_278.jpg,D:\ML Projects\Deep Learning\Self Drive\IMG\right_2026_09_12_22_24_01_278.jpg,0,0.2497947,0,29.58249
D:\ML Projects\Deep Learning\Self Drive\IMG\center_2026_09_12_22_24_01_359.jpg,D:\ML Projects\Deep Learning\Self Drive\IMG\left_2026_09_12_22_24_01_359.jpg,D:\ML Projects\Deep Learning\Self Drive\IMG\right_2026_09_12_22_24_01_359.jpg,0,0.4923678,0,29.78167
D:\ML Projects\Deep Learning\Self Drive\IMG\center_2026_09_12_22_24_01_441.jpg,D:\ML Projects\Deep Learning\Self Drive\IMG\left_2026_09_12_22_24_01_441.jpg,D:\ML Projects\Deep Learning\Self Drive\IMG\right_2026_09_12_22_24_01_441.jpg,-0.2,0.7387173,0,30.11874
D:\ML Projects\Deep Learning\Self Drive\IMG\center_2026_09_12_22_24_01_515.jpg,D:\ML Projects\Deep Learning\Self Drive\IMG\left_2026_09_12_22_24_01_515.jpg,D:\ML Projects\Deep Learning\Self Drive\IMG\right_2026_09_12_22_24_01_515.jpg,-0.4,0.9557886,0,30.14784
D:\ML Projects\Deep Learning\Self Drive\IMG\center_2026_09_12_22_24_01_597.jpg,D:\ML Projects\Deep Learning\Self Drive\IMG\left_2026_09_12_22_24_01_597.jpg,D:\ML Projects\Deep Learning\Self Drive\IMG\right_2026_09_12_22_24_01_597.jpg,0,1,0,30.18949
D:\ML Projects\Deep Learning\Self Drive\IMG\center_2026_09_12_22_24_01_675.jpg,D:\ML Projects\Deep Learning\Self Drive\IMG\left_2026_09_12_22_24_01_675.jpg,D:\ML Projects\Deep Learning\Self Drive\IMG\right_2026_09_12_22_24_01_675.jpg,0,1,0,30.1899
D:\ML Projects\Deep Learning\Self Drive\IMG\center_2026_09_12_22_24_01_750.jpg,D:\ML Projects\Deep Learning\Self Drive\IMG\left_2026_09_12_22_24_01_750.jpg,D:\ML Projects\Deep Learning\Self Drive\IMG\right_2026_09_12_22_24_01_750.jpg,-0.15,1,0,30.18612
D:\ML Projects\Deep Learning\Self Drive\IMG\center_2026_09_12_22_24_01_827.jpg,D:\ML Projects\Deep Learning\Self Drive\IMG\left_2026_09_12_22_24_01_827.jpg,D:\ML Projects\Deep Learning\Self Drive\IMG\right_2026_09_12_22_24_01_827.jpg,0,1,0,30.19006
D:\ML Projects\Deep Learning\Self Drive\IMG\center_2026_09_12_22_24_01_901.jpg,D:\ML Projects\Deep Learning\Self Drive\IMG\left_2026_09_12_22_24_01_901.jpg,D:\ML Projects\Deep Learning\Self Drive\IMG\right_2026_09_12_22_24_01_901.jpg,0,1,0,30.19164
D:\ML Projects\Deep Learning\Self Drive\IMG\center_2026_09_12_22_24_01_976.jpg,D:\ML Projects\Deep Learning\Self Drive\IMG\left_2026_09_12_22_24_01_976.jpg,D:\ML Projects\Deep Learning\Self Drive\IMG\right_2026_09_12_22_24_01_976.jpg,0,1,0,30.19058
D:\ML Projects\Deep Learning\Self Drive\IMG\center_2026_09_12_22_24_02_052.jpg,D:\ML Projects\Deep Learning\Self Drive\IMG\left_2026_09_12_22_24_02_052.jpg,D:\ML Projects\Deep Learning\Self Drive\IMG\right_2026_09_12_22_24_02_052.jpg,0,1,0,30.19041
D:\ML Projects\Deep Learning\Self Drive\IMG\center_2026_09_12_22_24_02_125.jpg,D:\ML Projects\Deep Learning\Self Drive\IMG\left_2026_09_12_22_24_02_125.jpg,D:\ML Projects\Deep Learning\Self Drive\IMG\right_2026_09_12_22_24_02_125.jpg,0,1,0,30.19151
D:\ML Projects\Deep Learning\Self Drive\IMG\center_2026_09_12_22_24_02_203.jpg,D:\ML Projects\Deep Learning\Self Drive\IMG\left_2026_09_12_22_24_02_203.jpg,D:\ML Projects\Deep Learning\Self Drive\IMG\right_2026_09_12_22_24_02_203.jpg,0,1,0,30.1907
D:\ML Projects\Deep Learning\Self Drive\IMG\center_2026_09_12_22_24_02_282.jpg,D:\ML Projects\Deep Learning\Self Drive\IMG\left_2026_09_12_22_24_02_282.jpg,D:\ML Projects\Deep Learning\Self Drive\IMG\right_2026_09_12_22_24_02_282.jpg,-0.2,1,0,30.17975
D:\ML Projects\Deep Learning\Self Drive\IMG\center_2026_09_12_22_24_02_353.jpg,D:\ML Projects\Deep Learning\Self Drive\IMG\left_2026_09_12_22_24_02_353.jpg,D:\ML Projects\Deep Learning\Self Drive\IMG\right_2026_09_12_22_24_02_353.jpg,-0.4,1,0,30.15714
D:\ML Projects\Deep Learning\Self Drive\IMG\center_2026_09_12_22_24_02_431.jpg,D:\ML Projects\Deep Learning\Self Drive\IMG\left_2026_09_12_22_24_02_431.jpg,D:\ML Projects\Deep Learning\Self Drive\IMG\right_2026_09_12_22_24_02_431.jpg,0,1,0,30.18766
D:\ML Projects\Deep Learning\Self Drive\IMG\center_2026_09_12_22_24_02_510.jpg,D:\ML Projects\Deep Learning\Self Drive\IMG\left_2026_09_12_22_24_02_510.jpg,D:\ML Projects\Deep Learning\Self Drive\IMG\right_2026_09_12_22_24_02_510.jpg,0,1,0,30.18994
D:\ML Projects\Deep Learning\Self Drive\IMG\center_2026_09_12_22_24_02_596.jpg,D:\ML Projects\Deep Learning\Self Drive\IMG\left_2026_09_12_22_24_02_596.jpg,D:\ML Projects\Deep Learning\Self Drive\IMG\right_2026_09_12_22_24_02_596.jpg,0,1,0,30.19025
D:\ML Projects\Deep Learning\Self Drive\IMG\center_2026_09_12_22_24_02_681.jpg,D:\ML Projects\Deep Learning\Self Drive\IMG\left_2026_09_12_22_24_02_681.jpg,D:\ML Projects\Deep Learning\Self Drive\IMG\right_2026_09_12_22_24_02_681.jpg,0,1,0,30.1903
D:\ML Projects\Deep Learning\Self Drive\IMG\center_2026_09_12_22_24_02_760.jpg,D:\ML Projects\Deep Learning\Self Drive\IMG\left_2026_09_12_22_24_02_760.jpg,D:\ML Projects\Deep Learning\Self Drive\IMG\right_2026_09_12_22_24_02_760.jpg,-0.2,1,0,30.18023
D:\ML Projects\Deep Learning\Self Drive\IMG\center_2026_09_12_22_24_02_842.jpg,D:\ML Projects\Deep Learning\Self Drive\IMG\left_2026_09_12_22_24_02_842.jpg,D:\ML Projects\Deep Learning\Self Drive\IMG\right_2026_09_12_22_24_02_842.jpg,0,1,0,30.19027
D:\ML Projects\Deep Learning\Self Drive\IMG\center_2026_09_12_22_24_02_917.jpg,D:\ML Projects\Deep Learning\Self Drive\IMG\left_2026_09_12_22_24_02_917.jpg,D:\ML Projects\Deep Learning\Self Drive\IMG\right_2026_09_12_22_24_02_917.jpg,0,1,0,30.19061
D:\ML Projects\Deep Learning\Self Drive\IMG\center_2026_09_12_22_24_02_988.jpg,D:\ML Projects\Deep Learning\Self Drive\IMG\left_2026_09_12_22_24_02_988.jpg,D:\ML Projects\Deep Learning\Self Drive\IMG\right_2026_09_12_22_24_02_988.jpg,0,1,0,30.19063
D:\ML Projects\Deep Learning\Self Drive\IMG\center_2026_09_12_22_24_03_061.jpg,D:\ML Projects\Deep Learning\Self Drive\IMG\left_2026_09_12_22_24_03_061.jpg,D:\ML Projects\Deep Learning\Self Drive\IMG\right_2026_09_12_22_24_03_061.jpg,0,1,0,30.19045
D:\ML Projects\Deep Learning\Self Drive\IMG\center_2026_09_12_22_24_03_143.jpg,D:\ML Projects\Deep Learning\Self Drive\IMG\left_2026_09_12_22_24_03_143.jpg,D:\ML Projects\Deep Learning\Self Drive\IMG\right_2026_09_12_22_24_03_143.jpg,-0.2,1,0,30.1801
D:\ML Projects\Deep Learning\Self Drive\IMG\center_2026_09_12_22_24_03_249.jpg,D:\ML Projects\Deep Learning\Self Drive\IMG\left_2026_09_12_22_24_03_249.jpg,D:\ML Projects\Deep Learning\Self Drive\IMG\right_2026_09_12_22_24_03_249.jpg,0,1,0,30.19016
D:\ML Projects\Deep Learning\Self Drive\IMG\center_2026_09_12_22_24_03_324.jpg,D:\ML Projects\Deep Learning\Self Drive\IMG\left_2026_09_12_22_24_03_324.jpg,D:\ML Projects\Deep Learning\Self Drive\IMG\right_2026_09_12_22_24_03_324.jpg,0,1,0,30.19036
D:\ML Projects\Deep Learning\Self Drive\IMG\center_2026_09_12_22_24_03_401.jpg,D:\ML Projects\Deep Learning\Self Drive\IMG\left_2026_09_12_22_24_03_401.jpg,D:\ML Projects\Deep Learning\Self Drive\IMG\right_2026_09_12_22_24_03_401.jpg,-0.2,1,0,30.18106
D:\ML Projects\Deep Learning\Self Drive\IMG\center_2026_09_12_22_24_03_480.jpg,D:\ML Projects\Deep Learning\Self Drive\IMG\left_2026_09_12_22_24_03_480.jpg,D:\ML Projects\Deep Learning\Self Drive\IMG\right_2026_09_12_22_24_03_480.jpg,-0.4,1,0,30.158
D:\ML Projects\Deep Learning\Self Drive\IMG\center_2026_09_12_22_24_03_552.jpg,D:\ML Projects\Deep Learning\Self Drive\IMG\left_2026_09_12_22_24_03_552.jpg,D:\ML Projects\Deep Learning\Self Drive\IMG\right_2026_09_12_22_24_03_552.jpg,0,1,0,30.18903
D:\ML Projects\Deep Learning\Self Drive\IMG\center_2026_09_12_22_24_03_638.jpg,D:\ML Projects\Deep Learning\Self Drive\IMG\left_2026_09_12_22_24_03_638.jpg,D:\ML Projects\Deep Learning\Self Drive\IMG\right_2026_09_12_22_24_03_638.jpg,0,1,0,30.19004
D:\ML Projects\Deep Learning\Self Drive\IMG\center_2026_09_12_22_24_03_710.jpg,D:\ML Projects\Deep Learning\Self Drive\IMG\left_2026_09_12_22_24_03_710.jpg,D:\ML Projects\Deep Learning\Self Drive\IMG\right_2026_09_12_22_24_03_710.jpg,0,1,0,30.19022
D:\ML Projects\Deep Learning\Self Drive\IMG\center_2026_09_12_22_24_03_799.jpg,D:\ML Projects\Deep Learning\Self Drive\IMG\left_2026_09_12_22_24_03_799.jpg,D:\ML Projects\Deep Learning\Self Drive\IMG\right_2026_09_12_22_24_03_799.jpg,-0.25,1,0,30.17649
D:\ML Projects\Deep Learning\Self Drive\IMG\center_2026_09_12_22_24_03_902.jpg,D:\ML Projects\Deep Learning\Self Drive\IMG\left_2026_09_12_22_24_03_902.jpg,D:\ML Projects\Deep Learning\Self Drive\IMG\right_2026_09_12_22_24_03_902.jpg,0,1,0,30.19004
D:\ML Projects\Deep Learning\Self Drive\IMG\center_2026_09_12_22_24_03_989.jpg,D:\ML Projects\Deep Learning\Self Drive\IMG\left_2026_09_12_22_24_03_989.jpg,D:\ML Projects\Deep Learning\Self Drive\IMG\right_2026_09_12_22_24_03_989.jpg,0,1,0,30.1902
D:\ML Projects\Deep Learning\Self Drive\IMG\center_2026_09_12_22_24_04_107.jpg,D:\ML Projects\Deep Learning\Self Drive\IMG\left_2026_09_12_22_24_04_107.jpg,D:\ML Projects\Deep Learning\Self Drive\IMG\right_2026_09_12_22_24_04_107.jpg,0,1,0,30.19029
D:\ML Projects\Deep Learning\Self Drive\IMG\center_2026_09_12_22_24_04_189.jpg,D:\ML Projects\Deep Learning\Self Drive\IMG\left_2026_09_12_22_24_04_189.jpg,D:\ML Projects\Deep Learning\Self Drive\IMG\right_2026_09_12_22_24_04_189.jpg,0,1,0,30.19035
D:\ML Projects\Deep Learning\Self Drive\IMG\center_2026_09_12_22_24_04_260.jpg,D:\ML Projects\Deep Learning\Self Drive\IMG\left_2026_09_12_22_24_04_260.jpg,D:\ML Projects\Deep Learning\Self Drive\IMG\right_2026_09_12_22_24_04_260.jpg,-0.2,1,0,30.18002
D:\ML Projects\Deep Learning\Self Drive\IMG\center_2026_09_12_22_24_04_332.jpg,D:\ML Projects\Deep Learning\Self Drive\IMG\left_2026_09_12_22_24_04_332.jpg,D:\ML Projects\Deep Learning\Self Drive\IMG\right_2026_09_12_22_24_04_332.jpg,0,1,0,30.19029
D:\ML Projects\Deep Learning\Self Drive\IMG\center_2026_09_12_22_24_04_456.jpg,D:\ML Projects\Deep Learning\Self Drive\IMG\left_2026_09_12_22_24_04_456.jpg,D:\ML Projects\Deep Learning\Self Drive\IMG\right_2026_09_12_22_24_04_456.jpg,0,1,0,30.19029
D:\ML Projects\Deep Learning\Self Drive\IMG\center_2026_09_12_22_24_04_595.jpg,D:\ML Projects\Deep Learning\Self Drive\IMG\left_2026_09_12_22_24_04_595.jpg,D:\ML Projects\Deep Learning\Self Drive\IMG\right_2026_09_12_22_24_04_595.jpg,0,1,0,30.1903
D:\ML Projects\Deep Learning\Self Drive\IMG\center_2026_09_12_22_24_04_678.jpg,D:\ML Projects\Deep Learning\Self Drive\IMG\left_2026_09_12_22_24_04_678.jpg,D:\ML Projects\Deep Learning\Self Drive\IMG\right_2026_09_12_22_24_04_678.jpg,0,1,0,30.19031
D:\ML Projects\Deep Learning\Self Drive\IMG\center_2026_09_12_22_24_04_744.jpg,D:\ML Projects\Deep Learning\Self Drive\IMG\left_2026_09_12_22_24_04_744.jpg,D:\ML Projects\Deep Learning\Self Drive\IMG\right_2026_09_12_22_24_04_744.jpg,-0.15,1,0,30.18432
D:\ML Projects\Deep Learning\Self Drive\IMG\center_2026_09_12_22_24_04_820.jpg,D:\ML Projects\Deep Learning\Self Drive\IMG\left_2026_09_12_22_24_04_820.jpg,D:\ML Projects\Deep Learning\Self Drive\IMG\right_2026_09_12_22_24_04_820.jpg,-0.35,1,0,30.16356
D:\ML Projects\Deep Learning\Self Drive\IMG\center_2026_09_12_22_24_04_894.jpg,D:\ML Projects\Deep Learning\Self Drive\IMG\left_2026_09_12_22_24_04_894.jpg,D:\ML Projects\Deep Learning\Self Drive\IMG\right_2026_09_12_22_24_04_894.jpg,0,1,0,30.18954
D:\ML Projects\Deep Learning\Self Drive\IMG\center_2026_09_12_22_24_05_034.jpg,D:\ML Projects\Deep Learning\Self Drive\IMG\left_2026_09_12_22_24_05_034.jpg,D:\ML Projects\Deep Learning\Self Drive\IMG\right_2026_09_12_22_24_05_034.jpg,0,1,0,30.19007
D:\ML Projects\Deep Learning\Self Drive\IMG\center_2026_09_12_22_24_05_132.jpg,D:\ML Projects\Deep Learning\Self Drive\IMG\left_2026_09_12_22_24_05_132.jpg,D:\ML Projects\Deep Learning\Self Drive\IMG\right_2026_09_12_22_24_05_132.jpg,0,1,0,30.1903
D:\ML Projects\Deep Learning\Self Drive\IMG\center_2026_09_12_22_24_05_270.jpg,D:\ML Projects\Deep Learning\Self Drive\IMG\left_2026_09_12_22_24_05_270.jpg,D:\ML Projects\Deep Learning\Self Drive\IMG\right_2026_09_12_22_24_05_270.jpg,-0.15,1,0,30.18434
D:\ML Projects\Deep Learning\Self Drive\IMG\center_2026_09_12_22_24_05_349.jpg,D:\ML Projects\Deep Learning\Self Drive\IMG\left_2026_09_12_22_24_05_349.jpg,D:\ML Projects\Deep Learning\Self Drive\IMG\right_2026_09_12_22_24_05_349.jpg,-0.35,1,0,30.1638
D:\ML Projects\Deep Learning\Self Drive\IMG\center_2026_09_12_22_24_05_426.jpg,D:\ML Projects\Deep Learning\Self Drive\IMG\left_2026_09_12_22_24_05_426.jpg,D:\ML Projects\Deep Learning\Self Drive\IMG\right_2026_09_12_22_24_05_426.jpg,0,1,0,30.18954
D:\ML Projects\Deep Learning\Self Drive\IMG\center_2026_09_12_22_24_05_505.jpg,D:\ML Projects\Deep Learning\Self Drive\IMG\left_2026_09_12_22_24_05_505.jpg,D:\ML Projects\Deep Learning\Self Drive\IMG\right_2026_09_12_22_24_05_505.jpg,0,1,0,30.1901
D:\ML Projects\Deep Learning\Self Drive\IMG\center_2026_09_12_22_24_05_577.jpg,D:\ML Projects\Deep Learning\Self Drive\IMG\left_2026_09_12_22_24_05_577.jpg,D:\ML Projects\Deep Learning\Self Drive\IMG\right_2026_09_12_22_24_05_577.jpg,0,1,0,30.19027
D:\ML Projects\Deep Learning\Self Drive\IMG\center_2026_09_12_22_24_05_672.jpg,D:\ML Projects\Deep Learning\Self Drive\IMG\left_2026_09_12_22_24_05_672.jpg,D:\ML Projects\Deep Learning\Self Drive\IMG\right_2026_09_12_22_24_05_672.jpg,0,1,0,30.1903
D:\ML Projects\Deep Learning\Self Drive\IMG\center_2026_09_12_22_24_05_762.jpg,D:\ML Projects\Deep Learning\Self Drive\IMG\left_2026_09_12_22_24_05_762.jpg,D:\ML Projects\Deep Learning\Self Drive\IMG\right_2026_09_12_22_24_05_762.jpg,0,1,0,30.19029
D:\ML Projects\Deep Learning\Self Drive\IMG\center_2026_09_12_22_24_05_839.jpg,D:\ML Projects\Deep Learning\Self Drive\IMG\left_2026_09_12_22_24_05_839.jpg,D:\ML Projects\Deep Learning\Self Drive\IMG\right_2026_09_12_22_24_05_839.jpg,-0.2,1,0,30.18006
D:\ML Projects\Deep Learning\Self Drive\IMG\center_2026_09_12_22_24_05_916.jpg,D:\ML Projects\Deep Learning\Self Drive\IMG\left_2026_09_12_22_24_05_916.jpg,D:\ML Projects\Deep Learning\Self Drive\IMG\right_2026_09_12_22_24_05_916.jpg,0,1,0,30.19028
D:\ML Projects\Deep Learning\Self Drive\IMG\center_2026_09_12_22_24_05_992.jpg,D:\ML Projects\Deep Learning\Self Drive\IMG\left_2026_09_12_22_24_05_992.jpg,D:\ML Projects\Deep Learning\Self Drive\IMG\right_2026_09_12_22_24_05_992.jpg,0,1,0,30.19025
D:\ML Projects\Deep Learning\Self Drive\IMG\center_2026_09_12_22_24_06_073.jpg,D:\ML Projects\Deep Learning\Self Drive\IMG\left_2026_09_12_22_24_06_073.jpg,D:\ML Projects\Deep Learning\Self Drive\IMG\right_2026_09_12_22_24_06_073.jpg,0,1,0,30.19029
D:\ML Projects\Deep Learning\Self Drive\IMG\center_2026_09_12_22_24_06_159.jpg,D:\ML Projects\Deep Learning\Self Drive\IMG\left_2026_09_12_22_24_06_159.jpg,D:\ML Projects\Deep Learning\Self Drive\IMG\right_2026_09_12_22_24_06_159.jpg,0,1,0,30.19031
D:\ML Projects\Deep Learning\Self Drive\IMG\center_2026_09_12_22_24_06_239.jpg,D:\ML Projects\Deep Learning\Self Drive\IMG\left_2026_09_12_22_24_06_239.jpg,D:\ML Projects\Deep Learning\Self Drive\IMG\right_2026_09_12_22_24_06_239.jpg,0,1,0,30.19028
D:\ML Projects\Deep Learning\Self Drive\IMG\center_2026_09_12_22_24_06_325.jpg,D:\ML Projects\Deep Learning\Self Drive\IMG\left_2026_09_12_22_24_06_325.jpg,D:\ML Projects\Deep Learning\Self Drive\IMG\right_2026_09_12_22_24_06_325.jpg,0,1,0,30.19029
D:\ML Projects\Deep Learning\Self Drive\IMG\center_2026_09_12_22_24_06_416.jpg,D:\ML Projects\Deep Learning\Self Drive\IMG\left_2026_09_12_22_24_06_416.jpg,D:\ML Projects\Deep Learning\Self Drive\IMG\right_2026_09_12_22_24_06_416.jpg,0,1,0,30.19016
D:\ML Projects\Deep Learning\Self Drive\IMG\center_2026_09_12_22_24_06_506.jpg,D:\ML Projects\Deep Learning\Self Drive\IMG\left_2026_09_12_22_24_06_506.jpg,D:\ML Projects\Deep Learning\Self Drive\IMG\right_2026_09_12_22_24_06_506.jpg,-0.2,1,0,30.17984
D:\ML Projects\Deep Learning\Self Drive\IMG\center_2026_09_12_22_24_06_603.jpg,D:\ML Projects\Deep Learning\Self Drive\IMG\left_2026_09_12_22_24_06_603.jpg,D:\ML Projects\Deep Learning\Self Drive\IMG\right_2026_09_12_22_24_06_603.jpg,0,1,0,30.19014
D:\ML Projects\Deep Learning\Self Drive\IMG\center_2026_09_12_22_24_06_702.jpg,D:\ML Projects\Deep Learning\Self Drive\IMG\left_2026_09_12_22_24_06_702.jpg,D:\ML Projects\Deep Learning\Self Drive\IMG\right_2026_09_12_22_24_06_702.jpg,0,1,0,30.19027
D:\ML Projects\Deep Learning\Self Drive\IMG\center_2026_09_12_22_24_06_783.jpg,D:\ML Projects\Deep Learning\Self Drive\IMG\left_2026_09_12_22_24_06_783.jpg,D:\ML Projects\Deep Learning\Self Drive\IMG\right_2026_09_12_22_24_06_783.jpg,0,1,0,30.1903
D:\ML Projects\Deep Learning\Self Drive\IMG\center_2026_09_12_22_24_06_869.jpg,D:\ML Projects\Deep Learning\Self Drive\IMG\left_2026_09_12_22_24_06_869.jpg,D:\ML Projects\Deep Learning\Self Drive\IMG\right_2026_09_12_22_24_06_869.jpg,0,1,0,30.19029
D:\ML Projects\Deep Learning\Self Drive\IMG\center_2026_09_12_22_24_06_943.jpg,D:\ML Projects\Deep Learning\Self Drive\IMG\left_2026_09_12_22_24_06_943.jpg,D:\ML Projects\Deep Learning\Self Drive\IMG\right_2026_09_12_22_24_06_943.jpg,0,1,0,30.19029
D:\ML Projects\Deep Learning\Self Drive\IMG\center_2026_09_12_22_24_07_018.jpg,D:\ML Projects\Deep Learning\Self Drive\IMG\left_2026_09_12_22_24_07_018.jpg,D:\ML Projects\Deep Learning\Self Drive\IMG\right_2026_09_12_22_24_07_018.jpg,0,1,0,30.1903
D:\ML Projects\Deep Learning\Self Drive\IMG\center_2026_09_12_22_24_07_091.jpg,D:\ML Projects\Deep Learning\Self Drive\IMG\left_2026_09_12_22_24_07_091.jpg,D:\ML Projects\Deep Learning\Self Drive\IMG\right_2026_09_12_22_24_07_091.jpg,-0.15,1,0,30.18425
D:\ML Projects\Deep Learning\Self Drive\IMG\center_2026_09_12_22_24_07_168.jpg,D:\ML Projects\Deep Learning\Self Drive\IMG\left_2026_09_12_22_24_07_168.jpg,D:\ML Projects\Deep Learning\Self Drive\IMG\right_2026_09_12_22_24_07_168.jpg,-0.35,1,0,30.16349
D:\ML Projects\Deep Learning\Self Drive\IMG\center_2026_09_12_22_24_07_245.jpg,D:\ML Projects\Deep Learning\Self Drive\IMG\left_2026_09_12_22_24_07_245.jpg,D:\ML Projects\Deep Learning\Self Drive\IMG\right_2026_09_12_22_24_07_245.jpg,0,1,0,30.18952
D:\ML Projects\Deep Learning\Self Drive\IMG\center_2026_09_12_22_24_07_326.jpg,D:\ML Projects\Deep Learning\Self Drive\IMG\left_2026_09_12_22_24_07_326.jpg,D:\ML Projects\Deep Learning\Self Drive\IMG\right_2026_09_12_22_24_07_326.jpg,0,1,0,30.1901
D:\ML Projects\Deep Learning\Self Drive\IMG\center_2026_09_12_22_24_07_410.jpg,D:\ML Projects\Deep Learning\Self Drive\IMG\left_2026_09_12_22_24_07_410.jpg,D:\ML Projects\Deep Learning\Self Drive\IMG\right_2026_09_12_22_24_07_410.jpg,0,1,0,30.19031
D:\ML Projects\Deep Learning\Self Drive\IMG\center_2026_09_12_22_24_07_490.jpg,D:\ML Projects\Deep Learning\Self Drive\IMG\left_2026_09_12_22_24_07_490.jpg,D:\ML Projects\Deep Learning\Self Drive\IMG\right_2026_09_12_22_24_07_490.jpg,0,1,0,30.19031
D:\ML Projects\Deep Learning\Self Drive\IMG\center_2026_09_12_22_24_07_567.jpg,D:\ML Projects\Deep Learning\Self Drive\IMG\left_2026_09_12_22_24_07_567.jpg,D:\ML Projects\Deep Learning\Self Drive\IMG\right_2026_09_12_22_24_07_567.jpg,0,1,0,30.19031
D:\ML Projects\Deep Learning\Self Drive\IMG\center_2026_09_12_22_24_07_655.jpg,D:\ML Projects\Deep Learning\Self Drive\IMG\left_2026_09_12_22_24_07_655.jpg,D:\ML Projects\Deep Learning\Self Drive\IMG\right_2026_09_12_22_24_07_655.jpg,0,1,0,30.19031
D:\ML Projects\Deep Learning\Self Drive\IMG\center_2026_09_12_22_24_07_728.jpg,D:\ML Projects\Deep Learning\Self Drive\IMG\left_2026_09_12_22_24_07_728.jpg,D:\ML Projects\Deep Learning\Self Drive\IMG\right_2026_09_12_22_24_07_728.jpg,0,1,0,30.1903
D:\ML Projects\Deep Learning\Self Drive\IMG\center_2026_09_12_22_24_07_803.jpg,D:\ML Projects\Deep Learning\Self Drive\IMG\left_2026_09_12_22_24_07_803.jpg,D:\ML Projects\Deep Learning\Self Drive\IMG\right_2026_09_12_22_24_07_803.jpg,-0.2,1,0,30.17986
D:\ML Projects\Deep Learning\Self Drive\IMG\center_2026_09_12_22_24_07_876.jpg,D:\ML Projects\Deep Learning\Self Drive\IMG\left_2026_09_12_22_24_07_876.jpg,D:\ML Projects\Deep Learning\Self Drive\IMG\right_2026_09_12_22_24_07_876.jpg,-0.4,1,0,30.15754
D:\ML Projects\Deep Learning\Self Drive\IMG\center_2026_09_12_22_24_07_950.jpg,D:\ML Projects\Deep Learning\Self Drive\IMG\left_2026_09_12_22_24_07_950.jpg,D:\ML Projects\Deep Learning\Self Drive\IMG\right_2026_09_12_22_24_07_950.jpg,0,1,0,30.18746
D:\ML Projects\Deep Learning\Self Drive\IMG\center_2026_09_12_22_24_08_022.jpg,D:\ML Projects\Deep Learning\Self Drive\IMG\left_2026_09_12_22_24_08_022.jpg,D:\ML Projects\Deep Learning\Self Drive\IMG\right_2026_09_12_22_24_08_022.jpg,0,1,0,30.18982
D:\ML Projects\Deep Learning\Self Drive\IMG\center_2026_09_12_22_24_08_099.jpg,D:\ML Projects\Deep Learning\Self Drive\IMG\left_2026_09_12_22_24_08_099.jpg,D:\ML Projects\Deep Learning\Self Drive\IMG\right_2026_09_12_22_24_08_099.jpg,0,1,0,30.19022
D:\ML Projects\Deep Learning\Self Drive\IMG\center_2026_09_12_22_24_08_187.jpg,D:\ML Projects\Deep Learning\Self Drive\IMG\left_2026_09_12_22_24_08_187.jpg,D:\ML Projects\Deep Learning\Self Drive\IMG\right_2026_09_12_22_24_08_187.jpg,0,1,0,30.19029
D:\ML Projects\Deep Learning\Self Drive\IMG\center_2026_09_12_22_24_08_307.jpg,D:\ML Projects\Deep Learning\Self Drive\IMG\left_2026_09_12_22_24_08_307.jpg,D:\ML Projects\Deep Learning\Self Drive\IMG\right_2026_09_12_22_24_08_307.jpg,0,1,0,30.19029
D:\ML Projects\Deep Learning\Self Drive\IMG\center_2026_09_12_22_24_08_438.jpg,D:\ML Projects\Deep Learning\Self Drive\IMG\left_2026_09_12_22_24_08_438.jpg,D:\ML Projects\Deep Learning\Self Drive\IMG\right_2026_09_12_22_24_08_438.jpg,0,1,0,30.19031
D:\ML Projects\Deep Learning\Self Drive\IMG\center_2026_09_12_22_24_08_505.jpg,D:\ML Projects\Deep Learning\Self Drive\IMG\left_2026_09_12_22_24_08_505.jpg,D:\ML Projects\Deep Learning\Self Drive\IMG\right_2026_09_12_22_24_08_505.jpg,0,1,0,30.19031
D:\ML Projects\Deep Learning\Self Drive\IMG\center_2026_09_12_22_24_08_573.jpg,D:\ML Projects\Deep Learning\Self Drive\IMG\left_2026_09_12_22_24_08_573.jpg,D:\ML Projects\Deep Learning\Self Drive\IMG\right_2026_09_12_22_24_08_573.jpg,0,1,0,30.19029
D:\ML Projects\Deep Learning\Self Drive\IMG\center_2026_09_12_22_24_08_652.jpg,D:\ML Projects\Deep Learning\Self Drive\IMG\left_2026_09_12_22_24_08_652.jpg,D:\ML Projects\Deep Learning\Self Drive\IMG\right_2026_09_12_22_24_08_652.jpg,0,1,0,30.19031
D:\ML Projects\Deep Learning\Self Drive\IMG\center_2026_09_12_22_24_08_723.jpg,D:\ML Projects\Deep Learning\Self Drive\IMG\left_2026_09_12_22_24_08_723.jpg,D:\ML Projects\Deep Learning\Self Drive\IMG\right_2026_09_12_22_24_08_723.jpg,0,1,0,30.1903
D:\ML Projects\Deep Learning\Self Drive\IMG\center_2026_09_12_22_24_08_792.jpg,D:\ML Projects\Deep Learning\Self Drive\IMG\left_2026_09_12_22_24_08_792.jpg,D:\ML Projects\Deep Learning\Self Drive\IMG\right_2026_09_12_22_24_08_792.jpg,0,1,0,30.19029
D:\ML Projects\Deep Learning\Self Drive\IMG\center_2026_09_12_22_24_08_863.jpg,D:\ML Projects\Deep Learning\Self Drive\IMG\left_2026_09_12_22_24_08_863.jpg,D:\ML Projects\Deep Learning\Self Drive\IMG\right_2026_09_12_22_24_08_863.jpg,0,1,0,30.19036
D:\ML Projects\Deep Learning\Self Drive\IMG\center_2026_09_12_22_24_08_933.jpg,D:\ML Projects\Deep Learning\Self Drive\IMG\left_2026_09_12_22_24_08_933.jpg,D:\ML Projects\Deep Learning\Self Drive\IMG\right_2026_09_12_22_24_08_933.jpg,0,1,0,30.1903
D:\ML Projects\Deep Learning\Self Drive\IMG\center_2026_09_12_22_24_09_007.jpg,D:\ML Projects\Deep Learning\Self Drive\IMG\left_2026_09_12_22_24_09_007.jpg,D:\ML Projects\Deep Learning\Self Drive\IMG\right_2026_09_12_22_24_09_007.jpg,0,1,0,30.1903
D:\ML Projects\Deep Learning\Self Drive\IMG\center_2026_09_12_22_24_09_091.jpg,D:\ML Projects\Deep Learning\Self Drive\IMG\left_2026_09_12_22_24_09_091.jpg,D:\ML Projects\Deep Learning\Self Drive\IMG\right_2026_09_12_22_24_09_091.jpg,0,1,0,30.19029
D:\ML Projects\Deep Learning\Self Drive\IMG\center_2026_09_12_22_24_09_175.jpg,D:\ML Projects\Deep Learning\Self Drive\IMG\left_2026_09_12_22_24_09_175.jpg,D:\ML Projects\Deep Learning\Self Drive\IMG\right_2026_09_12_22_24_09_175.jpg,0,1,0,30.19029
D:\ML Projects\Deep Learning\Self Drive\IMG\center_2026_09_12_22_24_09_257.jpg,D:\ML Projects\Deep Learning\Self Drive\IMG\left_2026_09_12_22_24_09_257.jpg,D:\ML Projects\Deep Learning\Self Drive\IMG\right_2026_09_12_22_24_09_257.jpg,0,1,0,30.19029
D:\ML Projects\Deep Learning\Self Drive\IMG\center_2026_09_12_22_24_09_340.jpg,D:\ML Projects\Deep Learning\Self Drive\IMG\left_2026_09_12_22_24_09_340.jpg,D:\ML Projects\Deep Learning\Self Drive\IMG\right_2026_09_12_22_24_09_340.jpg,0,1,0,30.19029
D:\ML Projects\Deep Learning\Self Drive\IMG\center_2026_09_12_22_24_09_423.jpg,D:\ML Projects\Deep Learning\Self Drive\IMG\left_2026_09_12_22_24_09_423.jpg,D:\ML Projects\Deep Learning\Self Drive\IMG\right_2026_09_12_22_24_09_423.jpg,-0.2,1,0,30.17984
D:\ML Projects\Deep Learning\Self Drive\IMG\center_2026_09_12_22_24_09_506.jpg,D:\ML Projects\Deep Learning\Self Drive\IMG\left_2026_09_12_22_24_09_506.jpg,D:\ML Projects\Deep Learning\Self Drive\IMG\right_2026_09_12_22_24_09_506.jpg,0,1,0,30.19029
D:\ML Projects\Deep Learning\Self Drive\IMG\center_2026_09_12_22_24_09_582.jpg,D:\ML Projects\Deep Learning\Self Drive\IMG\left_2026_09_12_22_24_09_582.jpg,D:\ML Projects\Deep Learning\Self Drive\IMG\right_2026_09_12_22_24_09_582.jpg,0,1,0,30.19028
D:\ML Projects\Deep Learning\Self Drive\IMG\center_2026_09_12_22_24_09_684.jpg,D:\ML Projects\Deep Learning\Self Drive\IMG\left_2026_09_12_22_24_09_684.jpg,D:\ML Projects\Deep Learning\Self Drive\IMG\right_2026_09_12_22_24_09_684.jpg,0,1,0,30.19028
D:\ML Projects\Deep Learning\Self Drive\IMG\center_2026_09_12_22_24_09_770.jpg,D:\ML Projects\Deep Learning\Self Drive\IMG\left_2026_09_12_22_24_09_770.jpg,D:\ML Projects\Deep Learning\Self Drive\IMG\right_2026_09_12_22_24_09_770.jpg,0,1,0,30.19029
D:\ML Projects\Deep Learning\Self Drive\IMG\center_2026_09_12_22_24_09_857.jpg,D:\ML Projects\Deep Learning\Self Drive\IMG\left_2026_09_12_22_24_09_857.jpg,D:\ML Projects\Deep Learning\Self Drive\IMG\right_2026_09_12_22_24_09_857.jpg,0,1,0,30.1903
D:\ML Projects\Deep Learning\Self Drive\IMG\center_2026_09_12_22_24_09_941.jpg,D:\ML Projects\Deep Learning\Self Drive\IMG\left_2026_09_12_22_24_09_941.jpg,D:\ML Projects\Deep Learning\Self Drive\IMG\right_2026_09_12_22_24_09_941.jpg,0,1,0,30.19033
D:\ML Projects\Deep Learning\Self Drive\IMG\center_2026_09_12_22_24_10_026.jpg,D:\ML Projects\Deep Learning\Self Drive\IMG\left_2026_09_12_22_24_10_026.jpg,D:\ML Projects\Deep Learning\Self Drive\IMG\right_2026_09_12_22_24_10_026.jpg,-0.2,1,0,30.17989
D:\ML Projects\Deep Learning\Self Drive\IMG\center_2026_09_12_22_24_10_114.jpg,D:\ML Projects\Deep Learning\Self Drive\IMG\left_2026_09_12_22_24_10_114.jpg,D:\ML Projects\Deep Learning\Self Drive\IMG\right_2026_09_12_22_24_10_114.jpg,-0.45,1,0,30.15151
D:\ML Projects\Deep Learning\Self Drive\IMG\center_2026_09_12_22_24_10_203.jpg,D:\ML Projects\Deep Learning\Self Drive\IMG\left_2026_09_12_22_24_10_203.jpg,D:\ML Projects\Deep Learning\Self Drive\IMG\right_2026_09_12_22_24_10_203.jpg,0,1,0,30.18835
D:\ML Projects\Deep Learning\Self Drive\IMG\center_2026_09_12_22_24_10_287.jpg,D:\ML Projects\Deep Learning\Self Drive\IMG\left_2026_09_12_22_24_10_287.jpg,D:\ML Projects\Deep Learning\Self Drive\IMG\right_2026_09_12_22_24_10_287.jpg,0,1,0,30.18985
D:\ML Projects\Deep Learning\Self Drive\IMG\center_2026_09_12_22_24_10_360.jpg,D:\ML Projects\Deep Learning\Self Drive\IMG\left_2026_09_12_22_24_10_360.jpg,D:\ML Projects\Deep Learning\Self Drive\IMG\right_2026_09_12_22_24_10_360.jpg,0,1,0,30.19023
D:\ML Projects\Deep Learning\Self Drive\IMG\center_2026_09_12_22_24_10_431.jpg,D:\ML Projects\Deep Learning\Self Drive\IMG\left_2026_09_12_22_24_10_431.jpg,D:\ML Projects\Deep Learning\Self Drive\IMG\right_2026_09_12_22_24_10_431.jpg,0,1,0,30.19028
D:\ML Projects\Deep Learning\Self Drive\IMG\center_2026_09_12_22_24_10_500.jpg,D:\ML Projects\Deep Learning\Self Drive\IMG\left_2026_09_12_22_24_10_500.jpg,D:\ML Projects\Deep Learning\Self Drive\IMG\right_2026_09_12_22_24_10_500.jpg,0,1,0,30.19029
D:\ML Projects\Deep Learning\Self Drive\IMG\center_2026_09_12_22_24_10_574.jpg,D:\ML Projects\Deep Learning\Self Drive\IMG\left_2026_09_12_22_24_10_574.jpg,D:\ML Projects\Deep Learning\Self Drive\IMG\right_2026_09_12_22_24_10_574.jpg,0,1,0,30.19029
D:\ML Projects\Deep Learning\Self Drive\IMG\center_2026_09_12_22_24_10_664.jpg,D:\ML Projects\Deep Learning\Self Drive\IMG\left_2026_09_12_22_24_10_664.jpg,D:\ML Projects\Deep Learning\Self Drive\IMG\right_2026_09_12_22_24_10_664.jpg,0,1,0,30.19031
D:\ML Projects\Deep Learning\Self Drive\IMG\center_2026_09_12_22_24_10_751.jpg,D:\ML Projects\Deep Learning\Self Drive\IMG\left_2026_09_12_22_24_10_751.jpg,D:\ML Projects\Deep Learning\Self Drive\IMG\right_2026_09_12_22_24_10_751.jpg,0,1,0,30.19031
D:\ML Projects\Deep Learning\Self Drive\IMG\center_2026_09_12_22_24_10_829.jpg,D:\ML Projects\Deep Learning\Self Drive\IMG\left_2026_09_12_22_24_10_829.jpg,D:\ML Projects\Deep Learning\Self Drive\IMG\right_2026_09_12_22_24_10_829.jpg,0,1,0,30.1903
D:\ML Projects\Deep Learning\Self Drive\IMG\center_2026_09_12_22_24_10_914.jpg,D:\ML Projects\Deep Learning\Self Drive\IMG\left_2026_09_12_22_24_10_914.jpg,D:\ML Projects\Deep Learning\Self Drive\IMG\right_2026_09_12_22_24_10_914.jpg,0,1,0,30.1903
D:\ML Projects\Deep Learning\Self Drive\IMG\center_2026_09_12_22_24_10_989.jpg,D:\ML Projects\Deep Learning\Self Drive\IMG\left_2026_09_12_22_24_10_989.jpg,D:\ML Projects\Deep Learning\Self Drive\IMG\right_2026_09_12_22_24_10_989.jpg,0,1,0,30.19029
D:\ML Projects\Deep Learning\Self Drive\IMG\center_2026_09_12_22_24_11_075.jpg,D:\ML Projects\Deep Learning\Self Drive\IMG\left_2026_09_12_22_24_11_075.jpg,D:\ML Projects\Deep Learning\Self Drive\IMG\right_2026_09_12_22_24_11_075.jpg,0,1,0,30.19031
D:\ML Projects\Deep Learning\Self Drive\IMG\center_2026_09_12_22_24_11_162.jpg,D:\ML Projects\Deep Learning\Self Drive\IMG\left_2026_09_12_22_24_11_162.jpg,D:\ML Projects\Deep Learning\Self Drive\IMG\right_2026_09_12_22_24_11_162.jpg,0,1,0,30.1903
D:\ML Projects\Deep Learning\Self Drive\IMG\center_2026_09_12_22_24_11_242.jpg,D:\ML Projects\Deep Learning\Self Drive\IMG\left_2026_09_12_22_24_11_242.jpg,D:\ML Projects\Deep Learning\Self Drive\IMG\right_2026_09_12_22_24_11_242.jpg,0,1,0,30.19029
D:\ML Projects\Deep Learning\Self Drive\IMG\center_2026_09_12_22_24_11_379.jpg,D:\ML Projects\Deep Learning\Self Drive\IMG\left_2026_09_12_22_24_11_379.jpg,D:\ML Projects\Deep Learning\Self Drive\IMG\right_2026_09_12_22_24_11_379.jpg,0,1,0,30.19028
D:\ML Projects\Deep Learning\Self Drive\IMG\center_2026_09_12_22_24_11_451.jpg,D:\ML Projects\Deep Learning\Self Drive\IMG\left_2026_09_12_22_24_11_451.jpg,D:\ML Projects\Deep Learning\Self Drive\IMG\right_2026_09_12_22_24_11_451.jpg,0,1,0,30.19029
D:\ML Projects\Deep Learning\Self Drive\IMG\center_2026_09_12_22_24_11_522.jpg,D:\ML Projects\Deep Learning\Self Drive\IMG\left_2026_09_12_22_24_11_522.jpg,D:\ML Projects\Deep Learning\Self Drive\IMG\right_2026_09_12_22_24_11_522.jpg,0,1,0,30.19026
D:\ML Projects\Deep Learning\Self Drive\IMG\center_2026_09_12_22_24_11_592.jpg,D:\ML Projects\Deep Learning\Self Drive\IMG\left_2026_09_12_22_24_11_592.jpg,D:\ML Projects\Deep Learning\Self Drive\IMG\right_2026_09_12_22_24_11_592.jpg,0,1,0,30.1903
D:\ML Projects\Deep Learning\Self Drive\IMG\center_2026_09_12_22_24_11_679.jpg,D:\ML Projects\Deep Learning\Self Drive\IMG\left_2026_09_12_22_24_11_679.jpg,D:\ML Projects\Deep Learning\Self Drive\IMG\right_2026_09_12_22_24_11_679.jpg,0,1,0,30.19028
D:\ML Projects\Deep Learning\Self Drive\IMG\center_2026_09_12_22_24_11_785.jpg,D:\ML Projects\Deep Learning\Self Drive\IMG\left_2026_09_12_22_24_11_785.jpg,D:\ML Projects\Deep Learning\Self Drive\IMG\right_2026_09_12_22_24_11_785.jpg,0,1,0,30.19028
D:\ML Projects\Deep Learning\Self Drive\IMG\center_2026_09_12_22_24_11_868.jpg,D:\ML Projects\Deep Learning\Self Drive\IMG\left_2026_09_12_22_24_11_868.jpg,D:\ML Projects\Deep Learning\Self Drive\IMG\right_2026_09_12_22_24_11_868.jpg,-0.2,1,0,30.17968
D:\ML Projects\Deep Learning\Self Drive\IMG\center_2026_09_12_22_24_11_946.jpg,D:\ML Projects\Deep Learning\Self Drive\IMG\left_2026_09_12_22_24_11_946.jpg,D:\ML Projects\Deep Learning\Self Drive\IMG\right_2026_09_12_22_24_11_946.jpg,0,1,0,30.19028
D:\ML Projects\Deep Learning\Self Drive\IMG\center_2026_09_12_22_24_12_021.jpg,D:\ML Projects\Deep Learning\Self Drive\IMG\left_2026_09_12_22_24_12_021.jpg,D:\ML Projects\Deep Learning\Self Drive\IMG\right_2026_09_12_22_24_12_021.jpg,0,1,0,30.19019
D:\ML Projects\Deep Learning\Self Drive\IMG\center_2026_09_12_22_24_12_110.jpg,D:\ML Projects\Deep Learning\Self Drive\IMG\left_2026_09_12_22_24_12_110.jpg,D:\ML Projects\Deep Learning\Self Drive\IMG\right_2026_09_12_22_24_12_110.jpg,0,1,0,30.19035
D:\ML Projects\Deep Learning\Self Drive\IMG\center_2026_09_12_22_24_12_190.jpg,D:\ML Projects\Deep Learning\Self Drive\IMG\left_2026_09_12_22_24_12_190.jpg,D:\ML Projects\Deep Learning\Self Drive\IMG\right_2026_09_12_22_24_12_190.jpg,0,1,0,30.19018
D:\ML Projects\Deep Learning\Self Drive\IMG\center_2026_09_12_22_24_12_266.jpg,D:\ML Projects\Deep Learning\Self Drive\IMG\left_2026_09_12_22_24_12_266.jpg,D:\ML Projects\Deep Learning\Self Drive\IMG\right_2026_09_12_22_24_12_266.jpg,0,1,0,30.1902
D:\ML Projects\Deep Learning\Self Drive\IMG\center_2026_09_12_22_24_12_344.jpg,D:\ML Projects\Deep Learning\Self Drive\IMG\left_2026_09_12_22_24_12_344.jpg,D:\ML Projects\Deep Learning\Self Drive\IMG\right_2026_09_12_22_24_12_344.jpg,0,1,0,30.19021
D:\ML Projects\Deep Learning\Self Drive\IMG\center_2026_09_12_22_24_12_423.jpg,D:\ML Projects\Deep Learning\Self Drive\IMG\left_2026_09_12_22_24_12_423.jpg,D:\ML Projects\Deep Learning\Self Drive\IMG\right_2026_09_12_22_24_12_423.jpg,0,1,0,30.1902
D:\ML Projects\Deep Learning\Self Drive\IMG\center_2026_09_12_22_24_12_497.jpg,D:\ML Projects\Deep Learning\Self Drive\IMG\left_2026_09_12_22_24_12_497.jpg,D:\ML Projects\Deep Learning\Self Drive\IMG\right_2026_09_12_22_24_12_497.jpg,0,1,0,30.19019
D:\ML Projects\Deep Learning\Self Drive\IMG\center_2026_09_12_22_24_12_581.jpg,D:\ML Projects\Deep Learning\Self Drive\IMG\left_2026_09_12_22_24_12_581.jpg,D:\ML Projects\Deep Learning\Self Drive\IMG\right_2026_09_12_22_24_12_581.jpg,0,1,0,30.1902
D:\ML Projects\Deep Learning\Self Drive\IMG\center_2026_09_12_22_24_12_666.jpg,D:\ML Projects\Deep Learning\Self Drive\IMG\left_2026_09_12_22_24_12_666.jpg,D:\ML Projects\Deep Learning\Self Drive\IMG\right_2026_09_12_22_24_12_666.jpg,0,1,0,30.18989
D:\ML Projects\Deep Learning\Self Drive\IMG\center_2026_09_12_22_24_12_748.jpg,D:\ML Projects\Deep Learning\Self Drive\IMG\left_2026_09_12_22_24_12_748.jpg,D:\ML Projects\Deep Learning\Self Drive\IMG\right_2026_09_12_22_24_12_748.jpg,0,1,0,30.19037
D:\ML Projects\Deep Learning\Self Drive\IMG\center_2026_09_12_22_24_12_839.jpg,D:\ML Projects\Deep Learning\Self Drive\IMG\left_2026_09_12_22_24_12_839.jpg,D:\ML Projects\Deep Learning\Self Drive\IMG\right_2026_09_12_22_24_12_839.jpg,0,1,0,30.19028
D:\ML Projects\Deep Learning\Self Drive\IMG\center_2026_09_12_22_24_12_928.jpg,D:\ML Projects\Deep Learning\Self Drive\IMG\left_2026_09_12_22_24_12_928.jpg,D:\ML Projects\Deep Learning\Self Drive\IMG\right_2026_09_12_22_24_12_928.jpg,0,1,0,30.19053
D:\ML Projects\Deep Learning\Self Drive\IMG\center_2026_09_12_22_24_13_020.jpg,D:\ML Projects\Deep Learning\Self Drive\IMG\left_2026_09_12_22_24_13_020.jpg,D:\ML Projects\Deep Learning\Self Drive\IMG\right_2026_09_12_22_24_13_020.jpg,0,1,0,30.19039
D:\ML Projects\Deep Learning\Self Drive\IMG\center_2026_09_12_22_24_13_110.jpg,D:\ML Projects\Deep Learning\Self Drive\IMG\left_2026_09_12_22_24_13_110.jpg,D:\ML Projects\Deep Learning\Self Drive\IMG\right_2026_09_12_22_24_13_110.jpg,0,1,0,30.19039
D:\ML Projects\Deep Learning\Self Drive\IMG\center_2026_09_12_22_24_13_199.jpg,D:\ML Projects\Deep Learning\Self Drive\IMG\left_2026_09_12_22_24_13_199.jpg,D:\ML Projects\Deep Learning\Self Drive\IMG\right_2026_09_12_22_24_13_199.jpg,0,1,0,30.19036
D:\ML Projects\Deep Learning\Self Drive\IMG\center_2026_09_12_22_24_13_289.jpg,D:\ML Projects\Deep Learning\Self Drive\IMG\left_2026_09_12_22_24_13_289.jpg,D:\ML Projects\Deep Learning\Self Drive\IMG\right_2026_09_12_22_24_13_289.jpg,0,1,0,30.19038
D:\ML Projects\Deep Learning\Self Drive\IMG\center_2026_09_12_22_24_13_373.jpg,D:\ML Projects\Deep Learning\Self Drive\IMG\left_2026_09_12_22_24_13_373.jpg,D:\ML Projects\Deep Learning\Self Drive\IMG\right_2026_09_12_22_24_13_373.jpg,0,1,0,30.19039
D:\ML Projects\Deep Learning\Self Drive\IMG\center_2026_09_12_22_24_13_461.jpg,D:\ML Projects\Deep Learning\Self Drive\IMG\left_2026_09_12_22_24_13_461.jpg,D:\ML Projects\Deep Learning\Self Drive\IMG\right_2026_09_12_22_24_13_461.jpg,0,1,0,30.19036
D:\ML Projects\Deep Learning\Self Drive\IMG\center_2026_09_12_22_24_13_545.jpg,D:\ML Projects\Deep Learning\Self Drive\IMG\left_2026_09_12_22_24_13_545.jpg,D:\ML Projects\Deep Learning\Self Drive\IMG\right_2026_09_12_22_24_13_545.jpg,0,1,0,30.19053
D:\ML Projects\Deep Learning\Self Drive\IMG\center_2026_09_12_22_24_13_620.jpg,D:\ML Projects\Deep Learning\Self Drive\IMG\left_2026_09_12_22_24_13_620.jpg,D:\ML Projects\Deep Learning\Self Drive\IMG\right_2026_09_12_22_24_13_620.jpg,0,1,0,30.19034
D:\ML Projects\Deep Learning\Self Drive\IMG\center_2026_09_12_22_24_13_707.jpg,D:\ML Projects\Deep Learning\Self Drive\IMG\left_2026_09_12_22_24_13_707.jpg,D:\ML Projects\Deep Learning\Self Drive\IMG\right_2026_09_12_22_24_13_707.jpg,-0.2,1,0,30.17959
D:\ML Projects\Deep Learning\Self Drive\IMG\center_2026_09_12_22_24_13_784.jpg,D:\ML Projects\Deep Learning\Self Drive\IMG\left_2026_09_12_22_24_13_784.jpg,D:\ML Projects\Deep Learning\Self Drive\IMG\right_2026_09_12_22_24_13_784.jpg,0,1,0,30.19032
D:\ML Projects\Deep Learning\Self Drive\IMG\center_2026_09_12_22_24_13_864.jpg,D:\ML Projects\Deep Learning\Self Drive\IMG\left_2026_09_12_22_24_13_864.jpg,D:\ML Projects\Deep Learning\Self Drive\IMG\right_2026_09_12_22_24_13_864.jpg,0,1,0,30.19026
D:\ML Projects\Deep Learning\Self Drive\IMG\center_2026_09_12_22_24_13_950.jpg,D:\ML Projects\Deep Learning\Self Drive\IMG\left_2026_09_12_22_24_13_950.jpg,D:\ML Projects\Deep Learning\Self Drive\IMG\right_2026_09_12_22_24_13_950.jpg,0,1,0,30.19029
D:\ML Projects\Deep Learning\Self Drive\IMG\center_2026_09_12_22_24_14_037.jpg,D:\ML Projects\Deep Learning\Self Drive\IMG\left_2026_09_12_22_24_14_037.jpg,D:\ML Projects\Deep Learning\Self Drive\IMG\right_2026_09_12_22_24_14_037.jpg,0,1,0,30.19041
D:\ML Projects\Deep Learning\Self Drive\IMG\center_2026_09_12_22_24_14_128.jpg,D:\ML Projects\Deep Learning\Self Drive\IMG\left_2026_09_12_22_24_14_128.jpg,D:\ML Projects\Deep Learning\Self Drive\IMG\right_2026_09_12_22_24_14_128.jpg,0,1,0,30.19027
D:\ML Projects\Deep Learning\Self Drive\IMG\center_2026_09_12_22_24_14_214.jpg,D:\ML Projects\Deep Learning\Self Drive\IMG\left_2026_09_12_22_24_14_214.jpg,D:\ML Projects\Deep Learning\Self Drive\IMG\right_2026_09_12_22_24_14_214.jpg,0,1,0,30.19029
D:\ML Projects\Deep Learning\Self Drive\IMG\center_2026_09_12_22_24_14_292.jpg,D:\ML Projects\Deep Learning\Self Drive\IMG\left_2026_09_12_22_24_14_292.jpg,D:\ML Projects\Deep Learning\Self Drive\IMG\right_2026_09_12_22_24_14_292.jpg,0,1,0,30.19023
D:\ML Projects\Deep Learning\Self Drive\IMG\center_2026_09_12_22_24_14_381.jpg,D:\ML Projects\Deep Learning\Self Drive\IMG\left_2026_09_12_22_24_14_381.jpg,D:\ML Projects\Deep Learning\Self Drive\IMG\right_2026_09_12_22_24_14_381.jpg,-0.25,1,0,30.17473
D:\ML Projects\Deep Learning\Self Drive\IMG\center_2026_09_12_22_24_14_468.jpg,D:\ML Projects\Deep Learning\Self Drive\IMG\left_2026_09_12_22_24_14_468.jpg,D:\ML Projects\Deep Learning\Self Drive\IMG\right_2026_09_12_22_24_14_468.jpg,0,1,0,30.19014
D:\ML Projects\Deep Learning\Self Drive\IMG\center_2026_09_12_22_24_14_555.jpg,D:\ML Projects\Deep Learning\Self Drive\IMG\left_2026_09_12_22_24_14_555.jpg,D:\ML Projects\Deep Learning\Self Drive\IMG\right_2026_09_12_22_24_14_555.jpg,0,1,0,30.19025
D:\ML Projects\Deep Learning\Self Drive\IMG\center_2026_09_12_22_24_14_651.jpg,D:\ML Projects\Deep Learning\Self Drive\IMG\left_2026_09_12_22_24_14_651.jpg,D:\ML Projects\Deep Learning\Self Drive\IMG\right_2026_09_12_22_24_14_651.jpg,0,1,0,30.19029
D:\ML Projects\Deep Learning\Self Drive\IMG\center_2026_09_12_22_24_14_742.jpg,D:\ML Projects\Deep Learning\Self Drive\IMG\left_2026_09_12_22_24_14_742.jpg,D:\ML Projects\Deep Learning\Self Drive\IMG\right_2026_09_12_22_24_14_742.jpg,0,1,0,30.1903
D:\ML Projects\Deep Learning\Self Drive\IMG\center_2026_09_12_22_24_14_819.jpg,D:\ML Projects\Deep Learning\Self Drive\IMG\left_2026_09_12_22_24_14_819.jpg,D:\ML Projects\Deep Learning\Self Drive\IMG\right_2026_09_12_22_24_14_819.jpg,0,1,0,30.1903
D:\ML Projects\Deep Learning\Self Drive\IMG\center_2026_09_12_22_24_14_888.jpg,D:\ML Projects\Deep Learning\Self Drive\IMG\left_2026_09_12_22_24_14_888.jpg,D:\ML Projects\Deep Learning\Self Drive\IMG\right_2026_09_12_22_24_14_888.jpg,0,1,0,30.19029
D:\ML Projects\Deep Learning\Self Drive\IMG\center_2026_09_12_22_24_14_964.jpg,D:\ML Projects\Deep Learning\Self Drive\IMG\left_2026_09_12_22_24_14_964.jpg,D:\ML Projects\Deep Learning\Self Drive\IMG\right_2026_09_12_22_24_14_964.jpg,-0.2,1,0,30.17989
D:\ML Projects\Deep Learning\Self Drive\IMG\center_2026_09_12_22_24_15_040.jpg,D:\ML Projects\Deep Learning\Self Drive\IMG\left_2026_09_12_22_24_15_040.jpg,D:\ML Projects\Deep Learning\Self Drive\IMG\right_2026_09_12_22_24_15_040.jpg,-0.4,1,0,30.15759
D:\ML Projects\Deep Learning\Self Drive\IMG\center_2026_09_12_22_24_15_124.jpg,D:\ML Projects\Deep Learning\Self Drive\IMG\left_2026_09_12_22_24_15_124.jpg,D:\ML Projects\Deep Learning\Self Drive\IMG\right_2026_09_12_22_24_15_124.jpg,0,1,0,30.18901
D:\ML Projects\Deep Learning\Self Drive\IMG\center_2026_09_12_22_24_15_201.jpg,D:\ML Projects\Deep Learning\Self Drive\IMG\left_2026_09_12_22_24_15_201.jpg,D:\ML Projects\Deep Learning\Self Drive\IMG\right_2026_09_12_22_24_15_201.jpg,0,1,0,30.18996
D:\ML Projects\Deep Learning\Self Drive\IMG\center_2026_09_12_22_24_15_272.jpg,D:\ML Projects\Deep Learning\Self Drive\IMG\left_2026_09_12_22_24_15_272.jpg,D:\ML Projects\Deep Learning\Self Drive\IMG\right_2026_09_12_22_24_15_272.jpg,0,1,0,30.18962
D:\ML Projects\Deep Learning\Self Drive\IMG\center_2026_09_12_22_24_15_350.jpg,D:\ML Projects\Deep Learning\Self Drive\IMG\left_2026_09_12_22_24_15_350.jpg,D:\ML Projects\Deep Learning\Self Drive\IMG\right_2026_09_12_22_24_15_350.jpg,0,1,0,30.18995
D:\ML Projects\Deep Learning\Self Drive\IMG\center_2026_09_12_22_24_15_431.jpg,D:\ML Projects\Deep Learning\Self Drive\IMG\left_2026_09_12_22_24_15_431.jpg,D:\ML Projects\Deep Learning\Self Drive\IMG\right_2026_09_12_22_24_15_431.jpg,0,1,0,30.18999
D:\ML Projects\Deep Learning\Self Drive\IMG\center_2026_09_12_22_24_15_512.jpg,D:\ML Projects\Deep Learning\Self Drive\IMG\left_2026_09_12_22_24_15_512.jpg,D:\ML Projects\Deep Learning\Self Drive\IMG\right_2026_09_12_22_24_15_512.jpg,0,1,0,30.19006
D:\ML Projects\Deep Learning\Self Drive\IMG\center_2026_09_12_22_24_15_600.jpg,D:\ML Projects\Deep Learning\Self Drive\IMG\left_2026_09_12_22_24_15_600.jpg,D:\ML Projects\Deep Learning\Self Drive\IMG\right_2026_09_12_22_24_15_600.jpg,0,1,0,30.19009
D:\ML Projects\Deep Learning\Self Drive\IMG\center_2026_09_12_22_24_15_697.jpg,D:\ML Projects\Deep Learning\Self Drive\IMG\left_2026_09_12_22_24_15_697.jpg,D:\ML Projects\Deep Learning\Self Drive\IMG\right_2026_09_12_22_24_15_697.jpg,0,1,0,30.19034
D:\ML Projects\Deep Learning\Self Drive\IMG\center_2026_09_12_22_24_15_780.jpg,D:\ML Projects\Deep Learning\Self Drive\IMG\left_2026_09_12_22_24_15_780.jpg,D:\ML Projects\Deep Learning\Self Drive\IMG\right_2026_09_12_22_24_15_780.jpg,0,1,0,30.1902
D:\ML Projects\Deep Learning\Self Drive\IMG\center_2026_09_12_22_24_15_869.jpg,D:\ML Projects\Deep Learning\Self Drive\IMG\left_2026_09_12_22_24_15_869.jpg,D:\ML Projects\Deep Learning\Self Drive\IMG\right_2026_09_12_22_24_15_869.jpg,0,1,0,30.19017
D:\ML Projects\Deep Learning\Self Drive\IMG\center_2026_09_12_22_24_15_956.jpg,D:\ML Projects\Deep Learning\Self Drive\IMG\left_2026_09_12_22_24_15_956.jpg,D:\ML Projects\Deep Learning\Self Drive\IMG\right_2026_09_12_22_24_15_956.jpg,0.25,1,0,30.17511
D:\ML Projects\Deep Learning\Self Drive\IMG\center_2026_09_12_22_24_16_039.jpg,D:\ML Projects\Deep Learning\Self Drive\IMG\left_2026_09_12_22_24_16_039.jpg,D:\ML Projects\Deep Learning\Self Drive\IMG\right_2026_09_12_22_24_16_039.jpg,0,1,0,30.19001
D:\ML Projects\Deep Learning\Self Drive\IMG\center_2026_09_12_22_24_16_134.jpg,D:\ML Projects\Deep Learning\Self Drive\IMG\left_2026_09_12_22_24_16_134.jpg,D:\ML Projects\Deep Learning\Self Drive\IMG\right_2026_09_12_22_24_16_134.jpg,0,1,0,30.1902
D:\ML Projects\Deep Learning\Self Drive\IMG\center_2026_09_12_22_24_16_230.jpg,D:\ML Projects\Deep Learning\Self Drive\IMG\left_2026_09_12_22_24_16_230.jpg,D:\ML Projects\Deep Learning\Self Drive\IMG\right_2026_09_12_22_24_16_230.jpg,0,1,0,30.19027
D:\ML Projects\Deep Learning\Self Drive\IMG\center_2026_09_12_22_24_16_311.jpg,D:\ML Projects\Deep Learning\Self Drive\IMG\left_2026_09_12_22_24_16_311.jpg,D:\ML Projects\Deep Learning\Self Drive\IMG\right_2026_09_12_22_24_16_311.jpg,0,1,0,30.19029
D:\ML Projects\Deep Learning\Self Drive\IMG\center_2026_09_12_22_24_16_392.jpg,D:\ML Projects\Deep Learning\Self Drive\IMG\left_2026_09_12_22_24_16_392.jpg,D:\ML Projects\Deep Learning\Self Drive\IMG\right_2026_09_12_22_24_16_392.jpg,0,1,0,30.19029
D:\ML Projects\Deep Learning\Self Drive\IMG\center_2026_09_12_22_24_16_466.jpg,D:\ML Projects\Deep Learning\Self Drive\IMG\left_2026_09_12_22_24_16_466.jpg,D:\ML Projects\Deep Learning\Self Drive\IMG\right_2026_09_12_22_24_16_466.jpg,0,1,0,30.19031
D:\ML Projects\Deep Learning\Self Drive\IMG\center_2026_09_12_22_24_16_545.jpg,D:\ML Projects\Deep Learning\Self Drive\IMG\left_2026_09_12_22_24_16_545.jpg,D:\ML Projects\Deep Learning\Self Drive\IMG\right_2026_09_12_22_24_16_545.jpg,0,1,0,30.19027
D:\ML Projects\Deep Learning\Self Drive\IMG\center_2026_09_12_22_24_16_628.jpg,D:\ML Projects\Deep Learning\Self Drive\IMG\left_2026_09_12_22_24_16_628.jpg,D:\ML Projects\Deep Learning\Self Drive\IMG\right_2026_09_12_22_24_16_628.jpg,0,1,0,30.19029
D:\ML Projects\Deep Learning\Self Drive\IMG\center_2026_09_12_22_24_16_726.jpg,D:\ML Projects\Deep Learning\Self Drive\IMG\left_2026_09_12_22_24_16_726.jpg,D:\ML Projects\Deep Learning\Self Drive\IMG\right_2026_09_12_22_24_16_726.jpg,0,1,0,30.19031
D:\ML Projects\Deep Learning\Self Drive\IMG\center_2026_09_12_22_24_16_816.jpg,D:\ML Projects\Deep Learning\Self Drive\IMG\left_2026_09_12_22_24_16_816.jpg,D:\ML Projects\Deep Learning\Self Drive\IMG\right_2026_09_12_22_24_16_816.jpg,0,1,0,30.19007
D:\ML Projects\Deep Learning\Self Drive\IMG\center_2026_09_12_22_24_16_903.jpg,D:\ML Projects\Deep Learning\Self Drive\IMG\left_2026_09_12_22_24_16_903.jpg,D:\ML Projects\Deep Learning\Self Drive\IMG\right_2026_09_12_22_24_16_903.jpg,0,1,0,30.19052
D:\ML Projects\Deep Learning\Self Drive\IMG\center_2026_09_12_22_24_16_988.jpg,D:\ML Projects\Deep Learning\Self Drive\IMG\left_2026_09_12_22_24_16_988.jpg,D:\ML Projects\Deep Learning\Self Drive\IMG\right_2026_09_12_22_24_16_988.jpg,0,1,0,30.19043
D:\ML Projects\Deep Learning\Self Drive\IMG\center_2026_09_12_22_24_17_071.jpg,D:\ML Projects\Deep Learning\Self Drive\IMG\left_2026_09_12_22_24_17_071.jpg,D:\ML Projects\Deep Learning\Self Drive\IMG\right_2026_09_12_22_24_17_071.jpg,0,1,0,30.19047
D:\ML Projects\Deep Learning\Self Drive\IMG\center_2026_09_12_22_24_17_156.jpg,D:\ML Projects\Deep Learning\Self Drive\IMG\left_2026_09_12_22_24_17_156.jpg,D:\ML Projects\Deep Learning\Self Drive\IMG\right_2026_09_12_22_24_17_156.jpg,0,1,0,30.19049
D:\ML Projects\Deep Learning\Self Drive\IMG\center_2026_09_12_22_24_17_240.jpg,D:\ML Projects\Deep Learning\Self Drive\IMG\left_2026_09_12_22_24_17_240.jpg,D:\ML Projects\Deep Learning\Self Drive\IMG\right_2026_09_12_22_24_17_240.jpg,0,1,0,30.19046
D:\ML Projects\Deep Learning\Self Drive\IMG\center_2026_09_12_22_24_17_324.jpg,D:\ML Projects\Deep Learning\Self Drive\IMG\left_2026_09_12_22_24_17_324.jpg,D:\ML Projects\Deep Learning\Self Drive\IMG\right_2026_09_12_22_24_17_324.jpg,0,1,0,30.19048
D:\ML Projects\Deep Learning\Self Drive\IMG\center_2026_09_12_22_24_17_410.jpg,D:\ML Projects\Deep Learning\Self Drive\IMG\left_2026_09_12_22_24_17_410.jpg,D:\ML Projects\Deep Learning\Self Drive\IMG\right_2026_09_12_22_24_17_410.jpg,0,1,0,30.19049
D:\ML Projects\Deep Learning\Self Drive\IMG\center_2026_09_12_22_24_17_499.jpg,D:\ML Projects\Deep Learning\Self Drive\IMG\left_2026_09_12_22_24_17_499.jpg,D:\ML Projects\Deep Learning\Self Drive\IMG\right_2026_09_12_22_24_17_499.jpg,0,1,0,30.19026
D:\ML Projects\Deep Learning\Self Drive\IMG\center_2026_09_12_22_24_17_586.jpg,D:\ML Projects\Deep Learning\Self Drive\IMG\left_2026_09_12_22_24_17_586.jpg,D:\ML Projects\Deep Learning\Self Drive\IMG\right_2026_09_12_22_24_17_586.jpg,0,1,0,30.19039
D:\ML Projects\Deep Learning\Self Drive\IMG\center_2026_09_12_22_24_17_684.jpg,D:\ML Projects\Deep Learning\Self Drive\IMG\left_2026_09_12_22_24_17_684.jpg,D:\ML Projects\Deep Learning\Self Drive\IMG\right_2026_09_12_22_24_17_684.jpg,0,1,0,30.19011
D:\ML Projects\Deep Learning\Self Drive\IMG\center_2026_09_12_22_24_17_768.jpg,D:\ML Projects\Deep Learning\Self Drive\IMG\left_2026_09_12_22_24_17_768.jpg,D:\ML Projects\Deep Learning\Self Drive\IMG\right_2026_09_12_22_24_17_768.jpg,-0.2,1,0,30.17977
D:\ML Projects\Deep Learning\Self Drive\IMG\center_2026_09_12_22_24_17_863.jpg,D:\ML Projects\Deep Learning\Self Drive\IMG\left_2026_09_12_22_24_17_863.jpg,D:\ML Projects\Deep Learning\Self Drive\IMG\right_2026_09_12_22_24_17_863.jpg,0,1,0,30.19013
D:\ML Projects\Deep Learning\Self Drive\IMG\center_2026_09_12_22_24_17_943.jpg,D:\ML Projects\Deep Learning\Self Drive\IMG\left_2026_09_12_22_24_17_943.jpg,D:\ML Projects\Deep Learning\Self Drive\IMG\right_2026_09_12_22_24_17_943.jpg,0,1,0,30.19028
D:\ML Projects\Deep Learning\Self Drive\IMG\center_2026_09_12_22_24_18_020.jpg,D:\ML Projects\Deep Learning\Self Drive\IMG\left_2026_09_12_22_24_18_020.jpg,D:\ML Projects\Deep Learning\Self Drive\IMG\right_2026_09_12_22_24_18_020.jpg,0,1,0,30.19029
D:\ML Projects\Deep Learning\Self Drive\IMG\center_2026_09_12_22_24_18_112.jpg,D:\ML Projects\Deep Learning\Self Drive\IMG\left_2026_09_12_22_24_18_112.jpg,D:\ML Projects\Deep Learning\Self Drive\IMG\right_2026_09_12_22_24_18_112.jpg,0,1,0,30.1903
D:\ML Projects\Deep Learning\Self Drive\IMG\center_2026_09_12_22_24_18_204.jpg,D:\ML Projects\Deep Learning\Self Drive\IMG\left_2026_09_12_22_24_18_204.jpg,D:\ML Projects\Deep Learning\Self Drive\IMG\right_2026_09_12_22_24_18_204.jpg,0,1,0,30.19028
D:\ML Projects\Deep Learning\Self Drive\IMG\center_2026_09_12_22_24_18_307.jpg,D:\ML Projects\Deep Learning\Self Drive\IMG\left_2026_09_12_22_24_18_307.jpg,D:\ML Projects\Deep Learning\Self Drive\IMG\right_2026_09_12_22_24_18_307.jpg,0,1,0,30.19031
D:\ML Projects\Deep Learning\Self Drive\IMG\center_2026_09_12_22_24_18_400.jpg,D:\ML Projects\Deep Learning\Self Drive\IMG\left_2026_09_12_22_24_18_400.jpg,D:\ML Projects\Deep Learning\Self Drive\IMG\right_2026_09_12_22_24_18_400.jpg,0,1,0,30.19031
D:\ML Projects\Deep Learning\Self Drive\IMG\center_2026_09_12_22_24_18_484.jpg,D:\ML Projects\Deep Learning\Self Drive\IMG\left_2026_09_12_22_24_18_484.jpg,D:\ML Projects\Deep Learning\Self Drive\IMG\right_2026_09_12_22_24_18_484.jpg,-0.2,1,0,30.17984
D:\ML Projects\Deep Learning\Self Drive\IMG\center_2026_09_12_22_24_18_571.jpg,D:\ML Projects\Deep Learning\Self Drive\IMG\left_2026_09_12_22_24_18_571.jpg,D:\ML Projects\Deep Learning\Self Drive\IMG\right_2026_09_12_22_24_18_571.jpg,0,1,0,30.19028
D:\ML Projects\Deep Learning\Self Drive\IMG\center_2026_09_12_22_24_18_661.jpg,D:\ML Projects\Deep Learning\Self Drive\IMG\left_2026_09_12_22_24_18_661.jpg,D:\ML Projects\Deep Learning\Self Drive\IMG\right_2026_09_12_22_24_18_661.jpg,0,1,0,30.19029
D:\ML Projects\Deep Learning\Self Drive\IMG\center_2026_09_12_22_24_18_752.jpg,D:\ML Projects\Deep Learning\Self Drive\IMG\left_2026_09_12_22_24_18_752.jpg,D:\ML Projects\Deep Learning\Self Drive\IMG\right_2026_09_12_22_24_18_752.jpg,0,1,0,30.19029
D:\ML Projects\Deep Learning\Self Drive\IMG\center_2026_09_12_22_24_18_837.jpg,D:\ML Projects\Deep Learning\Self Drive\IMG\left_2026_09_12_22_24_18_837.jpg,D:\ML Projects\Deep Learning\Self Drive\IMG\right_2026_09_12_22_24_18_837.jpg,0,1,0,30.1903
D:\ML Projects\Deep Learning\Self Drive\IMG\center_2026_09_12_22_24_18_910.jpg,D:\ML Projects\Deep Learning\Self Drive\IMG\left_2026_09_12_22_24_18_910.jpg,D:\ML Projects\Deep Learning\Self Drive\IMG\right_2026_09_12_22_24_18_910.jpg,0,1,0,30.19033
D:\ML Projects\Deep Learning\Self Drive\IMG\center_2026_09_12_22_24_18_990.jpg,D:\ML Projects\Deep Learning\Self Drive\IMG\left_2026_09_12_22_24_18_990.jpg,D:\ML Projects\Deep Learning\Self Drive\IMG\right_2026_09_12_22_24_18_990.jpg,0,1,0,30.19027
D:\ML Projects\Deep Learning\Self Drive\IMG\center_2026_09_12_22_24_19_072.jpg,D:\ML Projects\Deep Learning\Self Drive\IMG\left_2026_09_12_22_24_19_072.jpg,D:\ML Projects\Deep Learning\Self Drive\IMG\right_2026_09_12_22_24_19_072.jpg,-0.2,1,0,30.17988
D:\ML Projects\Deep Learning\Self Drive\IMG\center_2026_09_12_22_24_19_155.jpg,D:\ML Projects\Deep Learning\Self Drive\IMG\left_2026_09_12_22_24_19_155.jpg,D:\ML Projects\Deep Learning\Self Drive\IMG\right_2026_09_12_22_24_19_155.jpg,0,1,0,30.19014
D:\ML Projects\Deep Learning\Self Drive\IMG\center_2026_09_12_22_24_19_235.jpg,D:\ML Projects\Deep Learning\Self Drive\IMG\left_2026_09_12_22_24_19_235.jpg,D:\ML Projects\Deep Learning\Self Drive\IMG\right_2026_09_12_22_24_19_235.jpg,0,1,0,30.19028
D:\ML Projects\Deep Learning\Self Drive\IMG\center_2026_09_12_22_24_19_341.jpg,D:\ML Projects\Deep Learning\Self Drive\IMG\left_2026_09_12_22_24_19_341.jpg,D:\ML Projects\Deep Learning\Self Drive\IMG\right_2026_09_12_22_24_19_341.jpg,0,1,0,30.19027
D:\ML Projects\Deep Learning\Self Drive\IMG\center_2026_09_12_22_24_19_428.jpg,D:\ML Projects\Deep Learning\Self Drive\IMG\left_2026_09_12_22_24_19_428.jpg,D:\ML Projects\Deep Learning\Self Drive\IMG\right_2026_09_12_22_24_19_428.jpg,0,1,0,30.1903
D:\ML Projects\Deep Learning\Self Drive\IMG\center_2026_09_12_22_24_19_511.jpg,D:\ML Projects\Deep Learning\Self Drive\IMG\left_2026_09_12_22_24_19_511.jpg,D:\ML Projects\Deep Learning\Self Drive\IMG\right_2026_09_12_22_24_19_511.jpg,0,1,0,30.19036
D:\ML Projects\Deep Learning\Self Drive\IMG\center_2026_09_12_22_24_19_592.jpg,D:\ML Projects\Deep Learning\Self Drive\IMG\left_2026_09_12_22_24_19_592.jpg,D:\ML Projects\Deep Learning\Self Drive\IMG\right_2026_09_12_22_24_19_592.jpg,-0.2,1,0,30.1799
D:\ML Projects\Deep Learning\Self Drive\IMG\center_2026_09_12_22_24_19_685.jpg,D:\ML Projects\Deep Learning\Self Drive\IMG\left_2026_09_12_22_24_19_685.jpg,D:\ML Projects\Deep Learning\Self Drive\IMG\right_2026_09_12_22_24_19_685.jpg,-0.45,1,0,30.15152
D:\ML Projects\Deep Learning\Self Drive\IMG\center_2026_09_12_22_24_19_775.jpg,D:\ML Projects\Deep Learning\Self Drive\IMG\left_2026_09_12_22_24_19_775.jpg,D:\ML Projects\Deep Learning\Self Drive\IMG\right_2026_09_12_22_24_19_775.jpg,0,1,0,30.18878
D:\ML Projects\Deep Learning\Self Drive\IMG\center_2026_09_12_22_24_19_856.jpg,D:\ML Projects\Deep Learning\Self Drive\IMG\left_2026_09_12_22_24_19_856.jpg,D:\ML Projects\Deep Learning\Self Drive\IMG\right_2026_09_12_22_24_19_856.jpg,0,1,0,30.19009
D:\ML Projects\Deep Learning\Self Drive\IMG\center_2026_09_12_22_24_19_940.jpg,D:\ML Projects\Deep Learning\Self Drive\IMG\left_2026_09_12_22_24_19_940.jpg,D:\ML Projects\Deep Learning\Self Drive\IMG\right_2026_09_12_22_24_19_940.jpg,0,1,0,30.19024
D:\ML Projects\Deep Learning\Self Drive\IMG\center_2026_09_12_22_24_20_024.jpg,D:\ML Projects\Deep Learning\Self Drive\IMG\left_2026_09_12_22_24_20_024.jpg,D:\ML Projects\Deep Learning\Self Drive\IMG\right_2026_09_12_22_24_20_024.jpg,0,1,0,30.1903
D:\ML Projects\Deep Learning\Self Drive\IMG\center_2026_09_12_22_24_20_111.jpg,D:\ML Projects\Deep Learning\Self Drive\IMG\left_2026_09_12_22_24_20_111.jpg,D:\ML Projects\Deep Learning\Self Drive\IMG\right_2026_09_12_22_24_20_111.jpg,0,1,0,30.19028
D:\ML Projects\Deep Learning\Self Drive\IMG\center_2026_09_12_22_24_20_197.jpg,D:\ML Projects\Deep Learning\Self Drive\IMG\left_2026_09_12_22_24_20_197.jpg,D:\ML Projects\Deep Learning\Self Drive\IMG\right_2026_09_12_22_24_20_197.jpg,0.25,1,0,30.17448
D:\ML Projects\Deep Learning\Self Drive\IMG\center_2026_09_12_22_24_20_275.jpg,D:\ML Projects\Deep Learning\Self Drive\IMG\left_2026_09_12_22_24_20_275.jpg,D:\ML Projects\Deep Learning\Self Drive\IMG\right_2026_09_12_22_24_20_275.jpg,0,1,0,30.19013
D:\ML Projects\Deep Learning\Self Drive\IMG\center_2026_09_12_22_24_20_355.jpg,D:\ML Projects\Deep Learning\Self Drive\IMG\left_2026_09_12_22_24_20_355.jpg,D:\ML Projects\Deep Learning\Self Drive\IMG\right_2026_09_12_22_24_20_355.jpg,0,1,0,30.19019
D:\ML Projects\Deep Learning\Self Drive\IMG\center_2026_09_12_22_24_20_434.jpg,D:\ML Projects\Deep Learning\Self Drive\IMG\left_2026_09_12_22_24_20_434.jpg,D:\ML Projects\Deep Learning\Self Drive\IMG\right_2026_09_12_22_24_20_434.jpg,0,1,0,30.19028
D:\ML Projects\Deep Learning\Self Drive\IMG\center_2026_09_12_22_24_20_512.jpg,D:\ML Projects\Deep Learning\Self Drive\IMG\left_2026_09_12_22_24_20_512.jpg,D:\ML Projects\Deep Learning\Self Drive\IMG\right_2026_09_12_22_24_20_512.jpg,0,1,0,30.19027
D:\ML Projects\Deep Learning\Self Drive\IMG\center_2026_09_12_22_24_20_592.jpg,D:\ML Projects\Deep Learning\Self Drive\IMG\left_2026_09_12_22_24_20_592.jpg,D:\ML Projects\Deep Learning\Self Drive\IMG\right_2026_09_12_22_24_20_592.jpg,0,1,0,30.19034
D:\ML Projects\Deep Learning\Self Drive\IMG\center_2026_09_12_22_24_20_679.jpg,D:\ML Projects\Deep Learning\Self Drive\IMG\left_2026_09_12_22_24_20_679.jpg,D:\ML Projects\Deep Learning\Self Drive\IMG\right_2026_09_12_22_24_20_679.jpg,-0.25,1,0,30.1745
D:\ML Projects\Deep Learning\Self Drive\IMG\center_2026_09_12_22_24_20_773.jpg,D:\ML Projects\Deep Learning\Self Drive\IMG\left_2026_09_12_22_24_20_773.jpg,D:\ML Projects\Deep Learning\Self Drive\IMG\right_2026_09_12_22_24_20_773.jpg,0,1,0,30.19004
D:\ML Projects\Deep Learning\Self Drive\IMG\center_2026_09_12_22_24_20_862.jpg,D:\ML Projects\Deep Learning\Self Drive\IMG\left_2026_09_12_22_24_20_862.jpg,D:\ML Projects\Deep Learning\Self Drive\IMG\right_2026_09_12_22_24_20_862.jpg,0,1,0,30.19025
D:\ML Projects\Deep Learning\Self Drive\IMG\center_2026_09_12_22_24_20_934.jpg,D:\ML Projects\Deep Learning\Self Drive\IMG\left_2026_09_12_22_24_20_934.jpg,D:\ML Projects\Deep Learning\Self Drive\IMG\right_2026_09_12_22_24_20_934.jpg,0,1,0,30.19027
D:\ML Projects\Deep Learning\Self Drive\IMG\center_2026_09_12_22_24_21_007.jpg,D:\ML Projects\Deep Learning\Self Drive\IMG\left_2026_09_12_22_24_21_007.jpg,D:\ML Projects\Deep Learning\Self Drive\IMG\right_2026_09_12_22_24_21_007.jpg,0,1,0,30.19021
D:\ML Projects\Deep Learning\Self Drive\IMG\center_2026_09_12_22_24_21_078.jpg,D:\ML Projects\Deep Learning\Self Drive\IMG\left_2026_09_12_22_24_21_078.jpg,D:\ML Projects\Deep Learning\Self Drive\IMG\right_2026_09_12_22_24_21_078.jpg,0,1,0,30.19028
D:\ML Projects\Deep Learning\Self Drive\IMG\center_2026_09_12_22_24_21_152.jpg,D:\ML Projects\Deep Learning\Self Drive\IMG\left_2026_09_12_22_24_21_152.jpg,D:\ML Projects\Deep Learning\Self Drive\IMG\right_2026_09_12_22_24_21_152.jpg,0,1,0,30.19034
D:\ML Projects\Deep Learning\Self Drive\IMG\center_2026_09_12_22_24_21_285.jpg,D:\ML Projects\Deep Learning\Self Drive\IMG\left_2026_09_12_22_24_21_285.jpg,D:\ML Projects\Deep Learning\Self Drive\IMG\right_2026_09_12_22_24_21_285.jpg,0,1,0,30.1903
D:\ML Projects\Deep Learning\Self Drive\IMG\center_2026_09_12_22_24_21_355.jpg,D:\ML Projects\Deep Learning\Self Drive\IMG\left_2026_09_12_22_24_21_355.jpg,D:\ML Projects\Deep Learning\Self Drive\IMG\right_2026_09_12_22_24_21_355.jpg,0,1,0,30.19024
D:\ML Projects\Deep Learning\Self Drive\IMG\center_2026_09_12_22_24_21_423.jpg,D:\ML Projects\Deep Learning\Self Drive\IMG\left_2026_09_12_22_24_21_423.jpg,D:\ML Projects\Deep Learning\Self Drive\IMG\right_2026_09_12_22_24_21_423.jpg,0,1,0,30.19032
D:\ML Projects\Deep Learning\Self Drive\IMG\center_2026_09_12_22_24_21_497.jpg,D:\ML Projects\Deep Learning\Self Drive\IMG\left_2026_09_12_22_24_21_497.jpg,D:\ML Projects\Deep Learning\Self Drive\IMG\right_2026_09_12_22_24_21_497.jpg,0,1,0,30.19029
D:\ML Projects\Deep Learning\Self Drive\IMG\center_2026_09_12_22_24_21_571.jpg,D:\ML Projects\Deep Learning\Self Drive\IMG\left_2026_09_12_22_24_21_571.jpg,D:\ML Projects\Deep Learning\Self Drive\IMG\right_2026_09_12_22_24_21_571.jpg,0,1,0,30.19029
D:\ML Projects\Deep Learning\Self Drive\IMG\center_2026_09_12_22_24_21_649.jpg,D:\ML Projects\Deep Learning\Self Drive\IMG\left_2026_09_12_22_24_21_649.jpg,D:\ML Projects\Deep Learning\Self Drive\IMG\right_2026_09_12_22_24_21_649.jpg,0,1,0,30.19028
D:\ML Projects\Deep Learning\Self Drive\IMG\center_2026_09_12_22_24_21_744.jpg,D:\ML Projects\Deep Learning\Self Drive\IMG\left_2026_09_12_22_24_21_744.jpg,D:\ML Projects\Deep Learning\Self Drive\IMG\right_2026_09_12_22_24_21_744.jpg,0,1,0,30.19029
D:\ML Projects\Deep Learning\Self Drive\IMG\center_2026_09_12_22_24_21_843.jpg,D:\ML Projects\Deep Learning\Self Drive\IMG\left_2026_09_12_22_24_21_843.jpg,D:\ML Projects\Deep Learning\Self Drive\IMG\right_2026_09_12_22_24_21_843.jpg,0,1,0,30.19025
D:\ML Projects\Deep Learning\Self Drive\IMG\center_2026_09_12_22_24_21_920.jpg,D:\ML Projects\Deep Learning\Self Drive\IMG\left_2026_09_12_22_24_21_920.jpg,D:\ML Projects\Deep Learning\Self Drive\IMG\right_2026_09_12_22_24_21_920.jpg,0,1,0,30.19029
D:\ML Projects\Deep Learning\Self Drive\IMG\center_2026_09_12_22_24_22_001.jpg,D:\ML Projects\Deep Learning\Self Drive\IMG\left_2026_09_12_22_24_22_001.jpg,D:\ML Projects\Deep Learning\Self Drive\IMG\right_2026_09_12_22_24_22_001.jpg,0,1,0,30.19028
D:\ML Projects\Deep Learning\Self Drive\IMG\center_2026_09_12_22_24_22_089.jpg,D:\ML Projects\Deep Learning\Self Drive\IMG\left_2026_09_12_22_24_22_089.jpg,D:\ML Projects\Deep Learning\Self Drive\IMG\right_2026_09_12_22_24_22_089.jpg,0,1,0,30.1903
D:\ML Projects\Deep Learning\Self Drive\IMG\center_2026_09_12_22_24_22_174.jpg,D:\ML Projects\Deep Learning\Self Drive\IMG\left_2026_09_12_22_24_22_174.jpg,D:\ML Projects\Deep Learning\Self Drive\IMG\right_2026_09_12_22_24_22_174.jpg,0,1,0,30.19028
D:\ML Projects\Deep Learning\Self Drive\IMG\center_2026_09_12_22_24_22_261.jpg,D:\ML Projects\Deep Learning\Self Drive\IMG\left_2026_09_12_22_24_22_261.jpg,D:\ML Projects\Deep Learning\Self Drive\IMG\right_2026_09_12_22_24_22_261.jpg,0,1,0,30.19029
D:\ML Projects\Deep Learning\Self Drive\IMG\center_2026_09_12_22_24_22_349.jpg,D:\ML Projects\Deep Learning\Self Drive\IMG\left_2026_09_12_22_24_22_349.jpg,D:\ML Projects\Deep Learning\Self Drive\IMG\right_2026_09_12_22_24_22_349.jpg,0,1,0,30.19017
D:\ML Projects\Deep Learning\Self Drive\IMG\center_2026_09_12_22_24_22_442.jpg,D:\ML Projects\Deep Learning\Self Drive\IMG\left_2026_09_12_22_24_22_442.jpg,D:\ML Projects\Deep Learning\Self Drive\IMG\right_2026_09_12_22_24_22_442.jpg,0,1,0,30.19029
D:\ML Projects\Deep Learning\Self Drive\IMG\center_2026_09_12_22_24_22_519.jpg,D:\ML Projects\Deep Learning\Self Drive\IMG\left_2026_09_12_22_24_22_519.jpg,D:\ML Projects\Deep Learning\Self Drive\IMG\right_2026_09_12_22_24_22_519.jpg,-0.2,1,0,30.17988
D:\ML Projects\Deep Learning\Self Drive\IMG\center_2026_09_12_22_24_22_604.jpg,D:\ML Projects\Deep Learning\Self Drive\IMG\left_2026_09_12_22_24_22_604.jpg,D:\ML Projects\Deep Learning\Self Drive\IMG\right_2026_09_12_22_24_22_604.jpg,0,1,0,30.19023
D:\ML Projects\Deep Learning\Self Drive\IMG\center_2026_09_12_22_24_22_689.jpg,D:\ML Projects\Deep Learning\Self Drive\IMG\left_2026_09_12_22_24_22_689.jpg,D:\ML Projects\Deep Learning\Self Drive\IMG\right_2026_09_12_22_24_22_689.jpg,0,1,0,30.19024
D:\ML Projects\Deep Learning\Self Drive\IMG\center_2026_09_12_22_24_22_786.jpg,D:\ML Projects\Deep Learning\Self Drive\IMG\left_2026_09_12_22_24_22_786.jpg,D:\ML Projects\Deep Learning\Self Drive\IMG\right_2026_09_12_22_24_22_786.jpg,0,1,0,30.19028
D:\ML Projects\Deep Learning\Self Drive\IMG\center_2026_09_12_22_24_22_877.jpg,D:\ML Projects\Deep Learning\Self Drive\IMG\left_2026_09_12_22_24_22_877.jpg,D:\ML Projects\Deep Learning\Self Drive\IMG\right_2026_09_12_22_24_22_877.jpg,0,1,0,30.19035
D:\ML Projects\Deep Learning\Self Drive\IMG\center_2026_09_12_22_24_22_964.jpg,D:\ML Projects\Deep Learning\Self Drive\IMG\left_2026_09_12_22_24_22_964.jpg,D:\ML Projects\Deep Learning\Self Drive\IMG\right_2026_09_12_22_24_22_964.jpg,0,1,0,30.19029
D:\ML Projects\Deep Learning\Self Drive\IMG\center_2026_09_12_22_24_23_051.jpg,D:\ML Projects\Deep Learning\Self Drive\IMG\left_2026_09_12_22_24_23_051.jpg,D:\ML Projects\Deep Learning\Self Drive\IMG\right_2026_09_12_22_24_23_051.jpg,0,1,0,30.19032
D:\ML Projects\Deep Learning\Self Drive\IMG\center_2026_09_12_22_24_23_145.jpg,D:\ML Projects\Deep Learning\Self Drive\IMG\left_2026_09_12_22_24_23_145.jpg,D:\ML Projects\Deep Learning\Self Drive\IMG\right_2026_09_12_22_24_23_145.jpg,-0.25,1,0,30.17481
D:\ML Projects\Deep Learning\Self Drive\IMG\center_2026_09_12_22_24_23_220.jpg,D:\ML Projects\Deep Learning\Self Drive\IMG\left_2026_09_12_22_24_23_220.jpg,D:\ML Projects\Deep Learning\Self Drive\IMG\right_2026_09_12_22_24_23_220.jpg,0,1,0,30.19012
D:\ML Projects\Deep Learning\Self Drive\IMG\center_2026_09_12_22_24_23_306.jpg,D:\ML Projects\Deep Learning\Self Drive\IMG\left_2026_09_12_22_24_23_306.jpg,D:\ML Projects\Deep Learning\Self Drive\IMG\right_2026_09_12_22_24_23_306.jpg,0,1,0,30.19023
D:\ML Projects\Deep Learning\Self Drive\IMG\center_2026_09_12_22_24_23_383.jpg,D:\ML Projects\Deep Learning\Self Drive\IMG\left_2026_09_12_22_24_23_383.jpg,D:\ML Projects\Deep Learning\Self Drive\IMG\right_2026_09_12_22_24_23_383.jpg,0,1,0,30.19028
D:\ML Projects\Deep Learning\Self Drive\IMG\center_2026_09_12_22_24_23_457.jpg,D:\ML Projects\Deep Learning\Self Drive\IMG\left_2026_09_12_22_24_23_457.jpg,D:\ML Projects\Deep Learning\Self Drive\IMG\right_2026_09_12_22_24_23_457.jpg,0,1,0,30.19033
D:\ML Projects\Deep Learning\Self Drive\IMG\center_2026_09_12_22_24_23_526.jpg,D:\ML Projects\Deep Learning\Self Drive\IMG\left_2026_09_12_22_24_23_526.jpg,D:\ML Projects\Deep Learning\Self Drive\IMG\right_2026_09_12_22_24_23_526.jpg,0,1,0,30.19031
D:\ML Projects\Deep Learning\Self Drive\IMG\center_2026_09_12_22_24_23_598.jpg,D:\ML Projects\Deep Learning\Self Drive\IMG\left_2026_09_12_22_24_23_598.jpg,D:\ML Projects\Deep Learning\Self Drive\IMG\right_2026_09_12_22_24_23_598.jpg,0,1,0,30.19031
D:\ML Projects\Deep Learning\Self Drive\IMG\center_2026_09_12_22_24_23_670.jpg,D:\ML Projects\Deep Learning\Self Drive\IMG\left_2026_09_12_22_24_23_670.jpg,D:\ML Projects\Deep Learning\Self Drive\IMG\right_2026_09_12_22_24_23_670.jpg,-0.15,1,0,30.18422
D:\ML Projects\Deep Learning\Self Drive\IMG\center_2026_09_12_22_24_23_757.jpg,D:\ML Projects\Deep Learning\Self Drive\IMG\left_2026_09_12_22_24_23_757.jpg,D:\ML Projects\Deep Learning\Self Drive\IMG\right_2026_09_12_22_24_23_757.jpg,0,1,0,30.1902
D:\ML Projects\Deep Learning\Self Drive\IMG\center_2026_09_12_22_24_23_895.jpg,D:\ML Projects\Deep Learning\Self Drive\IMG\left_2026_09_12_22_24_23_895.jpg,D:\ML Projects\Deep Learning\Self Drive\IMG\right_2026_09_12_22_24_23_895.jpg,0,1,0,30.19056
D:\ML Projects\Deep Learning\Self Drive\IMG\center_2026_09_12_22_24_23_970.jpg,D:\ML Projects\Deep Learning\Self Drive\IMG\left_2026_09_12_22_24_23_970.jpg,D:\ML Projects\Deep Learning\Self Drive\IMG\right_2026_09_12_22_24_23_970.jpg,0,1,0,30.19033
D:\ML Projects\Deep Learning\Self Drive\IMG\center_2026_09_12_22_24_24_039.jpg,D:\ML Projects\Deep Learning\Self Drive\IMG\left_2026_09_12_22_24_24_039.jpg,D:\ML Projects\Deep Learning\Self Drive\IMG\right_2026_09_12_22_24_24_039.jpg,0,1,0,30.19027
D:\ML Projects\Deep Learning\Self Drive\IMG\center_2026_09_12_22_24_24_118.jpg,D:\ML Projects\Deep Learning\Self Drive\IMG\left_2026_09_12_22_24_24_118.jpg,D:\ML Projects\Deep Learning\Self Drive\IMG\right_2026_09_12_22_24_24_118.jpg,0,1,0,30.19028
D:\ML Projects\Deep Learning\Self Drive\IMG\center_2026_09_12_22_24_24_201.jpg,D:\ML Projects\Deep Learning\Self Drive\IMG\left_2026_09_12_22_24_24_201.jpg,D:\ML Projects\Deep Learning\Self Drive\IMG\right_2026_09_12_22_24_24_201.jpg,0,1,0,30.19031
D:\ML Projects\Deep Learning\Self Drive\IMG\center_2026_09_12_22_24_24_280.jpg,D:\ML Projects\Deep Learning\Self Drive\IMG\left_2026_09_12_22_24_24_280.jpg,D:\ML Projects\Deep Learning\Self Drive\IMG\right_2026_09_12_22_24_24_280.jpg,-0.2,1,0,30.17986
D:\ML Projects\Deep Learning\Self Drive\IMG\center_2026_09_12_22_24_24_362.jpg,D:\ML Projects\Deep Learning\Self Drive\IMG\left_2026_09_12_22_24_24_362.jpg,D:\ML Projects\Deep Learning\Self Drive\IMG\right_2026_09_12_22_24_24_362.jpg,0,1,0,30.19028
D:\ML Projects\Deep Learning\Self Drive\IMG\center_2026_09_12_22_24_24_441.jpg,D:\ML Projects\Deep Learning\Self Drive\IMG\left_2026_09_12_22_24_24_441.jpg,D:\ML Projects\Deep Learning\Self Drive\IMG\right_2026_09_12_22_24_24_441.jpg,0,1,0,30.19027
D:\ML Projects\Deep Learning\Self Drive\IMG\center_2026_09_12_22_24_24_516.jpg,D:\ML Projects\Deep Learning\Self Drive\IMG\left_2026_09_12_22_24_24_516.jpg,D:\ML Projects\Deep Learning\Self Drive\IMG\right_2026_09_12_22_24_24_516.jpg,0,1,0,30.19028
D:\ML Projects\Deep Learning\Self Drive\IMG\center_2026_09_12_22_24_24_588.jpg,D:\ML Projects\Deep Learning\Self Drive\IMG\left_2026_09_12_22_24_24_588.jpg,D:\ML Projects\Deep Learning\Self Drive\IMG\right_2026_09_12_22_24_24_588.jpg,0,1,0,30.19031
D:\ML Projects\Deep Learning\Self Drive\IMG\center_2026_09_12_22_24_24_677.jpg,D:\ML Projects\Deep Learning\Self Drive\IMG\left_2026_09_12_22_24_24_677.jpg,D:\ML Projects\Deep Learning\Self Drive\IMG\right_2026_09_12_22_24_24_677.jpg,-0.25,1,0,30.17508
D:\ML Projects\Deep Learning\Self Drive\IMG\center_2026_09_12_22_24_24_773.jpg,D:\ML Projects\Deep Learning\Self Drive\IMG\left_2026_09_12_22_24_24_773.jpg,D:\ML Projects\Deep Learning\Self Drive\IMG\right_2026_09_12_22_24_24_773.jpg,-0.45,1,0,30.15174
D:\ML Projects\Deep Learning\Self Drive\IMG\center_2026_09_12_22_24_24_861.jpg,D:\ML Projects\Deep Learning\Self Drive\IMG\left_2026_09_12_22_24_24_861.jpg,D:\ML Projects\Deep Learning\Self Drive\IMG\right_2026_09_12_22_24_24_861.jpg,0,1,0,30.18876
D:\ML Projects\Deep Learning\Self Drive\IMG\center_2026_09_12_22_24_24_949.jpg,D:\ML Projects\Deep Learning\Self Drive\IMG\left_2026_09_12_22_24_24_949.jpg,D:\ML Projects\Deep Learning\Self Drive\IMG\right_2026_09_12_22_24_24_949.jpg,0,1,0,30.18992
D:\ML Projects\Deep Learning\Self Drive\IMG\center_2026_09_12_22_24_25_037.jpg,D:\ML Projects\Deep Learning\Self Drive\IMG\left_2026_09_12_22_24_25_037.jpg,D:\ML Projects\Deep Learning\Self Drive\IMG\right_2026_09_12_22_24_25_037.jpg,0,1,0,30.19025
D:\ML Projects\Deep Learning\Self Drive\IMG\center_2026_09_12_22_24_25_131.jpg,D:\ML Projects\Deep Learning\Self Drive\IMG\left_2026_09_12_22_24_25_131.jpg,D:\ML Projects\Deep Learning\Self Drive\IMG\right_2026_09_12_22_24_25_131.jpg,-0.2,1,0,30.18105
D:\ML Projects\Deep Learning\Self Drive\IMG\center_2026_09_12_22_24_25_215.jpg,D:\ML Projects\Deep Learning\Self Drive\IMG\left_2026_09_12_22_24_25_215.jpg,D:\ML Projects\Deep Learning\Self Drive\IMG\right_2026_09_12_22_24_25_215.jpg,0,1,0,30.19014
D:\ML Projects\Deep Learning\Self Drive\IMG\center_2026_09_12_22_24_25_288.jpg,D:\ML Projects\Deep Learning\Self Drive\IMG\left_2026_09_12_22_24_25_288.jpg,D:\ML Projects\Deep Learning\Self Drive\IMG\right_2026_09_12_22_24_25_288.jpg,0,1,0,30.19029
D:\ML Projects\Deep Learning\Self Drive\IMG\center_2026_09_12_22_24_25_362.jpg,D:\ML Projects\Deep Learning\Self Drive\IMG\left_2026_09_12_22_24_25_362.jpg,D:\ML Projects\Deep Learning\Self Drive\IMG\right_2026_09_12_22_24_25_362.jpg,0,1,0,30.19029
D:\ML Projects\Deep Learning\Self Drive\IMG\center_2026_09_12_22_24_25_438.jpg,D:\ML Projects\Deep Learning\Self Drive\IMG\left_2026_09_12_22_24_25_438.jpg,D:\ML Projects\Deep Learning\Self Drive\IMG\right_2026_09_12_22_24_25_438.jpg,0,1,0,30.19029
D:\ML Projects\Deep Learning\Self Drive\IMG\center_2026_09_12_22_24_25_507.jpg,D:\ML Projects\Deep Learning\Self Drive\IMG\left_2026_09_12_22_24_25_507.jpg,D:\ML Projects\Deep Learning\Self Drive\IMG\right_2026_09_12_22_24_25_507.jpg,0,1,0,30.19032
D:\ML Projects\Deep Learning\Self Drive\IMG\center_2026_09_12_22_24_25_595.jpg,D:\ML Projects\Deep Learning\Self Drive\IMG\left_2026_09_12_22_24_25_595.jpg,D:\ML Projects\Deep Learning\Self Drive\IMG\right_2026_09_12_22_24_25_595.jpg,0,1,0,30.19034
D:\ML Projects\Deep Learning\Self Drive\IMG\center_2026_09_12_22_24_25_669.jpg,D:\ML Projects\Deep Learning\Self Drive\IMG\left_2026_09_12_22_24_25_669.jpg,D:\ML Projects\Deep Learning\Self Drive\IMG\right_2026_09_12_22_24_25_669.jpg,0,1,0,30.19029
D:\ML Projects\Deep Learning\Self Drive\IMG\center_2026_09_12_22_24_25_770.jpg,D:\ML Projects\Deep Learning\Self Drive\IMG\left_2026_09_12_22_24_25_770.jpg,D:\ML Projects\Deep Learning\Self Drive\IMG\right_2026_09_12_22_24_25_770.jpg,0.25,1,0,30.17482
D:\ML Projects\Deep Learning\Self Drive\IMG\center_2026_09_12_22_24_25_854.jpg,D:\ML Projects\Deep Learning\Self Drive\IMG\left_2026_09_12_22_24_25_854.jpg,D:\ML Projects\Deep Learning\Self Drive\IMG\right_2026_09_12_22_24_25_854.jpg,0,1,0,30.18995
D:\ML Projects\Deep Learning\Self Drive\IMG\center_2026_09_12_22_24_25_930.jpg,D:\ML Projects\Deep Learning\Self Drive\IMG\left_2026_09_12_22_24_25_930.jpg,D:\ML Projects\Deep Learning\Self Drive\IMG\right_2026_09_12_22_24_25_930.jpg,0,1,0,30.19018
D:\ML Projects\Deep Learning\Self Drive\IMG\center_2026_09_12_22_24_25_998.jpg,D:\ML Projects\Deep Learning\Self Drive\IMG\left_2026_09_12_22_24_25_998.jpg,D:\ML Projects\Deep Learning\Self Drive\IMG\right_2026_09_12_22_24_25_998.jpg,0,1,0,30.19028
D:\ML Projects\Deep Learning\Self Drive\IMG\center_2026_09_12_22_24_26_067.jpg,D:\ML Projects\Deep Learning\Self Drive\IMG\left_2026_09_12_22_24_26_067.jpg,D:\ML Projects\Deep Learning\Self Drive\IMG\right_2026_09_12_22_24_26_067.jpg,-0.15,1,0,30.18352
D:\ML Projects\Deep Learning\Self Drive\IMG\center_2026_09_12_22_24_26_145.jpg,D:\ML Projects\Deep Learning\Self Drive\IMG\left_2026_09_12_22_24_26_145.jpg,D:\ML Projects\Deep Learning\Self Drive\IMG\right_2026_09_12_22_24_26_145.jpg,0,1,0,30.19032
D:\ML Projects\Deep Learning\Self Drive\IMG\center_2026_09_12_22_24_26_280.jpg,D:\ML Projects\Deep Learning\Self Drive\IMG\left_2026_09_12_22_24_26_280.jpg,D:\ML Projects\Deep Learning\Self Drive\IMG\right_2026_09_12_22_24_26_280.jpg,0,1,0,30.19029
D:\ML Projects\Deep Learning\Self Drive\IMG\center_2026_09_12_22_24_26_352.jpg,D:\ML Projects\Deep Learning\Self Drive\IMG\left_2026_09_12_22_24_26_352.jpg,D:\ML Projects\Deep Learning\Self Drive\IMG\right_2026_09_12_22_24_26_352.jpg,0,1,0,30.19032
D:\ML Projects\Deep Learning\Self Drive\IMG\center_2026_09_12_22_24_26_420.jpg,D:\ML Projects\Deep Learning\Self Drive\IMG\left_2026_09_12_22_24_26_420.jpg,D:\ML Projects\Deep Learning\Self Drive\IMG\right_2026_09_12_22_24_26_420.jpg,0,1,0,30.19026
D:\ML Projects\Deep Learning\Self Drive\IMG\center_2026_09_12_22_24_26_489.jpg,D:\ML Projects\Deep Learning\Self Drive\IMG\left_2026_09_12_22_24_26_489.jpg,D:\ML Projects\Deep Learning\Self Drive\IMG\right_2026_09_12_22_24_26_489.jpg,0,1,0,30.19028
D:\ML Projects\Deep Learning\Self Drive\IMG\center_2026_09_12_22_24_26_622.jpg,D:\ML Projects\Deep Learning\Self Drive\IMG\left_2026_09_12_22_24_26_622.jpg,D:\ML Projects\Deep Learning\Self Drive\IMG\right_2026_09_12_22_24_26_622.jpg,-0.15,1,0,30.18427
D:\ML Projects\Deep Learning\Self Drive\IMG\center_2026_09_12_22_24_26_693.jpg,D:\ML Projects\Deep Learning\Self Drive\IMG\left_2026_09_12_22_24_26_693.jpg,D:\ML Projects\Deep Learning\Self Drive\IMG\right_2026_09_12_22_24_26_693.jpg,0,1,0,30.19029
D:\ML Projects\Deep Learning\Self Drive\IMG\center_2026_09_12_22_24_26_776.jpg,D:\ML Projects\Deep Learning\Self Drive\IMG\left_2026_09_12_22_24_26_776.jpg,D:\ML Projects\Deep Learning\Self Drive\IMG\right_2026_09_12_22_24_26_776.jpg,0,1,0,30.19028
D:\ML Projects\Deep Learning\Self Drive\IMG\center_2026_09_12_22_24_26_850.jpg,D:\ML Projects\Deep Learning\Self Drive\IMG\left_2026_09_12_22_24_26_850.jpg,D:\ML Projects\Deep Learning\Self Drive\IMG\right_2026_09_12_22_24_26_850.jpg,0,1,0,30.1903
D:\ML Projects\Deep Learning\Self Drive\IMG\center_2026_09_12_22_24_26_924.jpg,D:\ML Projects\Deep Learning\Self Drive\IMG\left_2026_09_12_22_24_26_924.jpg,D:\ML Projects\Deep Learning\Self Drive\IMG\right_2026_09_12_22_24_26_924.jpg,0,1,0,30.1903
D:\ML Projects\Deep Learning\Self Drive\IMG\center_2026_09_12_22_24_26_995.jpg,D:\ML Projects\Deep Learning\Self Drive\IMG\left_2026_09_12_22_24_26_995.jpg,D:\ML Projects\Deep Learning\Self Drive\IMG\right_2026_09_12_22_24_26_995.jpg,-0.2,1,0,30.18005
D:\ML Projects\Deep Learning\Self Drive\IMG\center_2026_09_12_22_24_27_068.jpg,D:\ML Projects\Deep Learning\Self Drive\IMG\left_2026_09_12_22_24_27_068.jpg,D:\ML Projects\Deep Learning\Self Drive\IMG\right_2026_09_12_22_24_27_068.jpg,0,1,0,30.18965
D:\ML Projects\Deep Learning\Self Drive\IMG\center_2026_09_12_22_24_27_148.jpg,D:\ML Projects\Deep Learning\Self Drive\IMG\left_2026_09_12_22_24_27_148.jpg,D:\ML Projects\Deep Learning\Self Drive\IMG\right_2026_09_12_22_24_27_148.jpg,0,1,0,30.19027
D:\ML Projects\Deep Learning\Self Drive\IMG\center_2026_09_12_22_24_27_220.jpg,D:\ML Projects\Deep Learning\Self Drive\IMG\left_2026_09_12_22_24_27_220.jpg,D:\ML Projects\Deep Learning\Self Drive\IMG\right_2026_09_12_22_24_27_220.jpg,0,1,0,30.19034
D:\ML Projects\Deep Learning\Self Drive\IMG\center_2026_09_12_22_24_27_296.jpg,D:\ML Projects\Deep Learning\Self Drive\IMG\left_2026_09_12_22_24_27_296.jpg,D:\ML Projects\Deep Learning\Self Drive\IMG\right_2026_09_12_22_24_27_296.jpg,-0.2,1,0,30.18049
D:\ML Projects\Deep Learning\Self Drive\IMG\center_2026_09_12_22_24_27_367.jpg,D:\ML Projects\Deep Learning\Self Drive\IMG\left_2026_09_12_22_24_27_367.jpg,D:\ML Projects\Deep Learning\Self Drive\IMG\right_2026_09_12_22_24_27_367.jpg,-0.35,1,0,30.16389
D:\ML Projects\Deep Learning\Self Drive\IMG\center_2026_09_12_22_24_27_440.jpg,D:\ML Projects\Deep Learning\Self Drive\IMG\left_2026_09_12_22_24_27_440.jpg,D:\ML Projects\Deep Learning\Self Drive\IMG\right_2026_09_12_22_24_27_440.jpg,0,1,0,30.1895
D:\ML Projects\Deep Learning\Self Drive\IMG\center_2026_09_12_22_24_27_507.jpg,D:\ML Projects\Deep Learning\Self Drive\IMG\left_2026_09_12_22_24_27_507.jpg,D:\ML Projects\Deep Learning\Self Drive\IMG\right_2026_09_12_22_24_27_507.jpg,0,1,0,30.18997
D:\ML Projects\Deep Learning\Self Drive\IMG\center_2026_09_12_22_24_27_583.jpg,D:\ML Projects\Deep Learning\Self Drive\IMG\left_2026_09_12_22_24_27_583.jpg,D:\ML Projects\Deep Learning\Self Drive\IMG\right_2026_09_12_22_24_27_583.jpg,0,1,0,30.19022
D:\ML Projects\Deep Learning\Self Drive\IMG\center_2026_09_12_22_24_27_657.jpg,D:\ML Projects\Deep Learning\Self Drive\IMG\left_2026_09_12_22_24_27_657.jpg,D:\ML Projects\Deep Learning\Self Drive\IMG\right_2026_09_12_22_24_27_657.jpg,0,1,0,30.19028
D:\ML Projects\Deep Learning\Self Drive\IMG\center_2026_09_12_22_24_27_761.jpg,D:\ML Projects\Deep Learning\Self Drive\IMG\left_2026_09_12_22_24_27_761.jpg,D:\ML Projects\Deep Learning\Self Drive\IMG\right_2026_09_12_22_24_27_761.jpg,-0.25,1,0,30.17552
D:\ML Projects\Deep Learning\Self Drive\IMG\center_2026_09_12_22_24_27_844.jpg,D:\ML Projects\Deep Learning\Self Drive\IMG\left_2026_09_12_22_24_27_844.jpg,D:\ML Projects\Deep Learning\Self Drive\IMG\right_2026_09_12_22_24_27_844.jpg,0,1,0,30.19012
D:\ML Projects\Deep Learning\Self Drive\IMG\center_2026_09_12_22_24_27_930.jpg,D:\ML Projects\Deep Learning\Self Drive\IMG\left_2026_09_12_22_24_27_930.jpg,D:\ML Projects\Deep Learning\Self Drive\IMG\right_2026_09_12_22_24_27_930.jpg,0,1,0,30.19025
D:\ML Projects\Deep Learning\Self Drive\IMG\center_2026_09_12_22_24_28_014.jpg,D:\ML Projects\Deep Learning\Self Drive\IMG\left_2026_09_12_22_24_28_014.jpg,D:\ML Projects\Deep Learning\Self Drive\IMG\right_2026_09_12_22_24_28_014.jpg,0,1,0,30.19029
D:\ML Projects\Deep Learning\Self Drive\IMG\center_2026_09_12_22_24_28_105.jpg,D:\ML Projects\Deep Learning\Self Drive\IMG\left_2026_09_12_22_24_28_105.jpg,D:\ML Projects\Deep Learning\Self Drive\IMG\right_2026_09_12_22_24_28_105.jpg,0,1,0,30.19028
D:\ML Projects\Deep Learning\Self Drive\IMG\center_2026_09_12_22_24_28_192.jpg,D:\ML Projects\Deep Learning\Self Drive\IMG\left_2026_09_12_22_24_28_192.jpg,D:\ML Projects\Deep Learning\Self Drive\IMG\right_2026_09_12_22_24_28_192.jpg,0,1,0,30.19033
D:\ML Projects\Deep Learning\Self Drive\IMG\center_2026_09_12_22_24_28_284.jpg,D:\ML Projects\Deep Learning\Self Drive\IMG\left_2026_09_12_22_24_28_284.jpg,D:\ML Projects\Deep Learning\Self Drive\IMG\right_2026_09_12_22_24_28_284.jpg,-0.25,1,0,30.17494
D:\ML Projects\Deep Learning\Self Drive\IMG\center_2026_09_12_22_24_28_365.jpg,D:\ML Projects\Deep Learning\Self Drive\IMG\left_2026_09_12_22_24_28_365.jpg,D:\ML Projects\Deep Learning\Self Drive\IMG\right_2026_09_12_22_24_28_365.jpg,0,1,0,30.19017
D:\ML Projects\Deep Learning\Self Drive\IMG\center_2026_09_12_22_24_28_442.jpg,D:\ML Projects\Deep Learning\Self Drive\IMG\left_2026_09_12_22_24_28_442.jpg,D:\ML Projects\Deep Learning\Self Drive\IMG\right_2026_09_12_22_24_28_442.jpg,0,1,0,30.19064
D:\ML Projects\Deep Learning\Self Drive\IMG\center_2026_09_12_22_24_28_528.jpg,D:\ML Projects\Deep Learning\Self Drive\IMG\left_2026_09_12_22_24_28_528.jpg,D:\ML Projects\Deep Learning\Self Drive\IMG\right_2026_09_12_22_24_28_528.jpg,0,1,0,30.1903
D:\ML Projects\Deep Learning\Self Drive\IMG\center_2026_09_12_22_24_28_619.jpg,D:\ML Projects\Deep Learning\Self Drive\IMG\left_2026_09_12_22_24_28_619.jpg,D:\ML Projects\Deep Learning\Self Drive\IMG\right_2026_09_12_22_24_28_619.jpg,0,1,0,30.19027
D:\ML Projects\Deep Learning\Self Drive\IMG\center_2026_09_12_22_24_28_700.jpg,D:\ML Projects\Deep Learning\Self Drive\IMG\left_2026_09_12_22_24_28_700.jpg,D:\ML Projects\Deep Learning\Self Drive\IMG\right_2026_09_12_22_24_28_700.jpg,-0.2,1,0,30.18016
D:\ML Projects\Deep Learning\Self Drive\IMG\center_2026_09_12_22_24_28_806.jpg,D:\ML Projects\Deep Learning\Self Drive\IMG\left_2026_09_12_22_24_28_806.jpg,D:\ML Projects\Deep Learning\Self Drive\IMG\right_2026_09_12_22_24_28_806.jpg,0,1,0,30.1902
D:\ML Projects\Deep Learning\Self Drive\IMG\center_2026_09_12_22_24_28_892.jpg,D:\ML Projects\Deep Learning\Self Drive\IMG\left_2026_09_12_22_24_28_892.jpg,D:\ML Projects\Deep Learning\Self Drive\IMG\right_2026_09_12_22_24_28_892.jpg,0,1,0,30.19032
D:\ML Projects\Deep Learning\Self Drive\IMG\center_2026_09_12_22_24_28_978.jpg,D:\ML Projects\Deep Learning\Self Drive\IMG\left_2026_09_12_22_24_28_978.jpg,D:\ML Projects\Deep Learning\Self Drive\IMG\right_2026_09_12_22_24_28_978.jpg,0,1,0,30.1903
D:\ML Projects\Deep Learning\Self Drive\IMG\center_2026_09_12_22_24_29_058.jpg,D:\ML Projects\Deep Learning\Self Drive\IMG\left_2026_09_12_22_24_29_058.jpg,D:\ML Projects\Deep Learning\Self Drive\IMG\right_2026_09_12_22_24_29_058.jpg,-0.2,1,0,30.18024
D:\ML Projects\Deep Learning\Self Drive\IMG\center_2026_09_12_22_24_29_129.jpg,D:\ML Projects\Deep Learning\Self Drive\IMG\left_2026_09_12_22_24_29_129.jpg,D:\ML Projects\Deep Learning\Self Drive\IMG\right_2026_09_12_22_24_29_129.jpg,-0.35,1,0,30.16382
D:\ML Projects\Deep Learning\Self Drive\IMG\center_2026_09_12_22_24_29_197.jpg,D:\ML Projects\Deep Learning\Self Drive\IMG\left_2026_09_12_22_24_29_197.jpg,D:\ML Projects\Deep Learning\Self Drive\IMG\right_2026_09_12_22_24_29_197.jpg,0,1,0,30.18946
D:\ML Projects\Deep Learning\Self Drive\IMG\center_2026_09_12_22_24_29_332.jpg,D:\ML Projects\Deep Learning\Self Drive\IMG\left_2026_09_12_22_24_29_332.jpg,D:\ML Projects\Deep Learning\Self Drive\IMG\right_2026_09_12_22_24_29_332.jpg,0,1,0,30.18966
D:\ML Projects\Deep Learning\Self Drive\IMG\center_2026_09_12_22_24_29_434.jpg,D:\ML Projects\Deep Learning\Self Drive\IMG\left_2026_09_12_22_24_29_434.jpg,D:\ML Projects\Deep Learning\Self Drive\IMG\right_2026_09_12_22_24_29_434.jpg,-0.3,1,0,30.17049
D:\ML Projects\Deep Learning\Self Drive\IMG\center_2026_09_12_22_24_29_564.jpg,D:\ML Projects\Deep Learning\Self Drive\IMG\left_2026_09_12_22_24_29_564.jpg,D:\ML Projects\Deep Learning\Self Drive\IMG\right_2026_09_12_22_24_29_564.jpg,0,1,0,30.18651
D:\ML Projects\Deep Learning\Self Drive\IMG\center_2026_09_12_22_24_29_700.jpg,D:\ML Projects\Deep Learning\Self Drive\IMG\left_2026_09_12_22_24_29_700.jpg,D:\ML Projects\Deep Learning\Self Drive\IMG\right_2026_09_12_22_24_29_700.jpg,0,1,0,30.19063
D:\ML Projects\Deep Learning\Self Drive\IMG\center_2026_09_12_22_24_29_780.jpg,D:\ML Projects\Deep Learning\Self Drive\IMG\left_2026_09_12_22_24_29_780.jpg,D:\ML Projects\Deep Learning\Self Drive\IMG\right_2026_09_12_22_24_29_780.jpg,0,1,0,30.19016
D:\ML Projects\Deep Learning\Self Drive\IMG\center_2026_09_12_22_24_29_849.jpg,D:\ML Projects\Deep Learning\Self Drive\IMG\left_2026_09_12_22_24_29_849.jpg,D:\ML Projects\Deep Learning\Self Drive\IMG\right_2026_09_12_22_24_29_849.jpg,0,1,0,30.19006
D:\ML Projects\Deep Learning\Self Drive\IMG\center_2026_09_12_22_24_29_916.jpg,D:\ML Projects\Deep Learning\Self Drive\IMG\left_2026_09_12_22_24_29_916.jpg,D:\ML Projects\Deep Learning\Self Drive\IMG\right_2026_09_12_22_24_29_916.jpg,0,1,0,30.19
D:\ML Projects\Deep Learning\Self Drive\IMG\center_2026_09_12_22_24_29_987.jpg,D:\ML Projects\Deep Learning\Self Drive\IMG\left_2026_09_12_22_24_29_987.jpg,D:\ML Projects\Deep Learning\Self Drive\IMG\right_2026_09_12_22_24_29_987.jpg,0,1,0,30.19
D:\ML Projects\Deep Learning\Self Drive\IMG\center_2026_09_12_22_24_30_129.jpg,D:\ML Projects\Deep Learning\Self Drive\IMG\left_2026_09_12_22_24_30_129.jpg,D:\ML Projects\Deep Learning\Self Drive\IMG\right_2026_09_12_22_24_30_129.jpg,0,1,0,30.18997
D:\ML Projects\Deep Learning\Self Drive\IMG\center_2026_09_12_22_24_30_199.jpg,D:\ML Projects\Deep Learning\Self Drive\IMG\left_2026_09_12_22_24_30_199.jpg,D:\ML Projects\Deep Learning\Self Drive\IMG\right_2026_09_12_22_24_30_199.jpg,0,1,0,30.19001
D:\ML Projects\Deep Learning\Self Drive\IMG\center_2026_09_12_22_24_30_266.jpg,D:\ML Projects\Deep Learning\Self Drive\IMG\left_2026_09_12_22_24_30_266.jpg,D:\ML Projects\Deep Learning\Self Drive\IMG\right_2026_09_12_22_24_30_266.jpg,0.15,1,0,30.18426
D:\ML Projects\Deep Learning\Self Drive\IMG\center_2026_09_12_22_24_30_337.jpg,D:\ML Projects\Deep Learning\Self Drive\IMG\left_2026_09_12_22_24_30_337.jpg,D:\ML Projects\Deep Learning\Self Drive\IMG\right_2026_09_12_22_24_30_337.jpg,0,1,0,30.19003
D:\ML Projects\Deep Learning\Self Drive\IMG\center_2026_09_12_22_24_30_417.jpg,D:\ML Projects\Deep Learning\Self Drive\IMG\left_2026_09_12_22_24_30_417.jpg,D:\ML Projects\Deep Learning\Self Drive\IMG\right_2026_09_12_22_24_30_417.jpg,0,1,0,30.18914
D:\ML Projects\Deep Learning\Self Drive\IMG\center_2026_09_12_22_24_30_491.jpg,D:\ML Projects\Deep Learning\Self Drive\IMG\left_2026_09_12_22_24_30_491.jpg,D:\ML Projects\Deep Learning\Self Drive\IMG\right_2026_09_12_22_24_30_491.jpg,0,1,0,30.19039
D:\ML Projects\Deep Learning\Self Drive\IMG\center_2026_09_12_22_24_30_558.jpg,D:\ML Projects\Deep Learning\Self Drive\IMG\left_2026_09_12_22_24_30_558.jpg,D:\ML Projects\Deep Learning\Self Drive\IMG\right_2026_09_12_22_24_30_558.jpg,0,1,0,30.19032
D:\ML Projects\Deep Learning\Self Drive\IMG\center_2026_09_12_22_24_30_686.jpg,D:\ML Projects\Deep Learning\Self Drive\IMG\left_2026_09_12_22_24_30_686.jpg,D:\ML Projects\Deep Learning\Self Drive\IMG\right_2026_09_12_22_24_30_686.jpg,0,1,0,30.19091
D:\ML Projects\Deep Learning\Self Drive\IMG\center_2026_09_12_22_24_30_771.jpg,D:\ML Projects\Deep Learning\Self Drive\IMG\left_2026_09_12_22_24_30_771.jpg,D:\ML Projects\Deep Learning\Self Drive\IMG\right_2026_09_12_22_24_30_771.jpg,-0.2,1,0,30.17957
D:\ML Projects\Deep Learning\Self Drive\IMG\center_2026_09_12_22_24_30_898.jpg,D:\ML Projects\Deep Learning\Self Drive\IMG\left_2026_09_12_22_24_30_898.jpg,D:\ML Projects\Deep Learning\Self Drive\IMG\right_2026_09_12_22_24_30_898.jpg,0,1,0,30.18748
D:\ML Projects\Deep Learning\Self Drive\IMG\center_2026_09_12_22_24_30_966.jpg,D:\ML Projects\Deep Learning\Self Drive\IMG\left_2026_09_12_22_24_30_966.jpg,D:\ML Projects\Deep Learning\Self Drive\IMG\right_2026_09_12_22_24_30_966.jpg,0,1,0,30.18958
D:\ML Projects\Deep Learning\Self Drive\IMG\center_2026_09_12_22_24_31_035.jpg,D:\ML Projects\Deep Learning\Self Drive\IMG\left_2026_09_12_22_24_31_035.jpg,D:\ML Projects\Deep Learning\Self Drive\IMG\right_2026_09_12_22_24_31_035.jpg,0,1,0,30.19005
D:\ML Projects\Deep Learning\Self Drive\IMG\center_2026_09_12_22_24_31_106.jpg,D:\ML Projects\Deep Learning\Self Drive\IMG\left_2026_09_12_22_24_31_106.jpg,D:\ML Projects\Deep Learning\Self Drive\IMG\right_2026_09_12_22_24_31_106.jpg,0,1,0,30.19014
D:\ML Projects\Deep Learning\Self Drive\IMG\center_2026_09_12_22_24_31_187.jpg,D:\ML Projects\Deep Learning\Self Drive\IMG\left_2026_09_12_22_24_31_187.jpg,D:\ML Projects\Deep Learning\Self Drive\IMG\right_2026_09_12_22_24_31_187.jpg,0,1,0,30.19016
D:\ML Projects\Deep Learning\Self Drive\IMG\center_2026_09_12_22_24_31_266.jpg,D:\ML Projects\Deep Learning\Self Drive\IMG\left_2026_09_12_22_24_31_266.jpg,D:\ML Projects\Deep Learning\Self Drive\IMG\right_2026_09_12_22_24_31_266.jpg,0,1,0,30.19016
D:\ML Projects\Deep Learning\Self Drive\IMG\center_2026_09_12_22_24_31_390.jpg,D:\ML Projects\Deep Learning\Self Drive\IMG\left_2026_09_12_22_24_31_390.jpg,D:\ML Projects\Deep Learning\Self Drive\IMG\right_2026_09_12_22_24_31_390.jpg,0,1,0,30.19066
D:\ML Projects\Deep Learning\Self Drive\IMG\center_2026_09_12_22_24_31_503.jpg,D:\ML Projects\Deep Learning\Self Drive\IMG\left_2026_09_12_22_24_31_503.jpg,D:\ML Projects\Deep Learning\Self Drive\IMG\right_2026_09_12_22_24_31_503.jpg,0,1,0,30.19037
D:\ML Projects\Deep Learning\Self Drive\IMG\center_2026_09_12_22_24_31_608.jpg,D:\ML Projects\Deep Learning\Self Drive\IMG\left_2026_09_12_22_24_31_608.jpg,D:\ML Projects\Deep Learning\Self Drive\IMG\right_2026_09_12_22_24_31_608.jpg,0,1,0,30.19086
D:\ML Projects\Deep Learning\Self Drive\IMG\center_2026_09_12_22_24_31_716.jpg,D:\ML Projects\Deep Learning\Self Drive\IMG\left_2026_09_12_22_24_31_716.jpg,D:\ML Projects\Deep Learning\Self Drive\IMG\right_2026_09_12_22_24_31_716.jpg,0,1,0,30.19056
D:\ML Projects\Deep Learning\Self Drive\IMG\center_2026_09_12_22_24_31_785.jpg,D:\ML Projects\Deep Learning\Self Drive\IMG\left_2026_09_12_22_24_31_785.jpg,D:\ML Projects\Deep Learning\Self Drive\IMG\right_2026_09_12_22_24_31_785.jpg,0,1,0,30.19052
D:\ML Projects\Deep Learning\Self Drive\IMG\center_2026_09_12_22_24_31_903.jpg,D:\ML Projects\Deep Learning\Self Drive\IMG\left_2026_09_12_22_24_31_903.jpg,D:\ML Projects\Deep Learning\Self Drive\IMG\right_2026_09_12_22_24_31_903.jpg,-0.3,1,0,30.16896
D:\ML Projects\Deep Learning\Self Drive\IMG\center_2026_09_12_22_24_32_016.jpg,D:\ML Projects\Deep Learning\Self Drive\IMG\left_2026_09_12_22_24_32_016.jpg,D:\ML Projects\Deep Learning\Self Drive\IMG\right_2026_09_12_22_24_32_016.jpg,0,1,0,30.18665
D:\ML Projects\Deep Learning\Self Drive\IMG\center_2026_09_12_22_24_32_144.jpg,D:\ML Projects\Deep Learning\Self Drive\IMG\left_2026_09_12_22_24_32_144.jpg,D:\ML Projects\Deep Learning\Self Drive\IMG\right_2026_09_12_22_24_32_144.jpg,0,1,0,30.18951
D:\ML Projects\Deep Learning\Self Drive\IMG\center_2026_09_12_22_24_32_266.jpg,D:\ML Projects\Deep Learning\Self Drive\IMG\left_2026_09_12_22_24_32_266.jpg,D:\ML Projects\Deep Learning\Self Drive\IMG\right_2026_09_12_22_24_32_266.jpg,0,1,0,30.1906
D:\ML Projects\Deep Learning\Self Drive\IMG\center_2026_09_12_22_24_32_387.jpg,D:\ML Projects\Deep Learning\Self Drive\IMG\left_2026_09_12_22_24_32_387.jpg,D:\ML Projects\Deep Learning\Self Drive\IMG\right_2026_09_12_22_24_32_387.jpg,-0.15,1,0,30.18423
D:\ML Projects\Deep Learning\Self Drive\IMG\center_2026_09_12_22_24_32_520.jpg,D:\ML Projects\Deep Learning\Self Drive\IMG\left_2026_09_12_22_24_32_520.jpg,D:\ML Projects\Deep Learning\Self Drive\IMG\right_2026_09_12_22_24_32_520.jpg,0,1,0,30.19063
D:\ML Projects\Deep Learning\Self Drive\IMG\center_2026_09_12_22_24_32_645.jpg,D:\ML Projects\Deep Learning\Self Drive\IMG\left_2026_09_12_22_24_32_645.jpg,D:\ML Projects\Deep Learning\Self Drive\IMG\right_2026_09_12_22_24_32_645.jpg,0,1,0,30.19059
D:\ML Projects\Deep Learning\Self Drive\IMG\center_2026_09_12_22_24_32_718.jpg,D:\ML Projects\Deep Learning\Self Drive\IMG\left_2026_09_12_22_24_32_718.jpg,D:\ML Projects\Deep Learning\Self Drive\IMG\right_2026_09_12_22_24_32_718.jpg,0,1,0,30.1906
D:\ML Projects\Deep Learning\Self Drive\IMG\center_2026_09_12_22_24_32_805.jpg,D:\ML Projects\Deep Learning\Self Drive\IMG\left_2026_09_12_22_24_32_805.jpg,D:\ML Projects\Deep Learning\Self Drive\IMG\right_2026_09_12_22_24_32_805.jpg,-0.2,1,0,30.17986
D:\ML Projects\Deep Learning\Self Drive\IMG\center_2026_09_12_22_24_32_937.jpg,D:\ML Projects\Deep Learning\Self Drive\IMG\left_2026_09_12_22_24_32_937.jpg,D:\ML Projects\Deep Learning\Self Drive\IMG\right_2026_09_12_22_24_32_937.jpg,0,1,0,30.18953
D:\ML Projects\Deep Learning\Self Drive\IMG\center_2026_09_12_22_24_33_005.jpg,D:\ML Projects\Deep Learning\Self Drive\IMG\left_2026_09_12_22_24_33_005.jpg,D:\ML Projects\Deep Learning\Self Drive\IMG\right_2026_09_12_22_24_33_005.jpg,0,1,0,30.18961
D:\ML Projects\Deep Learning\Self Drive\IMG\center_2026_09_12_22_24_33_075.jpg,D:\ML Projects\Deep Learning\Self Drive\IMG\left_2026_09_12_22_24_33_075.jpg,D:\ML Projects\Deep Learning\Self Drive\IMG\right_2026_09_12_22_24_33_075.jpg,-0.2,1,0,30.18231
D:\ML Projects\Deep Learning\Self Drive\IMG\center_2026_09_12_22_24_33_153.jpg,D:\ML Projects\Deep Learning\Self Drive\IMG\left_2026_09_12_22_24_33_153.jpg,D:\ML Projects\Deep Learning\Self Drive\IMG\right_2026_09_12_22_24_33_153.jpg,0,1,0,30.18974
D:\ML Projects\Deep Learning\Self Drive\IMG\center_2026_09_12_22_24_33_225.jpg,D:\ML Projects\Deep Learning\Self Drive\IMG\left_2026_09_12_22_24_33_225.jpg,D:\ML Projects\Deep Learning\Self Drive\IMG\right_2026_09_12_22_24_33_225.jpg,0,1,0,30.18992
D:\ML Projects\Deep Learning\Self Drive\IMG\center_2026_09_12_22_24_33_312.jpg,D:\ML Projects\Deep Learning\Self Drive\IMG\left_2026_09_12_22_24_33_312.jpg,D:\ML Projects\Deep Learning\Self Drive\IMG\right_2026_09_12_22_24_33_312.jpg,-0.2,1,0,30.1812
D:\ML Projects\Deep Learning\Self Drive\IMG\center_2026_09_12_22_24_33_386.jpg,D:\ML Projects\Deep Learning\Self Drive\IMG\left_2026_09_12_22_24_33_386.jpg,D:\ML Projects\Deep Learning\Self Drive\IMG\right_2026_09_12_22_24_33_386.jpg,0,1,0,30.19023
D:\ML Projects\Deep Learning\Self Drive\IMG\center_2026_09_12_22_24_33_517.jpg,D:\ML Projects\Deep Learning\Self Drive\IMG\left_2026_09_12_22_24_33_517.jpg,D:\ML Projects\Deep Learning\Self Drive\IMG\right_2026_09_12_22_24_33_517.jpg,-0.2,0.5989656,0,30.07665
D:\ML Projects\Deep Learning\Self Drive\IMG\center_2026_09_12_22_24_33_634.jpg,D:\ML Projects\Deep Learning\Self Drive\IMG\left_2026_09_12_22_24_33_634.jpg,D:\ML Projects\Deep Learning\Self Drive\IMG\right_2026_09_12_22_24_33_634.jpg,0,0.2501068,0,29.99062
D:\ML Projects\Deep Learning\Self Drive\IMG\center_2026_09_12_22_24_33_767.jpg,D:\ML Projects\Deep Learning\Self Drive\IMG\left_2026_09_12_22_24_33_767.jpg,D:\ML Projects\Deep Learning\Self Drive\IMG\right_2026_09_12_22_24_33_767.jpg,-0.15,0,0,29.71599
D:\ML Projects\Deep Learning\Self Drive\IMG\center_2026_09_12_22_24_33_848.jpg,D:\ML Projects\Deep Learning\Self Drive\IMG\left_2026_09_12_22_24_33_848.jpg,D:\ML Projects\Deep Learning\Self Drive\IMG\right_2026_09_12_22_24_33_848.jpg,-0.35,0,0,29.41806
D:\ML Projects\Deep Learning\Self Drive\IMG\center_2026_09_12_22_24_33_930.jpg,D:\ML Projects\Deep Learning\Self Drive\IMG\left_2026_09_12_22_24_33_930.jpg,D:\ML Projects\Deep Learning\Self Drive\IMG\right_2026_09_12_22_24_33_930.jpg,0,0,0,29.17281
D:\ML Projects\Deep Learning\Self Drive\IMG\center_2026_09_12_22_24_34_020.jpg,D:\ML Projects\Deep Learning\Self Drive\IMG\left_2026_09_12_22_24_34_020.jpg,D:\ML Projects\Deep Learning\Self Drive\IMG\right_2026_09_12_22_24_34_020.jpg,-0.25,0,0,28.86116
D:\ML Projects\Deep Learning\Self Drive\IMG\center_2026_09_12_22_24_34_104.jpg,D:\ML Projects\Deep Learning\Self Drive\IMG\left_2026_09_12_22_24_34_104.jpg,D:\ML Projects\Deep Learning\Self Drive\IMG\right_2026_09_12_22_24_34_104.jpg,0,0,0,28.62473
D:\ML Projects\Deep Learning\Self Drive\IMG\center_2026_09_12_22_24_34_176.jpg,D:\ML Projects\Deep Learning\Self Drive\IMG\left_2026_09_12_22_24_34_176.jpg,D:\ML Projects\Deep Learning\Self Drive\IMG\right_2026_09_12_22_24_34_176.jpg,0,0,0,28.39359
D:\ML Projects\Deep Learning\Self Drive\IMG\center_2026_09_12_22_24_34_278.jpg,D:\ML Projects\Deep Learning\Self Drive\IMG\left_2026_09_12_22_24_34_278.jpg,D:\ML Projects\Deep Learning\Self Drive\IMG\right_2026_09_12_22_24_34_278.jpg,-0.25,0,0,28.08083
D:\ML Projects\Deep Learning\Self Drive\IMG\center_2026_09_12_22_24_34_373.jpg,D:\ML Projects\Deep Learning\Self Drive\IMG\left_2026_09_12_22_24_34_373.jpg,D:\ML Projects\Deep Learning\Self Drive\IMG\right_2026_09_12_22_24_34_373.jpg,0,0,0,27.79396
D:\ML Projects\Deep Learning\Self Drive\IMG\center_2026_09_12_22_24_34_493.jpg,D:\ML Projects\Deep Learning\Self Drive\IMG\left_2026_09_12_22_24_34_493.jpg,D:\ML Projects\Deep Learning\Self Drive\IMG\right_2026_09_12_22_24_34_493.jpg,-0.3,0,0,27.41579
D:\ML Projects\Deep Learning\Self Drive\IMG\center_2026_09_12_22_24_34_569.jpg,D:\ML Projects\Deep Learning\Self Drive\IMG\left_2026_09_12_22_24_34_569.jpg,D:\ML Projects\Deep Learning\Self Drive\IMG\right_2026_09_12_22_24_34_569.jpg,-0.45,0,0,27.16653
D:\ML Projects\Deep Learning\Self Drive\IMG\center_2026_09_12_22_24_34_681.jpg,D:\ML Projects\Deep Learning\Self Drive\IMG\left_2026_09_12_22_24_34_681.jpg,D:\ML Projects\Deep Learning\Self Drive\IMG\right_2026_09_12_22_24_34_681.jpg,-0.7500002,0,0,26.53085
D:\ML Projects\Deep Learning\Self Drive\IMG\center_2026_09_12_22_24_34_789.jpg,D:\ML Projects\Deep Learning\Self Drive\IMG\left_2026_09_12_22_24_34_789.jpg,D:\ML Projects\Deep Learning\Self Drive\IMG\right_2026_09_12_22_24_34_789.jpg,0,0,0,26.05556
D:\ML Projects\Deep Learning\Self Drive\IMG\center_2026_09_12_22_24_34_898.jpg,D:\ML Projects\Deep Learning\Self Drive\IMG\left_2026_09_12_22_24_34_898.jpg,D:\ML Projects\Deep Learning\Self Drive\IMG\right_2026_09_12_22_24_34_898.jpg,0,0,0,25.6999
D:\ML Projects\Deep Learning\Self Drive\IMG\center_2026_09_12_22_24_34_997.jpg,D:\ML Projects\Deep Learning\Self Drive\IMG\left_2026_09_12_22_24_34_997.jpg,D:\ML Projects\Deep Learning\Self Drive\IMG\right_2026_09_12_22_24_34_997.jpg,-0.25,0,0,25.43036
D:\ML Projects\Deep Learning\Self Drive\IMG\center_2026_09_12_22_24_35_104.jpg,D:\ML Projects\Deep Learning\Self Drive\IMG\left_2026_09_12_22_24_35_104.jpg,D:\ML Projects\Deep Learning\Self Drive\IMG\right_2026_09_12_22_24_35_104.jpg,0,0,0,25.17068
D:\ML Projects\Deep Learning\Self Drive\IMG\center_2026_09_12_22_24_35_221.jpg,D:\ML Projects\Deep Learning\Self Drive\IMG\left_2026_09_12_22_24_35_221.jpg,D:\ML Projects\Deep Learning\Self Drive\IMG\right_2026_09_12_22_24_35_221.jpg,0,0,0,24.86788
D:\ML Projects\Deep Learning\Self Drive\IMG\center_2026_09_12_22_24_35_337.jpg,D:\ML Projects\Deep Learning\Self Drive\IMG\left_2026_09_12_22_24_35_337.jpg,D:\ML Projects\Deep Learning\Self Drive\IMG\right_2026_09_12_22_24_35_337.jpg,-0.15,0,0,24.56111
D:\ML Projects\Deep Learning\Self Drive\IMG\center_2026_09_12_22_24_35_450.jpg,D:\ML Projects\Deep Learning\Self Drive\IMG\left_2026_09_12_22_24_35_450.jpg,D:\ML Projects\Deep Learning\Self Drive\IMG\right_2026_09_12_22_24_35_450.jpg,-0.4,0,0,24.2284
D:\ML Projects\Deep Learning\Self Drive\IMG\center_2026_09_12_22_24_35_582.jpg,D:\ML Projects\Deep Learning\Self Drive\IMG\left_2026_09_12_22_24_35_582.jpg,D:\ML Projects\Deep Learning\Self Drive\IMG\right_2026_09_12_22_24_35_582.jpg,0,0,0,23.74872
D:\ML Projects\Deep Learning\Self Drive\IMG\center_2026_09_12_22_24_35_656.jpg,D:\ML Projects\Deep Learning\Self Drive\IMG\left_2026_09_12_22_24_35_656.jpg,D:\ML Projects\Deep Learning\Self Drive\IMG\right_2026_09_12_22_24_35_656.jpg,0,0,0,23.55118
D:\ML Projects\Deep Learning\Self Drive\IMG\center_2026_09_12_22_24_35_755.jpg,D:\ML Projects\Deep Learning\Self Drive\IMG\left_2026_09_12_22_24_35_755.jpg,D:\ML Projects\Deep Learning\Self Drive\IMG\right_2026_09_12_22_24_35_755.jpg,0,0.2924973,0,23.61401
D:\ML Projects\Deep Learning\Self Drive\IMG\center_2026_09_12_22_24_35_829.jpg,D:\ML Projects\Deep Learning\Self Drive\IMG\left_2026_09_12_22_24_35_829.jpg,D:\ML Projects\Deep Learning\Self Drive\IMG\right_2026_09_12_22_24_35_829.jpg,0,0.520173,0,23.82462
D:\ML Projects\Deep Learning\Self Drive\IMG\center_2026_09_12_22_24_35_945.jpg,D:\ML Projects\Deep Learning\Self Drive\IMG\left_2026_09_12_22_24_35_945.jpg,D:\ML Projects\Deep Learning\Self Drive\IMG\right_2026_09_12_22_24_35_945.jpg,-0.3,0.868953,0,24.5848
D:\ML Projects\Deep Learning\Self Drive\IMG\center_2026_09_12_22_24_36_059.jpg,D:\ML Projects\Deep Learning\Self Drive\IMG\left_2026_09_12_22_24_36_059.jpg,D:\ML Projects\Deep Learning\Self Drive\IMG\right_2026_09_12_22_24_36_059.jpg,0,1,0,25.62482
D:\ML Projects\Deep Learning\Self Drive\IMG\center_2026_09_12_22_24_36_128.jpg,D:\ML Projects\Deep Learning\Self Drive\IMG\left_2026_09_12_22_24_36_128.jpg,D:\ML Projects\Deep Learning\Self Drive\IMG\right_2026_09_12_22_24_36_128.jpg,0,1,0,26.18975
D:\ML Projects\Deep Learning\Self Drive\IMG\center_2026_09_12_22_24_36_251.jpg,D:\ML Projects\Deep Learning\Self Drive\IMG\left_2026_09_12_22_24_36_251.jpg,D:\ML Projects\Deep Learning\Self Drive\IMG\right_2026_09_12_22_24_36_251.jpg,-0.3,1,0,27.28912
D:\ML Projects\Deep Learning\Self Drive\IMG\center_2026_09_12_22_24_36_371.jpg,D:\ML Projects\Deep Learning\Self Drive\IMG\left_2026_09_12_22_24_36_371.jpg,D:\ML Projects\Deep Learning\Self Drive\IMG\right_2026_09_12_22_24_36_371.jpg,0,1,0,28.31337
D:\ML Projects\Deep Learning\Self Drive\IMG\center_2026_09_12_22_24_36_487.jpg,D:\ML Projects\Deep Learning\Self Drive\IMG\left_2026_09_12_22_24_36_487.jpg,D:\ML Projects\Deep Learning\Self Drive\IMG\right_2026_09_12_22_24_36_487.jpg,0,1,0,29.41381
D:\ML Projects\Deep Learning\Self Drive\IMG\center_2026_09_12_22_24_36_603.jpg,D:\ML Projects\Deep Learning\Self Drive\IMG\left_2026_09_12_22_24_36_603.jpg,D:\ML Projects\Deep Learning\Self Drive\IMG\right_2026_09_12_22_24_36_603.jpg,-0.15,1,0,30.18571
D:\ML Projects\Deep Learning\Self Drive\IMG\center_2026_09_12_22_24_36_709.jpg,D:\ML Projects\Deep Learning\Self Drive\IMG\left_2026_09_12_22_24_36_709.jpg,D:\ML Projects\Deep Learning\Self Drive\IMG\right_2026_09_12_22_24_36_709.jpg,0,1,0,30.19021
D:\ML Projects\Deep Learning\Self Drive\IMG\center_2026_09_12_22_24_36_825.jpg,D:\ML Projects\Deep Learning\Self Drive\IMG\left_2026_09_12_22_24_36_825.jpg,D:\ML Projects\Deep Learning\Self Drive\IMG\right_2026_09_12_22_24_36_825.jpg,0,1,0,30.19056
D:\ML Projects\Deep Learning\Self Drive\IMG\center_2026_09_12_22_24_36_937.jpg,D:\ML Projects\Deep Learning\Self Drive\IMG\left_2026_09_12_22_24_36_937.jpg,D:\ML Projects\Deep Learning\Self Drive\IMG\right_2026_09_12_22_24_36_937.jpg,-0.15,1,0,30.18445
D:\ML Projects\Deep Learning\Self Drive\IMG\center_2026_09_12_22_24_37_051.jpg,D:\ML Projects\Deep Learning\Self Drive\IMG\left_2026_09_12_22_24_37_051.jpg,D:\ML Projects\Deep Learning\Self Drive\IMG\right_2026_09_12_22_24_37_051.jpg,-0.4,1,0,30.15782
D:\ML Projects\Deep Learning\Self Drive\IMG\center_2026_09_12_22_24_37_119.jpg,D:\ML Projects\Deep Learning\Self Drive\IMG\left_2026_09_12_22_24_37_119.jpg,D:\ML Projects\Deep Learning\Self Drive\IMG\right_2026_09_12_22_24_37_119.jpg,0,1,0,30.18905
D:\ML Projects\Deep Learning\Self Drive\IMG\center_2026_09_12_22_24_37_236.jpg,D:\ML Projects\Deep Learning\Self Drive\IMG\left_2026_09_12_22_24_37_236.jpg,D:\ML Projects\Deep Learning\Self Drive\IMG\right_2026_09_12_22_24_37_236.jpg,0,1,0,30.19016
D:\ML Projects\Deep Learning\Self Drive\IMG\center_2026_09_12_22_24_37_354.jpg,D:\ML Projects\Deep Learning\Self Drive\IMG\left_2026_09_12_22_24_37_354.jpg,D:\ML Projects\Deep Learning\Self Drive\IMG\right_2026_09_12_22_24_37_354.jpg,0,1,0,30.19028
D:\ML Projects\Deep Learning\Self Drive\IMG\center_2026_09_12_22_24_37_473.jpg,D:\ML Projects\Deep Learning\Self Drive\IMG\left_2026_09_12_22_24_37_473.jpg,D:\ML Projects\Deep Learning\Self Drive\IMG\right_2026_09_12_22_24_37_473.jpg,-0.3,1,0,30.16943
D:\ML Projects\Deep Learning\Self Drive\IMG\center_2026_09_12_22_24_37_551.jpg,D:\ML Projects\Deep Learning\Self Drive\IMG\left_2026_09_12_22_24_37_551.jpg,D:\ML Projects\Deep Learning\Self Drive\IMG\right_2026_09_12_22_24_37_551.jpg,0,1,0,30.18898
D:\ML Projects\Deep Learning\Self Drive\IMG\center_2026_09_12_22_24_37_681.jpg,D:\ML Projects\Deep Learning\Self Drive\IMG\left_2026_09_12_22_24_37_681.jpg,D:\ML Projects\Deep Learning\Self Drive\IMG\right_2026_09_12_22_24_37_681.jpg,0,1,0,30.19034
D:\ML Projects\Deep Learning\Self Drive\IMG\center_2026_09_12_22_24_37_809.jpg,D:\ML Projects\Deep Learning\Self Drive\IMG\left_2026_09_12_22_24_37_809.jpg,D:\ML Projects\Deep Learning\Self Drive\IMG\right_2026_09_12_22_24_37_809.jpg,-0.3,1,0,30.17058
D:\ML Projects\Deep Learning\Self Drive\IMG\center_2026_09_12_22_24_37_925.jpg,D:\ML Projects\Deep Learning\Self Drive\IMG\left_2026_09_12_22_24_37_925.jpg,D:\ML Projects\Deep Learning\Self Drive\IMG\right_2026_09_12_22_24_37_925.jpg,0,1,0,30.19005
D:\ML Projects\Deep Learning\Self Drive\IMG\center_2026_09_12_22_24_37_991.jpg,D:\ML Projects\Deep Learning\Self Drive\IMG\left_2026_09_12_22_24_37_991.jpg,D:\ML Projects\Deep Learning\Self Drive\IMG\right_2026_09_12_22_24_37_991.jpg,0,1,0,30.19025
D:\ML Projects\Deep Learning\Self Drive\IMG\center_2026_09_12_22_24_38_107.jpg,D:\ML Projects\Deep Learning\Self Drive\IMG\left_2026_09_12_22_24_38_107.jpg,D:\ML Projects\Deep Learning\Self Drive\IMG\right_2026_09_12_22_24_38_107.jpg,0,1,0,30.1903
D:\ML Projects\Deep Learning\Self Drive\IMG\center_2026_09_12_22_24_38_216.jpg,D:\ML Projects\Deep Learning\Self Drive\IMG\left_2026_09_12_22_24_38_216.jpg,D:\ML Projects\Deep Learning\Self Drive\IMG\right_2026_09_12_22_24_38_216.jpg,-0.3,1,0,30.16975
D:\ML Projects\Deep Learning\Self Drive\IMG\center_2026_09_12_22_24_38_342.jpg,D:\ML Projects\Deep Learning\Self Drive\IMG\left_2026_09_12_22_24_38_342.jpg,D:\ML Projects\Deep Learning\Self Drive\IMG\right_2026_09_12_22_24_38_342.jpg,0,1,0,30.18661
D:\ML Projects\Deep Learning\Self Drive\IMG\center_2026_09_12_22_24_38_473.jpg,D:\ML Projects\Deep Learning\Self Drive\IMG\left_2026_09_12_22_24_38_473.jpg,D:\ML Projects\Deep Learning\Self Drive\IMG\right_2026_09_12_22_24_38_473.jpg,0,1,0,30.19003
D:\ML Projects\Deep Learning\Self Drive\IMG\center_2026_09_12_22_24_38_542.jpg,D:\ML Projects\Deep Learning\Self Drive\IMG\left_2026_09_12_22_24_38_542.jpg,D:\ML Projects\Deep Learning\Self Drive\IMG\right_2026_09_12_22_24_38_542.jpg,0,1,0,30.19027
D:\ML Projects\Deep Learning\Self Drive\IMG\center_2026_09_12_22_24_38_611.jpg,D:\ML Projects\Deep Learning\Self Drive\IMG\left_2026_09_12_22_24_38_611.jpg,D:\ML Projects\Deep Learning\Self Drive\IMG\right_2026_09_12_22_24_38_611.jpg,-0.15,1,0,30.18545
D:\ML Projects\Deep Learning\Self Drive\IMG\center_2026_09_12_22_24_38_732.jpg,D:\ML Projects\Deep Learning\Self Drive\IMG\left_2026_09_12_22_24_38_732.jpg,D:\ML Projects\Deep Learning\Self Drive\IMG\right_2026_09_12_22_24_38_732.jpg,0,1,0,30.18897
D:\ML Projects\Deep Learning\Self Drive\IMG\center_2026_09_12_22_24_38_858.jpg,D:\ML Projects\Deep Learning\Self Drive\IMG\left_2026_09_12_22_24_38_858.jpg,D:\ML Projects\Deep Learning\Self Drive\IMG\right_2026_09_12_22_24_38_858.jpg,0,1,0,30.19024
D:\ML Projects\Deep Learning\Self Drive\IMG\center_2026_09_12_22_24_38_983.jpg,D:\ML Projects\Deep Learning\Self Drive\IMG\left_2026_09_12_22_24_38_983.jpg,D:\ML Projects\Deep Learning\Self Drive\IMG\right_2026_09_12_22_24_38_983.jpg,0,1,0,30.19027
D:\ML Projects\Deep Learning\Self Drive\IMG\center_2026_09_12_22_24_39_109.jpg,D:\ML Projects\Deep Learning\Self Drive\IMG\left_2026_09_12_22_24_39_109.jpg,D:\ML Projects\Deep Learning\Self Drive\IMG\right_2026_09_12_22_24_39_109.jpg,0,1,0,30.19013
D:\ML Projects\Deep Learning\Self Drive\IMG\center_2026_09_12_22_24_39_240.jpg,D:\ML Projects\Deep Learning\Self Drive\IMG\left_2026_09_12_22_24_39_240.jpg,D:\ML Projects\Deep Learning\Self Drive\IMG\right_2026_09_12_22_24_39_240.jpg,-0.2,1,0,30.17987
D:\ML Projects\Deep Learning\Self Drive\IMG\center_2026_09_12_22_24_39_362.jpg,D:\ML Projects\Deep Learning\Self Drive\IMG\left_2026_09_12_22_24_39_362.jpg,D:\ML Projects\Deep Learning\Self Drive\IMG\right_2026_09_12_22_24_39_362.jpg,0,1,0,30.18826
D:\ML Projects\Deep Learning\Self Drive\IMG\center_2026_09_12_22_24_39_486.jpg,D:\ML Projects\Deep Learning\Self Drive\IMG\left_2026_09_12_22_24_39_486.jpg,D:\ML Projects\Deep Learning\Self Drive\IMG\right_2026_09_12_22_24_39_486.jpg,0,1,0,30.19016
D:\ML Projects\Deep Learning\Self Drive\IMG\center_2026_09_12_22_24_39_626.jpg,D:\ML Projects\Deep Learning\Self Drive\IMG\left_2026_09_12_22_24_39_626.jpg,D:\ML Projects\Deep Learning\Self Drive\IMG\right_2026_09_12_22_24_39_626.jpg,0,1,0,30.19051
D:\ML Projects\Deep Learning\Self Drive\IMG\center_2026_09_12_22_24_39_751.jpg,D:\ML Projects\Deep Learning\Self Drive\IMG\left_2026_09_12_22_24_39_751.jpg,D:\ML Projects\Deep Learning\Self Drive\IMG\right_2026_09_12_22_24_39_751.jpg,0,1,0,30.19028
D:\ML Projects\Deep Learning\Self Drive\IMG\center_2026_09_12_22_24_39_867.jpg,D:\ML Projects\Deep Learning\Self Drive\IMG\left_2026_09_12_22_24_39_867.jpg,D:\ML Projects\Deep Learning\Self Drive\IMG\right_2026_09_12_22_24_39_867.jpg,0,1,0,30.18998
D:\ML Projects\Deep Learning\Self Drive\IMG\center_2026_09_12_22_24_39_990.jpg,D:\ML Projects\Deep Learning\Self Drive\IMG\left_2026_09_12_22_24_39_990.jpg,D:\ML Projects\Deep Learning\Self Drive\IMG\right_2026_09_12_22_24_39_990.jpg,0,1,0,30.18995
D:\ML Projects\Deep Learning\Self Drive\IMG\center_2026_09_12_22_24_40_133.jpg,D:\ML Projects\Deep Learning\Self Drive\IMG\left_2026_09_12_22_24_40_133.jpg,D:\ML Projects\Deep Learning\Self Drive\IMG\right_2026_09_12_22_24_40_133.jpg,0,1,0,30.19031
D:\ML Projects\Deep Learning\Self Drive\IMG\center_2026_09_12_22_24_40_208.jpg,D:\ML Projects\Deep Learning\Self Drive\IMG\left_2026_09_12_22_24_40_208.jpg,D:\ML Projects\Deep Learning\Self Drive\IMG\right_2026_09_12_22_24_40_208.jpg,0,1,0,30.19029
D:\ML Projects\Deep Learning\Self Drive\IMG\center_2026_09_12_22_24_40_279.jpg,D:\ML Projects\Deep Learning\Self Drive\IMG\left_2026_09_12_22_24_40_279.jpg,D:\ML Projects\Deep Learning\Self Drive\IMG\right_2026_09_12_22_24_40_279.jpg,0,1,0,30.19029
D:\ML Projects\Deep Learning\Self Drive\IMG\center_2026_09_12_22_24_40_351.jpg,D:\ML Projects\Deep Learning\Self Drive\IMG\left_2026_09_12_22_24_40_351.jpg,D:\ML Projects\Deep Learning\Self Drive\IMG\right_2026_09_12_22_24_40_351.jpg,0,1,0,30.1903
D:\ML Projects\Deep Learning\Self Drive\IMG\center_2026_09_12_22_24_40_424.jpg,D:\ML Projects\Deep Learning\Self Drive\IMG\left_2026_09_12_22_24_40_424.jpg,D:\ML Projects\Deep Learning\Self Drive\IMG\right_2026_09_12_22_24_40_424.jpg,0,1,0,30.19016
D:\ML Projects\Deep Learning\Self Drive\IMG\center_2026_09_12_22_24_40_511.jpg,D:\ML Projects\Deep Learning\Self Drive\IMG\left_2026_09_12_22_24_40_511.jpg,D:\ML Projects\Deep Learning\Self Drive\IMG\right_2026_09_12_22_24_40_511.jpg,-0.2,1,0,30.17986
D:\ML Projects\Deep Learning\Self Drive\IMG\center_2026_09_12_22_24_40_596.jpg,D:\ML Projects\Deep Learning\Self Drive\IMG\left_2026_09_12_22_24_40_596.jpg,D:\ML Projects\Deep Learning\Self Drive\IMG\right_2026_09_12_22_24_40_596.jpg,0,1,0,30.19017
D:\ML Projects\Deep Learning\Self Drive\IMG\center_2026_09_12_22_24_40_668.jpg,D:\ML Projects\Deep Learning\Self Drive\IMG\left_2026_09_12_22_24_40_668.jpg,D:\ML Projects\Deep Learning\Self Drive\IMG\right_2026_09_12_22_24_40_668.jpg,0,1,0,30.1903
D:\ML Projects\Deep Learning\Self Drive\IMG\center_2026_09_12_22_24_40_796.jpg,D:\ML Projects\Deep Learning\Self Drive\IMG\left_2026_09_12_22_24_40_796.jpg,D:\ML Projects\Deep Learning\Self Drive\IMG\right_2026_09_12_22_24_40_796.jpg,0,1,0,30.1903
D:\ML Projects\Deep Learning\Self Drive\IMG\center_2026_09_12_22_24_40_912.jpg,D:\ML Projects\Deep Learning\Self Drive\IMG\left_2026_09_12_22_24_40_912.jpg,D:\ML Projects\Deep Learning\Self Drive\IMG\right_2026_09_12_22_24_40_912.jpg,0,1,0,30.19029
D:\ML Projects\Deep Learning\Self Drive\IMG\center_2026_09_12_22_24_41_017.jpg,D:\ML Projects\Deep Learning\Self Drive\IMG\left_2026_09_12_22_24_41_017.jpg,D:\ML Projects\Deep Learning\Self Drive\IMG\right_2026_09_12_22_24_41_017.jpg,0,1,0,30.19034
D:\ML Projects\Deep Learning\Self Drive\IMG\center_2026_09_12_22_24_41_086.jpg,D:\ML Projects\Deep Learning\Self Drive\IMG\left_2026_09_12_22_24_41_086.jpg,D:\ML Projects\Deep Learning\Self Drive\IMG\right_2026_09_12_22_24_41_086.jpg,-0.15,1,0,30.18425
D:\ML Projects\Deep Learning\Self Drive\IMG\center_2026_09_12_22_24_41_217.jpg,D:\ML Projects\Deep Learning\Self Drive\IMG\left_2026_09_12_22_24_41_217.jpg,D:\ML Projects\Deep Learning\Self Drive\IMG\right_2026_09_12_22_24_41_217.jpg,0,1,0,30.18986
D:\ML Projects\Deep Learning\Self Drive\IMG\center_2026_09_12_22_24_41_290.jpg,D:\ML Projects\Deep Learning\Self Drive\IMG\left_2026_09_12_22_24_41_290.jpg,D:\ML Projects\Deep Learning\Self Drive\IMG\right_2026_09_12_22_24_41_290.jpg,0,1,0,30.19009
D:\ML Projects\Deep Learning\Self Drive\IMG\center_2026_09_12_22_24_41_368.jpg,D:\ML Projects\Deep Learning\Self Drive\IMG\left_2026_09_12_22_24_41_368.jpg,D:\ML Projects\Deep Learning\Self Drive\IMG\right_2026_09_12_22_24_41_368.jpg,0,1,0,30.19025
D:\ML Projects\Deep Learning\Self Drive\IMG\center_2026_09_12_22_24_41_470.jpg,D:\ML Projects\Deep Learning\Self Drive\IMG\left_2026_09_12_22_24_41_470.jpg,D:\ML Projects\Deep Learning\Self Drive\IMG\right_2026_09_12_22_24_41_470.jpg,0,1,0,30.19028
D:\ML Projects\Deep Learning\Self Drive\IMG\center_2026_09_12_22_24_41_599.jpg,D:\ML Projects\Deep Learning\Self Drive\IMG\left_2026_09_12_22_24_41_599.jpg,D:\ML Projects\Deep Learning\Self Drive\IMG\right_2026_09_12_22_24_41_599.jpg,0,1,0,30.19053
D:\ML Projects\Deep Learning\Self Drive\IMG\center_2026_09_12_22_24_41_706.jpg,D:\ML Projects\Deep Learning\Self Drive\IMG\left_2026_09_12_22_24_41_706.jpg,D:\ML Projects\Deep Learning\Self Drive\IMG\right_2026_09_12_22_24_41_706.jpg,-0.25,1,0,30.17493
D:\ML Projects\Deep Learning\Self Drive\IMG\center_2026_09_12_22_24_41_786.jpg,D:\ML Projects\Deep Learning\Self Drive\IMG\left_2026_09_12_22_24_41_786.jpg,D:\ML Projects\Deep Learning\Self Drive\IMG\right_2026_09_12_22_24_41_786.jpg,0,1,0,30.18991
D:\ML Projects\Deep Learning\Self Drive\IMG\center_2026_09_12_22_24_41_895.jpg,D:\ML Projects\Deep Learning\Self Drive\IMG\left_2026_09_12_22_24_41_895.jpg,D:\ML Projects\Deep Learning\Self Drive\IMG\right_2026_09_12_22_24_41_895.jpg,0,1,0,30.19008
D:\ML Projects\Deep Learning\Self Drive\IMG\center_2026_09_12_22_24_42_028.jpg,D:\ML Projects\Deep Learning\Self Drive\IMG\left_2026_09_12_22_24_42_028.jpg,D:\ML Projects\Deep Learning\Self Drive\IMG\right_2026_09_12_22_24_42_028.jpg,0,1,0,30.19019
D:\ML Projects\Deep Learning\Self Drive\IMG\center_2026_09_12_22_24_42_149.jpg,D:\ML Projects\Deep Learning\Self Drive\IMG\left_2026_09_12_22_24_42_149.jpg,D:\ML Projects\Deep Learning\Self Drive\IMG\right_2026_09_12_22_24_42_149.jpg,-0.15,1,0,30.18439
D:\ML Projects\Deep Learning\Self Drive\IMG\center_2026_09_12_22_24_42_274.jpg,D:\ML Projects\Deep Learning\Self Drive\IMG\left_2026_09_12_22_24_42_274.jpg,D:\ML Projects\Deep Learning\Self Drive\IMG\right_2026_09_12_22_24_42_274.jpg,0,1,0,30.18932
D:\ML Projects\Deep Learning\Self Drive\IMG\center_2026_09_12_22_24_42_397.jpg,D:\ML Projects\Deep Learning\Self Drive\IMG\left_2026_09_12_22_24_42_397.jpg,D:\ML Projects\Deep Learning\Self Drive\IMG\right_2026_09_12_22_24_42_397.jpg,-0.15,1,0,30.18614
D:\ML Projects\Deep Learning\Self Drive\IMG\center_2026_09_12_22_24_42_520.jpg,D:\ML Projects\Deep Learning\Self Drive\IMG\left_2026_09_12_22_24_42_520.jpg,D:\ML Projects\Deep Learning\Self Drive\IMG\right_2026_09_12_22_24_42_520.jpg,0,1,0,30.1888
D:\ML Projects\Deep Learning\Self Drive\IMG\center_2026_09_12_22_24_42_594.jpg,D:\ML Projects\Deep Learning\Self Drive\IMG\left_2026_09_12_22_24_42_594.jpg,D:\ML Projects\Deep Learning\Self Drive\IMG\right_2026_09_12_22_24_42_594.jpg,0,1,0,30.19014
D:\ML Projects\Deep Learning\Self Drive\IMG\center_2026_09_12_22_24_42_711.jpg,D:\ML Projects\Deep Learning\Self Drive\IMG\left_2026_09_12_22_24_42_711.jpg,D:\ML Projects\Deep Learning\Self Drive\IMG\right_2026_09_12_22_24_42_711.jpg,0,1,0,30.19035
D:\ML Projects\Deep Learning\Self Drive\IMG\center_2026_09_12_22_24_42_828.jpg,D:\ML Projects\Deep Learning\Self Drive\IMG\left_2026_09_12_22_24_42_828.jpg,D:\ML Projects\Deep Learning\Self Drive\IMG\right_2026_09_12_22_24_42_828.jpg,-0.15,1,0,30.18514
D:\ML Projects\Deep Learning\Self Drive\IMG\center_2026_09_12_22_24_42_945.jpg,D:\ML Projects\Deep Learning\Self Drive\IMG\left_2026_09_12_22_24_42_945.jpg,D:\ML Projects\Deep Learning\Self Drive\IMG\right_2026_09_12_22_24_42_945.jpg,-0.45,1,0,30.15258
D:\ML Projects\Deep Learning\Self Drive\IMG\center_2026_09_12_22_24_43_069.jpg,D:\ML Projects\Deep Learning\Self Drive\IMG\left_2026_09_12_22_24_43_069.jpg,D:\ML Projects\Deep Learning\Self Drive\IMG\right_2026_09_12_22_24_43_069.jpg,0,1,0,30.18961
D:\ML Projects\Deep Learning\Self Drive\IMG\center_2026_09_12_22_24_43_176.jpg,D:\ML Projects\Deep Learning\Self Drive\IMG\left_2026_09_12_22_24_43_176.jpg,D:\ML Projects\Deep Learning\Self Drive\IMG\right_2026_09_12_22_24_43_176.jpg,0,1,0,30.19004
D:\ML Projects\Deep Learning\Self Drive\IMG\center_2026_09_12_22_24_43_274.jpg,D:\ML Projects\Deep Learning\Self Drive\IMG\left_2026_09_12_22_24_43_274.jpg,D:\ML Projects\Deep Learning\Self Drive\IMG\right_2026_09_12_22_24_43_274.jpg,0,1,0,30.19073
D:\ML Projects\Deep Learning\Self Drive\IMG\center_2026_09_12_22_24_43_354.jpg,D:\ML Projects\Deep Learning\Self Drive\IMG\left_2026_09_12_22_24_43_354.jpg,D:\ML Projects\Deep Learning\Self Drive\IMG\right_2026_09_12_22_24_43_354.jpg,0,1,0,30.19004
D:\ML Projects\Deep Learning\Self Drive\IMG\center_2026_09_12_22_24_43_436.jpg,D:\ML Projects\Deep Learning\Self Drive\IMG\left_2026_09_12_22_24_43_436.jpg,D:\ML Projects\Deep Learning\Self Drive\IMG\right_2026_09_12_22_24_43_436.jpg,0,1,0,30.19028
D:\ML Projects\Deep Learning\Self Drive\IMG\center_2026_09_12_22_24_43_536.jpg,D:\ML Projects\Deep Learning\Self Drive\IMG\left_2026_09_12_22_24_43_536.jpg,D:\ML Projects\Deep Learning\Self Drive\IMG\right_2026_09_12_22_24_43_536.jpg,0,1,0,30.1903
D:\ML Projects\Deep Learning\Self Drive\IMG\center_2026_09_12_22_24_43_637.jpg,D:\ML Projects\Deep Learning\Self Drive\IMG\left_2026_09_12_22_24_43_637.jpg,D:\ML Projects\Deep Learning\Self Drive\IMG\right_2026_09_12_22_24_43_637.jpg,0,1,0,30.19032
D:\ML Projects\Deep Learning\Self Drive\IMG\center_2026_09_12_22_24_43_715.jpg,D:\ML Projects\Deep Learning\Self Drive\IMG\left_2026_09_12_22_24_43_715.jpg,D:\ML Projects\Deep Learning\Self Drive\IMG\right_2026_09_12_22_24_43_715.jpg,0,1,0,30.1903
D:\ML Projects\Deep Learning\Self Drive\IMG\center_2026_09_12_22_24_43_791.jpg,D:\ML Projects\Deep Learning\Self Drive\IMG\left_2026_09_12_22_24_43_791.jpg,D:\ML Projects\Deep Learning\Self Drive\IMG\right_2026_09_12_22_24_43_791.jpg,0,1,0,30.19024
D:\ML Projects\Deep Learning\Self Drive\IMG\center_2026_09_12_22_24_43_912.jpg,D:\ML Projects\Deep Learning\Self Drive\IMG\left_2026_09_12_22_24_43_912.jpg,D:\ML Projects\Deep Learning\Self Drive\IMG\right_2026_09_12_22_24_43_912.jpg,0,1,0,30.19031
D:\ML Projects\Deep Learning\Self Drive\IMG\center_2026_09_12_22_24_44_024.jpg,D:\ML Projects\Deep Learning\Self Drive\IMG\left_2026_09_12_22_24_44_024.jpg,D:\ML Projects\Deep Learning\Self Drive\IMG\right_2026_09_12_22_24_44_024.jpg,0,1,0,30.19033
D:\ML Projects\Deep Learning\Self Drive\IMG\center_2026_09_12_22_24_44_100.jpg,D:\ML Projects\Deep Learning\Self Drive\IMG\left_2026_09_12_22_24_44_100.jpg,D:\ML Projects\Deep Learning\Self Drive\IMG\right_2026_09_12_22_24_44_100.jpg,0,1,0,30.19032
D:\ML Projects\Deep Learning\Self Drive\IMG\center_2026_09_12_22_24_44_175.jpg,D:\ML Projects\Deep Learning\Self Drive\IMG\left_2026_09_12_22_24_44_175.jpg,D:\ML Projects\Deep Learning\Self Drive\IMG\right_2026_09_12_22_24_44_175.jpg,0,1,0,30.19028
D:\ML Projects\Deep Learning\Self Drive\IMG\center_2026_09_12_22_24_44_274.jpg,D:\ML Projects\Deep Learning\Self Drive\IMG\left_2026_09_12_22_24_44_274.jpg,D:\ML Projects\Deep Learning\Self Drive\IMG\right_2026_09_12_22_24_44_274.jpg,0,1,0,30.19033
D:\ML Projects\Deep Learning\Self Drive\IMG\center_2026_09_12_22_24_44_368.jpg,D:\ML Projects\Deep Learning\Self Drive\IMG\left_2026_09_12_22_24_44_368.jpg,D:\ML Projects\Deep Learning\Self Drive\IMG\right_2026_09_12_22_24_44_368.jpg,0,1,0,30.19029
D:\ML Projects\Deep Learning\Self Drive\IMG\center_2026_09_12_22_24_44_464.jpg,D:\ML Projects\Deep Learning\Self Drive\IMG\left_2026_09_12_22_24_44_464.jpg,D:\ML Projects\Deep Learning\Self Drive\IMG\right_2026_09_12_22_24_44_464.jpg,0,1,0,30.19028
D:\ML Projects\Deep Learning\Self Drive\IMG\center_2026_09_12_22_24_44_574.jpg,D:\ML Projects\Deep Learning\Self Drive\IMG\left_2026_09_12_22_24_44_574.jpg,D:\ML Projects\Deep Learning\Self Drive\IMG\right_2026_09_12_22_24_44_574.jpg,0,1,0,30.19029
D:\ML Projects\Deep Learning\Self Drive\IMG\center_2026_09_12_22_24_44_685.jpg,D:\ML Projects\Deep Learning\Self Drive\IMG\left_2026_09_12_22_24_44_685.jpg,D:\ML Projects\Deep Learning\Self Drive\IMG\right_2026_09_12_22_24_44_685.jpg,0,1,0,30.19016
D:\ML Projects\Deep Learning\Self Drive\IMG\center_2026_09_12_22_24_44_778.jpg,D:\ML Projects\Deep Learning\Self Drive\IMG\left_2026_09_12_22_24_44_778.jpg,D:\ML Projects\Deep Learning\Self Drive\IMG\right_2026_09_12_22_24_44_778.jpg,0,1,0,30.19031
D:\ML Projects\Deep Learning\Self Drive\IMG\center_2026_09_12_22_24_44_889.jpg,D:\ML Projects\Deep Learning\Self Drive\IMG\left_2026_09_12_22_24_44_889.jpg,D:\ML Projects\Deep Learning\Self Drive\IMG\right_2026_09_12_22_24_44_889.jpg,0,1,0,30.19034
D:\ML Projects\Deep Learning\Self Drive\IMG\center_2026_09_12_22_24_44_956.jpg,D:\ML Projects\Deep Learning\Self Drive\IMG\left_2026_09_12_22_24_44_956.jpg,D:\ML Projects\Deep Learning\Self Drive\IMG\right_2026_09_12_22_24_44_956.jpg,0,1,0,30.19029
D:\ML Projects\Deep Learning\Self Drive\IMG\center_2026_09_12_22_24_45_066.jpg,D:\ML Projects\Deep Learning\Self Drive\IMG\left_2026_09_12_22_24_45_066.jpg,D:\ML Projects\Deep Learning\Self Drive\IMG\right_2026_09_12_22_24_45_066.jpg,0,1,0,30.19031
D:\ML Projects\Deep Learning\Self Drive\IMG\center_2026_09_12_22_24_45_176.jpg,D:\ML Projects\Deep Learning\Self Drive\IMG\left_2026_09_12_22_24_45_176.jpg,D:\ML Projects\Deep Learning\Self Drive\IMG\right_2026_09_12_22_24_45_176.jpg,0,1,0,30.19029
D:\ML Projects\Deep Learning\Self Drive\IMG\center_2026_09_12_22_24_45_291.jpg,D:\ML Projects\Deep Learning\Self Drive\IMG\left_2026_09_12_22_24_45_291.jpg,D:\ML Projects\Deep Learning\Self Drive\IMG\right_2026_09_12_22_24_45_291.jpg,0,1,0,30.19029
D:\ML Projects\Deep Learning\Self Drive\IMG\center_2026_09_12_22_24_45_402.jpg,D:\ML Projects\Deep Learning\Self Drive\IMG\left_2026_09_12_22_24_45_402.jpg,D:\ML Projects\Deep Learning\Self Drive\IMG\right_2026_09_12_22_24_45_402.jpg,0,1,0,30.22815
D:\ML Projects\Deep Learning\Self Drive\IMG\center_2026_09_12_22_24_45_518.jpg,D:\ML Projects\Deep Learning\Self Drive\IMG\left_2026_09_12_22_24_45_518.jpg,D:\ML Projects\Deep Learning\Self Drive\IMG\right_2026_09_12_22_24_45_518.jpg,0,1,0,30.19622
D:\ML Projects\Deep Learning\Self Drive\IMG\center_2026_09_12_22_24_45_654.jpg,D:\ML Projects\Deep Learning\Self Drive\IMG\left_2026_09_12_22_24_45_654.jpg,D:\ML Projects\Deep Learning\Self Drive\IMG\right_2026_09_12_22_24_45_654.jpg,0,1,0,30.1909
D:\ML Projects\Deep Learning\Self Drive\IMG\center_2026_09_12_22_24_45_776.jpg,D:\ML Projects\Deep Learning\Self Drive\IMG\left_2026_09_12_22_24_45_776.jpg,D:\ML Projects\Deep Learning\Self Drive\IMG\right_2026_09_12_22_24_45_776.jpg,0,1,0,30.18911
D:\ML Projects\Deep Learning\Self Drive\IMG\center_2026_09_12_22_24_45_898.jpg,D:\ML Projects\Deep Learning\Self Drive\IMG\left_2026_09_12_22_24_45_898.jpg,D:\ML Projects\Deep Learning\Self Drive\IMG\right_2026_09_12_22_24_45_898.jpg,0,1,0,30.18968
D:\ML Projects\Deep Learning\Self Drive\IMG\center_2026_09_12_22_24_46_022.jpg,D:\ML Projects\Deep Learning\Self Drive\IMG\left_2026_09_12_22_24_46_022.jpg,D:\ML Projects\Deep Learning\Self Drive\IMG\right_2026_09_12_22_24_46_022.jpg,0,1,0,30.18985
D:\ML Projects\Deep Learning\Self Drive\IMG\center_2026_09_12_22_24_46_165.jpg,D:\ML Projects\Deep Learning\Self Drive\IMG\left_2026_09_12_22_24_46_165.jpg,D:\ML Projects\Deep Learning\Self Drive\IMG\right_2026_09_12_22_24_46_165.jpg,0,1,0,30.18986
D:\ML Projects\Deep Learning\Self Drive\IMG\center_2026_09_12_22_24_46_290.jpg,D:\ML Projects\Deep Learning\Self Drive\IMG\left_2026_09_12_22_24_46_290.jpg,D:\ML Projects\Deep Learning\Self Drive\IMG\right_2026_09_12_22_24_46_290.jpg,0,1,0,30.18987
D:\ML Projects\Deep Learning\Self Drive\IMG\center_2026_09_12_22_24_46_415.jpg,D:\ML Projects\Deep Learning\Self Drive\IMG\left_2026_09_12_22_24_46_415.jpg,D:\ML Projects\Deep Learning\Self Drive\IMG\right_2026_09_12_22_24_46_415.jpg,0,1,0,30.18985
D:\ML Projects\Deep Learning\Self Drive\IMG\center_2026_09_12_22_24_46_536.jpg,D:\ML Projects\Deep Learning\Self Drive\IMG\left_2026_09_12_22_24_46_536.jpg,D:\ML Projects\Deep Learning\Self Drive\IMG\right_2026_09_12_22_24_46_536.jpg,0,1,0,30.18989
D:\ML Projects\Deep Learning\Self Drive\IMG\center_2026_09_12_22_24_46_607.jpg,D:\ML Projects\Deep Learning\Self Drive\IMG\left_2026_09_12_22_24_46_607.jpg,D:\ML Projects\Deep Learning\Self Drive\IMG\right_2026_09_12_22_24_46_607.jpg,0,1,0,30.18986
D:\ML Projects\Deep Learning\Self Drive\IMG\center_2026_09_12_22_24_46_723.jpg,D:\ML Projects\Deep Learning\Self Drive\IMG\left_2026_09_12_22_24_46_723.jpg,D:\ML Projects\Deep Learning\Self Drive\IMG\right_2026_09_12_22_24_46_723.jpg,0,1,0,30.18986
D:\ML Projects\Deep Learning\Self Drive\IMG\center_2026_09_12_22_24_46_835.jpg,D:\ML Projects\Deep Learning\Self Drive\IMG\left_2026_09_12_22_24_46_835.jpg,D:\ML Projects\Deep Learning\Self Drive\IMG\right_2026_09_12_22_24_46_835.jpg,0,1,0,30.18987
D:\ML Projects\Deep Learning\Self Drive\IMG\center_2026_09_12_22_24_46_943.jpg,D:\ML Projects\Deep Learning\Self Drive\IMG\left_2026_09_12_22_24_46_943.jpg,D:\ML Projects\Deep Learning\Self Drive\IMG\right_2026_09_12_22_24_46_943.jpg,-0.15,1,0,30.18391
D:\ML Projects\Deep Learning\Self Drive\IMG\center_2026_09_12_22_24_47_055.jpg,D:\ML Projects\Deep Learning\Self Drive\IMG\left_2026_09_12_22_24_47_055.jpg,D:\ML Projects\Deep Learning\Self Drive\IMG\right_2026_09_12_22_24_47_055.jpg,0,1,0,30.18841
D:\ML Projects\Deep Learning\Self Drive\IMG\center_2026_09_12_22_24_47_203.jpg,D:\ML Projects\Deep Learning\Self Drive\IMG\left_2026_09_12_22_24_47_203.jpg,D:\ML Projects\Deep Learning\Self Drive\IMG\right_2026_09_12_22_24_47_203.jpg,0,1,0,30.18988
D:\ML Projects\Deep Learning\Self Drive\IMG\center_2026_09_12_22_24_47_313.jpg,D:\ML Projects\Deep Learning\Self Drive\IMG\left_2026_09_12_22_24_47_313.jpg,D:\ML Projects\Deep Learning\Self Drive\IMG\right_2026_09_12_22_24_47_313.jpg,0,1,0,30.18992
D:\ML Projects\Deep Learning\Self Drive\IMG\center_2026_09_12_22_24_47_420.jpg,D:\ML Projects\Deep Learning\Self Drive\IMG\left_2026_09_12_22_24_47_420.jpg,D:\ML Projects\Deep Learning\Self Drive\IMG\right_2026_09_12_22_24_47_420.jpg,0,1,0,30.18993
D:\ML Projects\Deep Learning\Self Drive\IMG\center_2026_09_12_22_24_47_520.jpg,D:\ML Projects\Deep Learning\Self Drive\IMG\left_2026_09_12_22_24_47_520.jpg,D:\ML Projects\Deep Learning\Self Drive\IMG\right_2026_09_12_22_24_47_520.jpg,0,1,0,30.18994
D:\ML Projects\Deep Learning\Self Drive\IMG\center_2026_09_12_22_24_47_641.jpg,D:\ML Projects\Deep Learning\Self Drive\IMG\left_2026_09_12_22_24_47_641.jpg,D:\ML Projects\Deep Learning\Self Drive\IMG\right_2026_09_12_22_24_47_641.jpg,0,1,0,30.18994
D:\ML Projects\Deep Learning\Self Drive\IMG\center_2026_09_12_22_24_47_750.jpg,D:\ML Projects\Deep Learning\Self Drive\IMG\left_2026_09_12_22_24_47_750.jpg,D:\ML Projects\Deep Learning\Self Drive\IMG\right_2026_09_12_22_24_47_750.jpg,0,1,0,30.18995
D:\ML Projects\Deep Learning\Self Drive\IMG\center_2026_09_12_22_24_47_865.jpg,D:\ML Projects\Deep Learning\Self Drive\IMG\left_2026_09_12_22_24_47_865.jpg,D:\ML Projects\Deep Learning\Self Drive\IMG\right_2026_09_12_22_24_47_865.jpg,0,1,0,30.18996
D:\ML Projects\Deep Learning\Self Drive\IMG\center_2026_09_12_22_24_47_976.jpg,D:\ML Projects\Deep Learning\Self Drive\IMG\left_2026_09_12_22_24_47_976.jpg,D:\ML Projects\Deep Learning\Self Drive\IMG\right_2026_09_12_22_24_47_976.jpg,0,1,0,30.18993
D:\ML Projects\Deep Learning\Self Drive\IMG\center_2026_09_12_22_24_48_092.jpg,D:\ML Projects\Deep Learning\Self Drive\IMG\left_2026_09_12_22_24_48_092.jpg,D:\ML Projects\Deep Learning\Self Drive\IMG\right_2026_09_12_22_24_48_092.jpg,0,1,0,30.18996
D:\ML Projects\Deep Learning\Self Drive\IMG\center_2026_09_12_22_24_48_232.jpg,D:\ML Projects\Deep Learning\Self Drive\IMG\left_2026_09_12_22_24_48_232.jpg,D:\ML Projects\Deep Learning\Self Drive\IMG\right_2026_09_12_22_24_48_232.jpg,0,1,0,30.18992
D:\ML Projects\Deep Learning\Self Drive\IMG\center_2026_09_12_22_24_48_349.jpg,D:\ML Projects\Deep Learning\Self Drive\IMG\left_2026_09_12_22_24_48_349.jpg,D:\ML Projects\Deep Learning\Self Drive\IMG\right_2026_09_12_22_24_48_349.jpg,0,1,0,30.18995
D:\ML Projects\Deep Learning\Self Drive\IMG\center_2026_09_12_22_24_48_470.jpg,D:\ML Projects\Deep Learning\Self Drive\IMG\left_2026_09_12_22_24_48_470.jpg,D:\ML Projects\Deep Learning\Self Drive\IMG\right_2026_09_12_22_24_48_470.jpg,0,1,0,30.18994
D:\ML Projects\Deep Learning\Self Drive\IMG\center_2026_09_12_22_24_48_599.jpg,D:\ML Projects\Deep Learning\Self Drive\IMG\left_2026_09_12_22_24_48_599.jpg,D:\ML Projects\Deep Learning\Self Drive\IMG\right_2026_09_12_22_24_48_599.jpg,0,1,0,30.18994
D:\ML Projects\Deep Learning\Self Drive\IMG\center_2026_09_12_22_24_48_682.jpg,D:\ML Projects\Deep Learning\Self Drive\IMG\left_2026_09_12_22_24_48_682.jpg,D:\ML Projects\Deep Learning\Self Drive\IMG\right_2026_09_12_22_24_48_682.jpg,0,1,0,30.18996
D:\ML Projects\Deep Learning\Self Drive\IMG\center_2026_09_12_22_24_48_800.jpg,D:\ML Projects\Deep Learning\Self Drive\IMG\left_2026_09_12_22_24_48_800.jpg,D:\ML Projects\Deep Learning\Self Drive\IMG\right_2026_09_12_22_24_48_800.jpg,0,1,0,30.18994
D:\ML Projects\Deep Learning\Self Drive\IMG\center_2026_09_12_22_24_48_926.jpg,D:\ML Projects\Deep Learning\Self Drive\IMG\left_2026_09_12_22_24_48_926.jpg,D:\ML Projects\Deep Learning\Self Drive\IMG\right_2026_09_12_22_24_48_926.jpg,0,1,0,30.18994
D:\ML Projects\Deep Learning\Self Drive\IMG\center_2026_09_12_22_24_49_005.jpg,D:\ML Projects\Deep Learning\Self Drive\IMG\left_2026_09_12_22_24_49_005.jpg,D:\ML Projects\Deep Learning\Self Drive\IMG\right_2026_09_12_22_24_49_005.jpg,0,1,0,30.18994
D:\ML Projects\Deep Learning\Self Drive\IMG\center_2026_09_12_22_24_49_075.jpg,D:\ML Projects\Deep Learning\Self Drive\IMG\left_2026_09_12_22_24_49_075.jpg,D:\ML Projects\Deep Learning\Self Drive\IMG\right_2026_09_12_22_24_49_075.jpg,0,1,0,30.18995
D:\ML Projects\Deep Learning\Self Drive\IMG\center_2026_09_12_22_24_49_144.jpg,D:\ML Projects\Deep Learning\Self Drive\IMG\left_2026_09_12_22_24_49_144.jpg,D:\ML Projects\Deep Learning\Self Drive\IMG\right_2026_09_12_22_24_49_144.jpg,0,1,0,30.18997
D:\ML Projects\Deep Learning\Self Drive\IMG\center_2026_09_12_22_24_49_271.jpg,D:\ML Projects\Deep Learning\Self Drive\IMG\left_2026_09_12_22_24_49_271.jpg,D:\ML Projects\Deep Learning\Self Drive\IMG\right_2026_09_12_22_24_49_271.jpg,0,1,0,30.18996
D:\ML Projects\Deep Learning\Self Drive\IMG\center_2026_09_12_22_24_49_398.jpg,D:\ML Projects\Deep Learning\Self Drive\IMG\left_2026_09_12_22_24_49_398.jpg,D:\ML Projects\Deep Learning\Self Drive\IMG\right_2026_09_12_22_24_49_398.jpg,0,1,0,30.18995
D:\ML Projects\Deep Learning\Self Drive\IMG\center_2026_09_12_22_24_49_526.jpg,D:\ML Projects\Deep Learning\Self Drive\IMG\left_2026_09_12_22_24_49_526.jpg,D:\ML Projects\Deep Learning\Self Drive\IMG\right_2026_09_12_22_24_49_526.jpg,0,1,0,30.18995
D:\ML Projects\Deep Learning\Self Drive\IMG\center_2026_09_12_22_24_49_659.jpg,D:\ML Projects\Deep Learning\Self Drive\IMG\left_2026_09_12_22_24_49_659.jpg,D:\ML Projects\Deep Learning\Self Drive\IMG\right_2026_09_12_22_24_49_659.jpg,0,1,0,30.18995
D:\ML Projects\Deep Learning\Self Drive\IMG\center_2026_09_12_22_24_49_777.jpg,D:\ML Projects\Deep Learning\Self Drive\IMG\left_2026_09_12_22_24_49_777.jpg,D:\ML Projects\Deep Learning\Self Drive\IMG\right_2026_09_12_22_24_49_777.jpg,0,1,0,30.18993
D:\ML Projects\Deep Learning\Self Drive\IMG\center_2026_09_12_22_24_49_902.jpg,D:\ML Projects\Deep Learning\Self Drive\IMG\left_2026_09_12_22_24_49_902.jpg,D:\ML Projects\Deep Learning\Self Drive\IMG\right_2026_09_12_22_24_49_902.jpg,0,1,0,30.18993
D:\ML Projects\Deep Learning\Self Drive\IMG\center_2026_09_12_22_24_50_020.jpg,D:\ML Projects\Deep Learning\Self Drive\IMG\left_2026_09_12_22_24_50_020.jpg,D:\ML Projects\Deep Learning\Self Drive\IMG\right_2026_09_12_22_24_50_020.jpg,0,1,0,30.18995
D:\ML Projects\Deep Learning\Self Drive\IMG\center_2026_09_12_22_24_50_091.jpg,D:\ML Projects\Deep Learning\Self Drive\IMG\left_2026_09_12_22_24_50_091.jpg,D:\ML Projects\Deep Learning\Self Drive\IMG\right_2026_09_12_22_24_50_091.jpg,0,1,0,30.18995
D:\ML Projects\Deep Learning\Self Drive\IMG\center_2026_09_12_22_24_50_171.jpg,D:\ML Projects\Deep Learning\Self Drive\IMG\left_2026_09_12_22_24_50_171.jpg,D:\ML Projects\Deep Learning\Self Drive\IMG\right_2026_09_12_22_24_50_171.jpg,0,1,0,30.18997
D:\ML Projects\Deep Learning\Self Drive\IMG\center_2026_09_12_22_24_50_253.jpg,D:\ML Projects\Deep Learning\Self Drive\IMG\left_2026_09_12_22_24_50_253.jpg,D:\ML Projects\Deep Learning\Self Drive\IMG\right_2026_09_12_22_24_50_253.jpg,0,1,0,30.18995
D:\ML Projects\Deep Learning\Self Drive\IMG\center_2026_09_12_22_24_50_374.jpg,D:\ML Projects\Deep Learning\Self Drive\IMG\left_2026_09_12_22_24_50_374.jpg,D:\ML Projects\Deep Learning\Self Drive\IMG\right_2026_09_12_22_24_50_374.jpg,0,1,0,30.18995
D:\ML Projects\Deep Learning\Self Drive\IMG\center_2026_09_12_22_24_50_490.jpg,D:\ML Projects\Deep Learning\Self Drive\IMG\left_2026_09_12_22_24_50_490.jpg,D:\ML Projects\Deep Learning\Self Drive\IMG\right_2026_09_12_22_24_50_490.jpg,0,1,0,30.18994
D:\ML Projects\Deep Learning\Self Drive\IMG\center_2026_09_12_22_24_50_578.jpg,D:\ML Projects\Deep Learning\Self Drive\IMG\left_2026_09_12_22_24_50_578.jpg,D:\ML Projects\Deep Learning\Self Drive\IMG\right_2026_09_12_22_24_50_578.jpg,0,1,0,30.18996
D:\ML Projects\Deep Learning\Self Drive\IMG\center_2026_09_12_22_24_50_648.jpg,D:\ML Projects\Deep Learning\Self Drive\IMG\left_2026_09_12_22_24_50_648.jpg,D:\ML Projects\Deep Learning\Self Drive\IMG\right_2026_09_12_22_24_50_648.jpg,0,1,0,30.18995
D:\ML Projects\Deep Learning\Self Drive\IMG\center_2026_09_12_22_24_50_714.jpg,D:\ML Projects\Deep Learning\Self Drive\IMG\left_2026_09_12_22_24_50_714.jpg,D:\ML Projects\Deep Learning\Self Drive\IMG\right_2026_09_12_22_24_50_714.jpg,0,1,0,30.18996
D:\ML Projects\Deep Learning\Self Drive\IMG\center_2026_09_12_22_24_50_830.jpg,D:\ML Projects\Deep Learning\Self Drive\IMG\left_2026_09_12_22_24_50_830.jpg,D:\ML Projects\Deep Learning\Self Drive\IMG\right_2026_09_12_22_24_50_830.jpg,0,1,0,30.18994
D:\ML Projects\Deep Learning\Self Drive\IMG\center_2026_09_12_22_24_50_951.jpg,D:\ML Projects\Deep Learning\Self Drive\IMG\left_2026_09_12_22_24_50_951.jpg,D:\ML Projects\Deep Learning\Self Drive\IMG\right_2026_09_12_22_24_50_951.jpg,0,1,0,30.18992
D:\ML Projects\Deep Learning\Self Drive\IMG\center_2026_09_12_22_24_51_080.jpg,D:\ML Projects\Deep Learning\Self Drive\IMG\left_2026_09_12_22_24_51_080.jpg,D:\ML Projects\Deep Learning\Self Drive\IMG\right_2026_09_12_22_24_51_080.jpg,0,1,0,30.18996
D:\ML Projects\Deep Learning\Self Drive\IMG\center_2026_09_12_22_24_51_147.jpg,D:\ML Projects\Deep Learning\Self Drive\IMG\left_2026_09_12_22_24_51_147.jpg,D:\ML Projects\Deep Learning\Self Drive\IMG\right_2026_09_12_22_24_51_147.jpg,0,1,0,30.18993
D:\ML Projects\Deep Learning\Self Drive\IMG\center_2026_09_12_22_24_51_278.jpg,D:\ML Projects\Deep Learning\Self Drive\IMG\left_2026_09_12_22_24_51_278.jpg,D:\ML Projects\Deep Learning\Self Drive\IMG\right_2026_09_12_22_24_51_278.jpg,0,1,0,30.18995
D:\ML Projects\Deep Learning\Self Drive\IMG\center_2026_09_12_22_24_51_414.jpg,D:\ML Projects\Deep Learning\Self Drive\IMG\left_2026_09_12_22_24_51_414.jpg,D:\ML Projects\Deep Learning\Self Drive\IMG\right_2026_09_12_22_24_51_414.jpg,0,1,0,30.18996
D:\ML Projects\Deep Learning\Self Drive\IMG\center_2026_09_12_22_24_51_486.jpg,D:\ML Projects\Deep Learning\Self Drive\IMG\left_2026_09_12_22_24_51_486.jpg,D:\ML Projects\Deep Learning\Self Drive\IMG\right_2026_09_12_22_24_51_486.jpg,0,1,0,30.18994
D:\ML Projects\Deep Learning\Self Drive\IMG\center_2026_09_12_22_24_51_559.jpg,D:\ML Projects\Deep Learning\Self Drive\IMG\left_2026_09_12_22_24_51_559.jpg,D:\ML Projects\Deep Learning\Self Drive\IMG\right_2026_09_12_22_24_51_559.jpg,0,1,0,30.18992
D:\ML Projects\Deep Learning\Self Drive\IMG\center_2026_09_12_22_24_51_650.jpg,D:\ML Projects\Deep Learning\Self Drive\IMG\left_2026_09_12_22_24_51_650.jpg,D:\ML Projects\Deep Learning\Self Drive\IMG\right_2026_09_12_22_24_51_650.jpg,0,1,0,30.18995
D:\ML Projects\Deep Learning\Self Drive\IMG\center_2026_09_12_22_24_51_728.jpg,D:\ML Projects\Deep Learning\Self Drive\IMG\left_2026_09_12_22_24_51_728.jpg,D:\ML Projects\Deep Learning\Self Drive\IMG\right_2026_09_12_22_24_51_728.jpg,0,1,0,30.18996
D:\ML Projects\Deep Learning\Self Drive\IMG\center_2026_09_12_22_24_51_800.jpg,D:\ML Projects\Deep Learning\Self Drive\IMG\left_2026_09_12_22_24_51_800.jpg,D:\ML Projects\Deep Learning\Self Drive\IMG\right_2026_09_12_22_24_51_800.jpg,0,1,0,30.18995
D:\ML Projects\Deep Learning\Self Drive\IMG\center_2026_09_12_22_24_51_881.jpg,D:\ML Projects\Deep Learning\Self Drive\IMG\left_2026_09_12_22_24_51_881.jpg,D:\ML Projects\Deep Learning\Self Drive\IMG\right_2026_09_12_22_24_51_881.jpg,0,1,0,30.18995
D:\ML Projects\Deep Learning\Self Drive\IMG\center_2026_09_12_22_24_51_960.jpg,D:\ML Projects\Deep Learning\Self Drive\IMG\left_2026_09_12_22_24_51_960.jpg,D:\ML Projects\Deep Learning\Self Drive\IMG\right_2026_09_12_22_24_51_960.jpg,0,1,0,30.18996
D:\ML Projects\Deep Learning\Self Drive\IMG\center_2026_09_12_22_24_52_036.jpg,D:\ML Projects\Deep Learning\Self Drive\IMG\left_2026_09_12_22_24_52_036.jpg,D:\ML Projects\Deep Learning\Self Drive\IMG\right_2026_09_12_22_24_52_036.jpg,0,1,0,30.18996
D:\ML Projects\Deep Learning\Self Drive\IMG\center_2026_09_12_22_24_52_127.jpg,D:\ML Projects\Deep Learning\Self Drive\IMG\left_2026_09_12_22_24_52_127.jpg,D:\ML Projects\Deep Learning\Self Drive\IMG\right_2026_09_12_22_24_52_127.jpg,0,1,0,30.18992
D:\ML Projects\Deep Learning\Self Drive\IMG\center_2026_09_12_22_24_52_207.jpg,D:\ML Projects\Deep Learning\Self Drive\IMG\left_2026_09_12_22_24_52_207.jpg,D:\ML Projects\Deep Learning\Self Drive\IMG\right_2026_09_12_22_24_52_207.jpg,0,1,0,30.18994
D:\ML Projects\Deep Learning\Self Drive\IMG\center_2026_09_12_22_24_52_289.jpg,D:\ML Projects\Deep Learning\Self Drive\IMG\left_2026_09_12_22_24_52_289.jpg,D:\ML Projects\Deep Learning\Self Drive\IMG\right_2026_09_12_22_24_52_289.jpg,0,1,0,30.18995
D:\ML Projects\Deep Learning\Self Drive\IMG\center_2026_09_12_22_24_52_365.jpg,D:\ML Projects\Deep Learning\Self Drive\IMG\left_2026_09_12_22_24_52_365.jpg,D:\ML Projects\Deep Learning\Self Drive\IMG\right_2026_09_12_22_24_52_365.jpg,0,1,0,30.18991
D:\ML Projects\Deep Learning\Self Drive\IMG\center_2026_09_12_22_24_52_439.jpg,D:\ML Projects\Deep Learning\Self Drive\IMG\left_2026_09_12_22_24_52_439.jpg,D:\ML Projects\Deep Learning\Self Drive\IMG\right_2026_09_12_22_24_52_439.jpg,0,1,0,30.18994
D:\ML Projects\Deep Learning\Self Drive\IMG\center_2026_09_12_22_24_52_508.jpg,D:\ML Projects\Deep Learning\Self Drive\IMG\left_2026_09_12_22_24_52_508.jpg,D:\ML Projects\Deep Learning\Self Drive\IMG\right_2026_09_12_22_24_52_508.jpg,0,1,0,30.18996
D:\ML Projects\Deep Learning\Self Drive\IMG\center_2026_09_12_22_24_52_575.jpg,D:\ML Projects\Deep Learning\Self Drive\IMG\left_2026_09_12_22_24_52_575.jpg,D:\ML Projects\Deep Learning\Self Drive\IMG\right_2026_09_12_22_24_52_575.jpg,0,1,0,30.18995
D:\ML Projects\Deep Learning\Self Drive\IMG\center_2026_09_12_22_24_52_661.jpg,D:\ML Projects\Deep Learning\Self Drive\IMG\left_2026_09_12_22_24_52_661.jpg,D:\ML Projects\Deep Learning\Self Drive\IMG\right_2026_09_12_22_24_52_661.jpg,0,1,0,30.18994
D:\ML Projects\Deep Learning\Self Drive\IMG\center_2026_09_12_22_24_52_736.jpg,D:\ML Projects\Deep Learning\Self Drive\IMG\left_2026_09_12_22_24_52_736.jpg,D:\ML Projects\Deep Learning\Self Drive\IMG\right_2026_09_12_22_24_52_736.jpg,0,1,0,30.18994
D:\ML Projects\Deep Learning\Self Drive\IMG\center_2026_09_12_22_24_52_811.jpg,D:\ML Projects\Deep Learning\Self Drive\IMG\left_2026_09_12_22_24_52_811.jpg,D:\ML Projects\Deep Learning\Self Drive\IMG\right_2026_09_12_22_24_52_811.jpg,0,1,0,30.18995
D:\ML Projects\Deep Learning\Self Drive\IMG\center_2026_09_12_22_24_52_884.jpg,D:\ML Projects\Deep Learning\Self Drive\IMG\left_2026_09_12_22_24_52_884.jpg,D:\ML Projects\Deep Learning\Self Drive\IMG\right_2026_09_12_22_24_52_884.jpg,0,1,0,30.18995
D:\ML Projects\Deep Learning\Self Drive\IMG\center_2026_09_12_22_24_52_963.jpg,D:\ML Projects\Deep Learning\Self Drive\IMG\left_2026_09_12_22_24_52_963.jpg,D:\ML Projects\Deep Learning\Self Drive\IMG\right_2026_09_12_22_24_52_963.jpg,0,1,0,30.18994
D:\ML Projects\Deep Learning\Self Drive\IMG\center_2026_09_12_22_24_53_044.jpg,D:\ML Projects\Deep Learning\Self Drive\IMG\left_2026_09_12_22_24_53_044.jpg,D:\ML Projects\Deep Learning\Self Drive\IMG\right_2026_09_12_22_24_53_044.jpg,0,1,0,30.18995
D:\ML Projects\Deep Learning\Self Drive\IMG\center_2026_09_12_22_24_53_129.jpg,D:\ML Projects\Deep Learning\Self Drive\IMG\left_2026_09_12_22_24_53_129.jpg,D:\ML Projects\Deep Learning\Self Drive\IMG\right_2026_09_12_22_24_53_129.jpg,0,1,0,30.18993
D:\ML Projects\Deep Learning\Self Drive\IMG\center_2026_09_12_22_24_53_209.jpg,D:\ML Projects\Deep Learning\Self Drive\IMG\left_2026_09_12_22_24_53_209.jpg,D:\ML Projects\Deep Learning\Self Drive\IMG\right_2026_09_12_22_24_53_209.jpg,0,1,0,30.18993
D:\ML Projects\Deep Learning\Self Drive\IMG\center_2026_09_12_22_24_53_281.jpg,D:\ML Projects\Deep Learning\Self Drive\IMG\left_2026_09_12_22_24_53_281.jpg,D:\ML Projects\Deep Learning\Self Drive\IMG\right_2026_09_12_22_24_53_281.jpg,0,1,0,30.18994
D:\ML Projects\Deep Learning\Self Drive\IMG\center_2026_09_12_22_24_53_352.jpg,D:\ML Projects\Deep Learning\Self Drive\IMG\left_2026_09_12_22_24_53_352.jpg,D:\ML Projects\Deep Learning\Self Drive\IMG\right_2026_09_12_22_24_53_352.jpg,0,1,0,30.18996
D:\ML Projects\Deep Learning\Self Drive\IMG\center_2026_09_12_22_24_53_427.jpg,D:\ML Projects\Deep Learning\Self Drive\IMG\left_2026_09_12_22_24_53_427.jpg,D:\ML Projects\Deep Learning\Self Drive\IMG\right_2026_09_12_22_24_53_427.jpg,0,1,0,30.12517
D:\ML Projects\Deep Learning\Self Drive\IMG\center_2026_09_12_22_24_53_504.jpg,D:\ML Projects\Deep Learning\Self Drive\IMG\left_2026_09_12_22_24_53_504.jpg,D:\ML Projects\Deep Learning\Self Drive\IMG\right_2026_09_12_22_24_53_504.jpg,0,1,0,30.23577
D:\ML Projects\Deep Learning\Self Drive\IMG\center_2026_09_12_22_24_53_582.jpg,D:\ML Projects\Deep Learning\Self Drive\IMG\left_2026_09_12_22_24_53_582.jpg,D:\ML Projects\Deep Learning\Self Drive\IMG\right_2026_09_12_22_24_53_582.jpg,0,1,0,30.21786
D:\ML Projects\Deep Learning\Self Drive\IMG\center_2026_09_12_22_24_53_682.jpg,D:\ML Projects\Deep Learning\Self Drive\IMG\left_2026_09_12_22_24_53_682.jpg,D:\ML Projects\Deep Learning\Self Drive\IMG\right_2026_09_12_22_24_53_682.jpg,-0.25,1,0,30.05675
D:\ML Projects\Deep Learning\Self Drive\IMG\center_2026_09_12_22_24_53_810.jpg,D:\ML Projects\Deep Learning\Self Drive\IMG\left_2026_09_12_22_24_53_810.jpg,D:\ML Projects\Deep Learning\Self Drive\IMG\right_2026_09_12_22_24_53_810.jpg,-0.45,1,0,29.84276
D:\ML Projects\Deep Learning\Self Drive\IMG\center_2026_09_12_22_24_53_848.jpg,D:\ML Projects\Deep Learning\Self Drive\IMG\left_2026_09_12_22_24_53_848.jpg,D:\ML Projects\Deep Learning\Self Drive\IMG\right_2026_09_12_22_24_53_848.jpg,0,1,0,30.17172
D:\ML Projects\Deep Learning\Self Drive\IMG\center_2026_09_12_22_24_53_931.jpg,D:\ML Projects\Deep Learning\Self Drive\IMG\left_2026_09_12_22_24_53_931.jpg,D:\ML Projects\Deep Learning\Self Drive\IMG\right_2026_09_12_22_24_53_931.jpg,0,1,0,30.18903
D:\ML Projects\Deep Learning\Self Drive\IMG\center_2026_09_12_22_24_54_016.jpg,D:\ML Projects\Deep Learning\Self Drive\IMG\left_2026_09_12_22_24_54_016.jpg,D:\ML Projects\Deep Learning\Self Drive\IMG\right_2026_09_12_22_24_54_016.jpg,-0.25,1,0,30.1787
D:\ML Projects\Deep Learning\Self Drive\IMG\center_2026_09_12_22_24_54_104.jpg,D:\ML Projects\Deep Learning\Self Drive\IMG\left_2026_09_12_22_24_54_104.jpg,D:\ML Projects\Deep Learning\Self Drive\IMG\right_2026_09_12_22_24_54_104.jpg,-0.45,1,0,30.15442
D:\ML Projects\Deep Learning\Self Drive\IMG\center_2026_09_12_22_24_54_195.jpg,D:\ML Projects\Deep Learning\Self Drive\IMG\left_2026_09_12_22_24_54_195.jpg,D:\ML Projects\Deep Learning\Self Drive\IMG\right_2026_09_12_22_24_54_195.jpg,0,1,0,30.18891
D:\ML Projects\Deep Learning\Self Drive\IMG\center_2026_09_12_22_24_54_281.jpg,D:\ML Projects\Deep Learning\Self Drive\IMG\left_2026_09_12_22_24_54_281.jpg,D:\ML Projects\Deep Learning\Self Drive\IMG\right_2026_09_12_22_24_54_281.jpg,0,1,0,30.19002
D:\ML Projects\Deep Learning\Self Drive\IMG\center_2026_09_12_22_24_54_367.jpg,D:\ML Projects\Deep Learning\Self Drive\IMG\left_2026_09_12_22_24_54_367.jpg,D:\ML Projects\Deep Learning\Self Drive\IMG\right_2026_09_12_22_24_54_367.jpg,0,1,0,30.19027
D:\ML Projects\Deep Learning\Self Drive\IMG\center_2026_09_12_22_24_54_452.jpg,D:\ML Projects\Deep Learning\Self Drive\IMG\left_2026_09_12_22_24_54_452.jpg,D:\ML Projects\Deep Learning\Self Drive\IMG\right_2026_09_12_22_24_54_452.jpg,0,1,0,30.19031
D:\ML Projects\Deep Learning\Self Drive\IMG\center_2026_09_12_22_24_54_535.jpg,D:\ML Projects\Deep Learning\Self Drive\IMG\left_2026_09_12_22_24_54_535.jpg,D:\ML Projects\Deep Learning\Self Drive\IMG\right_2026_09_12_22_24_54_535.jpg,-0.25,1,0,30.17542
D:\ML Projects\Deep Learning\Self Drive\IMG\center_2026_09_12_22_24_54_620.jpg,D:\ML Projects\Deep Learning\Self Drive\IMG\left_2026_09_12_22_24_54_620.jpg,D:\ML Projects\Deep Learning\Self Drive\IMG\right_2026_09_12_22_24_54_620.jpg,0,1,0,30.19015
D:\ML Projects\Deep Learning\Self Drive\IMG\center_2026_09_12_22_24_54_716.jpg,D:\ML Projects\Deep Learning\Self Drive\IMG\left_2026_09_12_22_24_54_716.jpg,D:\ML Projects\Deep Learning\Self Drive\IMG\right_2026_09_12_22_24_54_716.jpg,0,1,0,30.19034
D:\ML Projects\Deep Learning\Self Drive\IMG\center_2026_09_12_22_24_54_801.jpg,D:\ML Projects\Deep Learning\Self Drive\IMG\left_2026_09_12_22_24_54_801.jpg,D:\ML Projects\Deep Learning\Self Drive\IMG\right_2026_09_12_22_24_54_801.jpg,0,1,0,30.19029
D:\ML Projects\Deep Learning\Self Drive\IMG\center_2026_09_12_22_24_54_902.jpg,D:\ML Projects\Deep Learning\Self Drive\IMG\left_2026_09_12_22_24_54_902.jpg,D:\ML Projects\Deep Learning\Self Drive\IMG\right_2026_09_12_22_24_54_902.jpg,0.25,1,0,30.17422
D:\ML Projects\Deep Learning\Self Drive\IMG\center_2026_09_12_22_24_54_978.jpg,D:\ML Projects\Deep Learning\Self Drive\IMG\left_2026_09_12_22_24_54_978.jpg,D:\ML Projects\Deep Learning\Self Drive\IMG\right_2026_09_12_22_24_54_978.jpg,0.45,1,0,30.1511
D:\ML Projects\Deep Learning\Self Drive\IMG\center_2026_09_12_22_24_55_048.jpg,D:\ML Projects\Deep Learning\Self Drive\IMG\left_2026_09_12_22_24_55_048.jpg,D:\ML Projects\Deep Learning\Self Drive\IMG\right_2026_09_12_22_24_55_048.jpg,0,1,0,30.18629
D:\ML Projects\Deep Learning\Self Drive\IMG\center_2026_09_12_22_24_55_123.jpg,D:\ML Projects\Deep Learning\Self Drive\IMG\left_2026_09_12_22_24_55_123.jpg,D:\ML Projects\Deep Learning\Self Drive\IMG\right_2026_09_12_22_24_55_123.jpg,0,1,0,30.18955
D:\ML Projects\Deep Learning\Self Drive\IMG\center_2026_09_12_22_24_55_196.jpg,D:\ML Projects\Deep Learning\Self Drive\IMG\left_2026_09_12_22_24_55_196.jpg,D:\ML Projects\Deep Learning\Self Drive\IMG\right_2026_09_12_22_24_55_196.jpg,0,1,0,30.19015
D:\ML Projects\Deep Learning\Self Drive\IMG\center_2026_09_12_22_24_55_266.jpg,D:\ML Projects\Deep Learning\Self Drive\IMG\left_2026_09_12_22_24_55_266.jpg,D:\ML Projects\Deep Learning\Self Drive\IMG\right_2026_09_12_22_24_55_266.jpg,0,1,0,30.19026
D:\ML Projects\Deep Learning\Self Drive\IMG\center_2026_09_12_22_24_55_338.jpg,D:\ML Projects\Deep Learning\Self Drive\IMG\left_2026_09_12_22_24_55_338.jpg,D:\ML Projects\Deep Learning\Self Drive\IMG\right_2026_09_12_22_24_55_338.jpg,0,1,0,30.19036
D:\ML Projects\Deep Learning\Self Drive\IMG\center_2026_09_12_22_24_55_409.jpg,D:\ML Projects\Deep Learning\Self Drive\IMG\left_2026_09_12_22_24_55_409.jpg,D:\ML Projects\Deep Learning\Self Drive\IMG\right_2026_09_12_22_24_55_409.jpg,-0.15,1,0,30.18369
D:\ML Projects\Deep Learning\Self Drive\IMG\center_2026_09_12_22_24_55_547.jpg,D:\ML Projects\Deep Learning\Self Drive\IMG\left_2026_09_12_22_24_55_547.jpg,D:\ML Projects\Deep Learning\Self Drive\IMG\right_2026_09_12_22_24_55_547.jpg,0,1,0,30.18799
D:\ML Projects\Deep Learning\Self Drive\IMG\center_2026_09_12_22_24_55_618.jpg,D:\ML Projects\Deep Learning\Self Drive\IMG\left_2026_09_12_22_24_55_618.jpg,D:\ML Projects\Deep Learning\Self Drive\IMG\right_2026_09_12_22_24_55_618.jpg,0,1,0,30.18991
D:\ML Projects\Deep Learning\Self Drive\IMG\center_2026_09_12_22_24_55_702.jpg,D:\ML Projects\Deep Learning\Self Drive\IMG\left_2026_09_12_22_24_55_702.jpg,D:\ML Projects\Deep Learning\Self Drive\IMG\right_2026_09_12_22_24_55_702.jpg,0,1,0,30.19022
D:\ML Projects\Deep Learning\Self Drive\IMG\center_2026_09_12_22_24_55_779.jpg,D:\ML Projects\Deep Learning\Self Drive\IMG\left_2026_09_12_22_24_55_779.jpg,D:\ML Projects\Deep Learning\Self Drive\IMG\right_2026_09_12_22_24_55_779.jpg,0,1,0,30.19028
D:\ML Projects\Deep Learning\Self Drive\IMG\center_2026_09_12_22_24_55_851.jpg,D:\ML Projects\Deep Learning\Self Drive\IMG\left_2026_09_12_22_24_55_851.jpg,D:\ML Projects\Deep Learning\Self Drive\IMG\right_2026_09_12_22_24_55_851.jpg,-0.15,1,0,30.18493
D:\ML Projects\Deep Learning\Self Drive\IMG\center_2026_09_12_22_24_55_946.jpg,D:\ML Projects\Deep Learning\Self Drive\IMG\left_2026_09_12_22_24_55_946.jpg,D:\ML Projects\Deep Learning\Self Drive\IMG\right_2026_09_12_22_24_55_946.jpg,0,1,0,30.19022
D:\ML Projects\Deep Learning\Self Drive\IMG\center_2026_09_12_22_24_56_023.jpg,D:\ML Projects\Deep Learning\Self Drive\IMG\left_2026_09_12_22_24_56_023.jpg,D:\ML Projects\Deep Learning\Self Drive\IMG\right_2026_09_12_22_24_56_023.jpg,0,1,0,30.19028
D:\ML Projects\Deep Learning\Self Drive\IMG\center_2026_09_12_22_24_56_104.jpg,D:\ML Projects\Deep Learning\Self Drive\IMG\left_2026_09_12_22_24_56_104.jpg,D:\ML Projects\Deep Learning\Self Drive\IMG\right_2026_09_12_22_24_56_104.jpg,0,1,0,30.19015
D:\ML Projects\Deep Learning\Self Drive\IMG\center_2026_09_12_22_24_56_184.jpg,D:\ML Projects\Deep Learning\Self Drive\IMG\left_2026_09_12_22_24_56_184.jpg,D:\ML Projects\Deep Learning\Self Drive\IMG\right_2026_09_12_22_24_56_184.jpg,0,1,0,30.19027
D:\ML Projects\Deep Learning\Self Drive\IMG\center_2026_09_12_22_24_56_258.jpg,D:\ML Projects\Deep Learning\Self Drive\IMG\left_2026_09_12_22_24_56_258.jpg,D:\ML Projects\Deep Learning\Self Drive\IMG\right_2026_09_12_22_24_56_258.jpg,-0.2,1,0,30.17999
D:\ML Projects\Deep Learning\Self Drive\IMG\center_2026_09_12_22_24_56_338.jpg,D:\ML Projects\Deep Learning\Self Drive\IMG\left_2026_09_12_22_24_56_338.jpg,D:\ML Projects\Deep Learning\Self Drive\IMG\right_2026_09_12_22_24_56_338.jpg,-0.4,1,0,30.15764
D:\ML Projects\Deep Learning\Self Drive\IMG\center_2026_09_12_22_24_56_412.jpg,D:\ML Projects\Deep Learning\Self Drive\IMG\left_2026_09_12_22_24_56_412.jpg,D:\ML Projects\Deep Learning\Self Drive\IMG\right_2026_09_12_22_24_56_412.jpg,-0.5500001,1,0,30.13937
D:\ML Projects\Deep Learning\Self Drive\IMG\center_2026_09_12_22_24_56_488.jpg,D:\ML Projects\Deep Learning\Self Drive\IMG\left_2026_09_12_22_24_56_488.jpg,D:\ML Projects\Deep Learning\Self Drive\IMG\right_2026_09_12_22_24_56_488.jpg,0,1,0,30.18644
D:\ML Projects\Deep Learning\Self Drive\IMG\center_2026_09_12_22_24_56_566.jpg,D:\ML Projects\Deep Learning\Self Drive\IMG\left_2026_09_12_22_24_56_566.jpg,D:\ML Projects\Deep Learning\Self Drive\IMG\right_2026_09_12_22_24_56_566.jpg,-0.2,1,0,30.18719
D:\ML Projects\Deep Learning\Self Drive\IMG\center_2026_09_12_22_24_56_640.jpg,D:\ML Projects\Deep Learning\Self Drive\IMG\left_2026_09_12_22_24_56_640.jpg,D:\ML Projects\Deep Learning\Self Drive\IMG\right_2026_09_12_22_24_56_640.jpg,-0.4,0.7713028,0,30.10411
D:\ML Projects\Deep Learning\Self Drive\IMG\center_2026_09_12_22_24_56_733.jpg,D:\ML Projects\Deep Learning\Self Drive\IMG\left_2026_09_12_22_24_56_733.jpg,D:\ML Projects\Deep Learning\Self Drive\IMG\right_2026_09_12_22_24_56_733.jpg,0,0.4946137,0,30.05508
D:\ML Projects\Deep Learning\Self Drive\IMG\center_2026_09_12_22_24_56_823.jpg,D:\ML Projects\Deep Learning\Self Drive\IMG\left_2026_09_12_22_24_56_823.jpg,D:\ML Projects\Deep Learning\Self Drive\IMG\right_2026_09_12_22_24_56_823.jpg,0,0.2250034,0,29.95774
D:\ML Projects\Deep Learning\Self Drive\IMG\center_2026_09_12_22_24_56_909.jpg,D:\ML Projects\Deep Learning\Self Drive\IMG\left_2026_09_12_22_24_56_909.jpg,D:\ML Projects\Deep Learning\Self Drive\IMG\right_2026_09_12_22_24_56_909.jpg,-0.2,0,0,29.7426
D:\ML Projects\Deep Learning\Self Drive\IMG\center_2026_09_12_22_24_57_006.jpg,D:\ML Projects\Deep Learning\Self Drive\IMG\left_2026_09_12_22_24_57_006.jpg,D:\ML Projects\Deep Learning\Self Drive\IMG\right_2026_09_12_22_24_57_006.jpg,0,0,0,29.4416
D:\ML Projects\Deep Learning\Self Drive\IMG\center_2026_09_12_22_24_57_098.jpg,D:\ML Projects\Deep Learning\Self Drive\IMG\left_2026_09_12_22_24_57_098.jpg,D:\ML Projects\Deep Learning\Self Drive\IMG\right_2026_09_12_22_24_57_098.jpg,0,0,0,29.14487
D:\ML Projects\Deep Learning\Self Drive\IMG\center_2026_09_12_22_24_57_192.jpg,D:\ML Projects\Deep Learning\Self Drive\IMG\left_2026_09_12_22_24_57_192.jpg,D:\ML Projects\Deep Learning\Self Drive\IMG\right_2026_09_12_22_24_57_192.jpg,-0.2,0,0,28.8924
D:\ML Projects\Deep Learning\Self Drive\IMG\center_2026_09_12_22_24_57_281.jpg,D:\ML Projects\Deep Learning\Self Drive\IMG\left_2026_09_12_22_24_57_281.jpg,D:\ML Projects\Deep Learning\Self Drive\IMG\right_2026_09_12_22_24_57_281.jpg,0,0,0,28.6
D:\ML Projects\Deep Learning\Self Drive\IMG\center_2026_09_12_22_24_57_365.jpg,D:\ML Projects\Deep Learning\Self Drive\IMG\left_2026_09_12_22_24_57_365.jpg,D:\ML Projects\Deep Learning\Self Drive\IMG\right_2026_09_12_22_24_57_365.jpg,-0.2,0,0,28.35477
D:\ML Projects\Deep Learning\Self Drive\IMG\center_2026_09_12_22_24_57_445.jpg,D:\ML Projects\Deep Learning\Self Drive\IMG\left_2026_09_12_22_24_57_445.jpg,D:\ML Projects\Deep Learning\Self Drive\IMG\right_2026_09_12_22_24_57_445.jpg,-0.4,0,0,28.04062
D:\ML Projects\Deep Learning\Self Drive\IMG\center_2026_09_12_22_24_57_522.jpg,D:\ML Projects\Deep Learning\Self Drive\IMG\left_2026_09_12_22_24_57_522.jpg,D:\ML Projects\Deep Learning\Self Drive\IMG\right_2026_09_12_22_24_57_522.jpg,0,0,0,27.80337
D:\ML Projects\Deep Learning\Self Drive\IMG\center_2026_09_12_22_24_57_596.jpg,D:\ML Projects\Deep Learning\Self Drive\IMG\left_2026_09_12_22_24_57_596.jpg,D:\ML Projects\Deep Learning\Self Drive\IMG\right_2026_09_12_22_24_57_596.jpg,-0.2,0,0,27.572
D:\ML Projects\Deep Learning\Self Drive\IMG\center_2026_09_12_22_24_57_683.jpg,D:\ML Projects\Deep Learning\Self Drive\IMG\left_2026_09_12_22_24_57_683.jpg,D:\ML Projects\Deep Learning\Self Drive\IMG\right_2026_09_12_22_24_57_683.jpg,-0.4,0,0,27.28014
D:\ML Projects\Deep Learning\Self Drive\IMG\center_2026_09_12_22_24_57_766.jpg,D:\ML Projects\Deep Learning\Self Drive\IMG\left_2026_09_12_22_24_57_766.jpg,D:\ML Projects\Deep Learning\Self Drive\IMG\right_2026_09_12_22_24_57_766.jpg,-0.6000001,0,0,26.89968
D:\ML Projects\Deep Learning\Self Drive\IMG\center_2026_09_12_22_24_57_839.jpg,D:\ML Projects\Deep Learning\Self Drive\IMG\left_2026_09_12_22_24_57_839.jpg,D:\ML Projects\Deep Learning\Self Drive\IMG\right_2026_09_12_22_24_57_839.jpg,-0.8000001,0,0,26.43338
D:\ML Projects\Deep Learning\Self Drive\IMG\center_2026_09_12_22_24_57_922.jpg,D:\ML Projects\Deep Learning\Self Drive\IMG\left_2026_09_12_22_24_57_922.jpg,D:\ML Projects\Deep Learning\Self Drive\IMG\right_2026_09_12_22_24_57_922.jpg,0,0,0,26.14581
D:\ML Projects\Deep Learning\Self Drive\IMG\center_2026_09_12_22_24_57_998.jpg,D:\ML Projects\Deep Learning\Self Drive\IMG\left_2026_09_12_22_24_57_998.jpg,D:\ML Projects\Deep Learning\Self Drive\IMG\right_2026_09_12_22_24_57_998.jpg,0,0,0,25.91739
D:\ML Projects\Deep Learning\Self Drive\IMG\center_2026_09_12_22_24_58_078.jpg,D:\ML Projects\Deep Learning\Self Drive\IMG\left_2026_09_12_22_24_58_078.jpg,D:\ML Projects\Deep Learning\Self Drive\IMG\right_2026_09_12_22_24_58_078.jpg,-0.2,0,0,25.70545
D:\ML Projects\Deep Learning\Self Drive\IMG\center_2026_09_12_22_24_58_156.jpg,D:\ML Projects\Deep Learning\Self Drive\IMG\left_2026_09_12_22_24_58_156.jpg,D:\ML Projects\Deep Learning\Self Drive\IMG\right_2026_09_12_22_24_58_156.jpg,-0.4,0,0,25.43617
D:\ML Projects\Deep Learning\Self Drive\IMG\center_2026_09_12_22_24_58_227.jpg,D:\ML Projects\Deep Learning\Self Drive\IMG\left_2026_09_12_22_24_58_227.jpg,D:\ML Projects\Deep Learning\Self Drive\IMG\right_2026_09_12_22_24_58_227.jpg,0,0,0,25.27012
D:\ML Projects\Deep Learning\Self Drive\IMG\center_2026_09_12_22_24_58_297.jpg,D:\ML Projects\Deep Learning\Self Drive\IMG\left_2026_09_12_22_24_58_297.jpg,D:\ML Projects\Deep Learning\Self Drive\IMG\right_2026_09_12_22_24_58_297.jpg,0,0,0,25.06257
D:\ML Projects\Deep Learning\Self Drive\IMG\center_2026_09_12_22_24_58_366.jpg,D:\ML Projects\Deep Learning\Self Drive\IMG\left_2026_09_12_22_24_58_366.jpg,D:\ML Projects\Deep Learning\Self Drive\IMG\right_2026_09_12_22_24_58_366.jpg,0,0,0,24.91054
D:\ML Projects\Deep Learning\Self Drive\IMG\center_2026_09_12_22_24_58_435.jpg,D:\ML Projects\Deep Learning\Self Drive\IMG\left_2026_09_12_22_24_58_435.jpg,D:\ML Projects\Deep Learning\Self Drive\IMG\right_2026_09_12_22_24_58_435.jpg,-0.2,0,0,24.69787
D:\ML Projects\Deep Learning\Self Drive\IMG\center_2026_09_12_22_24_58_565.jpg,D:\ML Projects\Deep Learning\Self Drive\IMG\left_2026_09_12_22_24_58_565.jpg,D:\ML Projects\Deep Learning\Self Drive\IMG\right_2026_09_12_22_24_58_565.jpg,-0.5000001,0,0,24.25553
D:\ML Projects\Deep Learning\Self Drive\IMG\center_2026_09_12_22_24_58_641.jpg,D:\ML Projects\Deep Learning\Self Drive\IMG\left_2026_09_12_22_24_58_641.jpg,D:\ML Projects\Deep Learning\Self Drive\IMG\right_2026_09_12_22_24_58_641.jpg,0,0,0,24.03683
D:\ML Projects\Deep Learning\Self Drive\IMG\center_2026_09_12_22_24_58_727.jpg,D:\ML Projects\Deep Learning\Self Drive\IMG\left_2026_09_12_22_24_58_727.jpg,D:\ML Projects\Deep Learning\Self Drive\IMG\right_2026_09_12_22_24_58_727.jpg,0,0,0,23.83993
D:\ML Projects\Deep Learning\Self Drive\IMG\center_2026_09_12_22_24_58_801.jpg,D:\ML Projects\Deep Learning\Self Drive\IMG\left_2026_09_12_22_24_58_801.jpg,D:\ML Projects\Deep Learning\Self Drive\IMG\right_2026_09_12_22_24_58_801.jpg,-0.2,0,0,23.64048
D:\ML Projects\Deep Learning\Self Drive\IMG\center_2026_09_12_22_24_58_869.jpg,D:\ML Projects\Deep Learning\Self Drive\IMG\left_2026_09_12_22_24_58_869.jpg,D:\ML Projects\Deep Learning\Self Drive\IMG\right_2026_09_12_22_24_58_869.jpg,-0.35,0,0,23.45357
D:\ML Projects\Deep Learning\Self Drive\IMG\center_2026_09_12_22_24_58_944.jpg,D:\ML Projects\Deep Learning\Self Drive\IMG\left_2026_09_12_22_24_58_944.jpg,D:\ML Projects\Deep Learning\Self Drive\IMG\right_2026_09_12_22_24_58_944.jpg,0,0,0,23.2569
D:\ML Projects\Deep Learning\Self Drive\IMG\center_2026_09_12_22_24_59_017.jpg,D:\ML Projects\Deep Learning\Self Drive\IMG\left_2026_09_12_22_24_59_017.jpg,D:\ML Projects\Deep Learning\Self Drive\IMG\right_2026_09_12_22_24_59_017.jpg,0,0,0,23.06963
D:\ML Projects\Deep Learning\Self Drive\IMG\center_2026_09_12_22_24_59_089.jpg,D:\ML Projects\Deep Learning\Self Drive\IMG\left_2026_09_12_22_24_59_089.jpg,D:\ML Projects\Deep Learning\Self Drive\IMG\right_2026_09_12_22_24_59_089.jpg,0,0,0,22.93157
D:\ML Projects\Deep Learning\Self Drive\IMG\center_2026_09_12_22_24_59_168.jpg,D:\ML Projects\Deep Learning\Self Drive\IMG\left_2026_09_12_22_24_59_168.jpg,D:\ML Projects\Deep Learning\Self Drive\IMG\right_2026_09_12_22_24_59_168.jpg,-0.2,0.2315871,0,22.94121
D:\ML Projects\Deep Learning\Self Drive\IMG\center_2026_09_12_22_24_59_244.jpg,D:\ML Projects\Deep Learning\Self Drive\IMG\left_2026_09_12_22_24_59_244.jpg,D:\ML Projects\Deep Learning\Self Drive\IMG\right_2026_09_12_22_24_59_244.jpg,-0.4,0.4561851,0,23.10629
D:\ML Projects\Deep Learning\Self Drive\IMG\center_2026_09_12_22_24_59_321.jpg,D:\ML Projects\Deep Learning\Self Drive\IMG\left_2026_09_12_22_24_59_321.jpg,D:\ML Projects\Deep Learning\Self Drive\IMG\right_2026_09_12_22_24_59_321.jpg,-0.6000001,0.6908303,0,23.41043
D:\ML Projects\Deep Learning\Self Drive\IMG\center_2026_09_12_22_24_59_400.jpg,D:\ML Projects\Deep Learning\Self Drive\IMG\left_2026_09_12_22_24_59_400.jpg,D:\ML Projects\Deep Learning\Self Drive\IMG\right_2026_09_12_22_24_59_400.jpg,0,0.9317102,0,24.03591
D:\ML Projects\Deep Learning\Self Drive\IMG\center_2026_09_12_22_24_59_480.jpg,D:\ML Projects\Deep Learning\Self Drive\IMG\left_2026_09_12_22_24_59_480.jpg,D:\ML Projects\Deep Learning\Self Drive\IMG\right_2026_09_12_22_24_59_480.jpg,-0.2,1,0,24.78748
D:\ML Projects\Deep Learning\Self Drive\IMG\center_2026_09_12_22_24_59_562.jpg,D:\ML Projects\Deep Learning\Self Drive\IMG\left_2026_09_12_22_24_59_562.jpg,D:\ML Projects\Deep Learning\Self Drive\IMG\right_2026_09_12_22_24_59_562.jpg,-0.4,1,0,25.49812
D:\ML Projects\Deep Learning\Self Drive\IMG\center_2026_09_12_22_24_59_640.jpg,D:\ML Projects\Deep Learning\Self Drive\IMG\left_2026_09_12_22_24_59_640.jpg,D:\ML Projects\Deep Learning\Self Drive\IMG\right_2026_09_12_22_24_59_640.jpg,-0.6000001,1,0,26.11726
D:\ML Projects\Deep Learning\Self Drive\IMG\center_2026_09_12_22_24_59_730.jpg,D:\ML Projects\Deep Learning\Self Drive\IMG\left_2026_09_12_22_24_59_730.jpg,D:\ML Projects\Deep Learning\Self Drive\IMG\right_2026_09_12_22_24_59_730.jpg,-0.8000001,1,0,26.63931
D:\ML Projects\Deep Learning\Self Drive\IMG\center_2026_09_12_22_24_59_814.jpg,D:\ML Projects\Deep Learning\Self Drive\IMG\left_2026_09_12_22_24_59_814.jpg,D:\ML Projects\Deep Learning\Self Drive\IMG\right_2026_09_12_22_24_59_814.jpg,0,1,0,27.49203
D:\ML Projects\Deep Learning\Self Drive\IMG\center_2026_09_12_22_24_59_902.jpg,D:\ML Projects\Deep Learning\Self Drive\IMG\left_2026_09_12_22_24_59_902.jpg,D:\ML Projects\Deep Learning\Self Drive\IMG\right_2026_09_12_22_24_59_902.jpg,-0.2,1,0,28.23734
D:\ML Projects\Deep Learning\Self Drive\IMG\center_2026_09_12_22_24_59_980.jpg,D:\ML Projects\Deep Learning\Self Drive\IMG\left_2026_09_12_22_24_59_980.jpg,D:\ML Projects\Deep Learning\Self Drive\IMG\right_2026_09_12_22_24_59_980.jpg,-0.4,1,0,28.93105
D:\ML Projects\Deep Learning\Self Drive\IMG\center_2026_09_12_22_25_00_072.jpg,D:\ML Projects\Deep Learning\Self Drive\IMG\left_2026_09_12_22_25_00_072.jpg,D:\ML Projects\Deep Learning\Self Drive\IMG\right_2026_09_12_22_25_00_072.jpg,-0.6000001,1,0,29.5183
D:\ML Projects\Deep Learning\Self Drive\IMG\center_2026_09_12_22_25_00_156.jpg,D:\ML Projects\Deep Learning\Self Drive\IMG\left_2026_09_12_22_25_00_156.jpg,D:\ML Projects\Deep Learning\Self Drive\IMG\right_2026_09_12_22_25_00_156.jpg,0,1,0,30.1897
D:\ML Projects\Deep Learning\Self Drive\IMG\center_2026_09_12_22_25_00_223.jpg,D:\ML Projects\Deep Learning\Self Drive\IMG\left_2026_09_12_22_25_00_223.jpg,D:\ML Projects\Deep Learning\Self Drive\IMG\right_2026_09_12_22_25_00_223.jpg,0,1,0,30.1897
D:\ML Projects\Deep Learning\Self Drive\IMG\center_2026_09_12_22_25_00_295.jpg,D:\ML Projects\Deep Learning\Self Drive\IMG\left_2026_09_12_22_25_00_295.jpg,D:\ML Projects\Deep Learning\Self Drive\IMG\right_2026_09_12_22_25_00_295.jpg,-0.2,1,0,30.1842
D:\ML Projects\Deep Learning\Self Drive\IMG\center_2026_09_12_22_25_00_423.jpg,D:\ML Projects\Deep Learning\Self Drive\IMG\left_2026_09_12_22_25_00_423.jpg,D:\ML Projects\Deep Learning\Self Drive\IMG\right_2026_09_12_22_25_00_423.jpg,-0.5000001,1,0,30.14828
D:\ML Projects\Deep Learning\Self Drive\IMG\center_2026_09_12_22_25_00_495.jpg,D:\ML Projects\Deep Learning\Self Drive\IMG\left_2026_09_12_22_25_00_495.jpg,D:\ML Projects\Deep Learning\Self Drive\IMG\right_2026_09_12_22_25_00_495.jpg,0,1,0,30.18757
D:\ML Projects\Deep Learning\Self Drive\IMG\center_2026_09_12_22_25_00_565.jpg,D:\ML Projects\Deep Learning\Self Drive\IMG\left_2026_09_12_22_25_00_565.jpg,D:\ML Projects\Deep Learning\Self Drive\IMG\right_2026_09_12_22_25_00_565.jpg,0,1,0,30.18959
D:\ML Projects\Deep Learning\Self Drive\IMG\center_2026_09_12_22_25_00_719.jpg,D:\ML Projects\Deep Learning\Self Drive\IMG\left_2026_09_12_22_25_00_719.jpg,D:\ML Projects\Deep Learning\Self Drive\IMG\right_2026_09_12_22_25_00_719.jpg,-0.25,1,0,30.17741
D:\ML Projects\Deep Learning\Self Drive\IMG\center_2026_09_12_22_25_00_794.jpg,D:\ML Projects\Deep Learning\Self Drive\IMG\left_2026_09_12_22_25_00_794.jpg,D:\ML Projects\Deep Learning\Self Drive\IMG\right_2026_09_12_22_25_00_794.jpg,0,1,0,30.19016
D:\ML Projects\Deep Learning\Self Drive\IMG\center_2026_09_12_22_25_00_866.jpg,D:\ML Projects\Deep Learning\Self Drive\IMG\left_2026_09_12_22_25_00_866.jpg,D:\ML Projects\Deep Learning\Self Drive\IMG\right_2026_09_12_22_25_00_866.jpg,0,1,0,30.19022
D:\ML Projects\Deep Learning\Self Drive\IMG\center_2026_09_12_22_25_00_934.jpg,D:\ML Projects\Deep Learning\Self Drive\IMG\left_2026_09_12_22_25_00_934.jpg,D:\ML Projects\Deep Learning\Self Drive\IMG\right_2026_09_12_22_25_00_934.jpg,0,1,0,30.19032
D:\ML Projects\Deep Learning\Self Drive\IMG\center_2026_09_12_22_25_01_004.jpg,D:\ML Projects\Deep Learning\Self Drive\IMG\left_2026_09_12_22_25_01_004.jpg,D:\ML Projects\Deep Learning\Self Drive\IMG\right_2026_09_12_22_25_01_004.jpg,0,1,0,30.19043
D:\ML Projects\Deep Learning\Self Drive\IMG\center_2026_09_12_22_25_01_082.jpg,D:\ML Projects\Deep Learning\Self Drive\IMG\left_2026_09_12_22_25_01_082.jpg,D:\ML Projects\Deep Learning\Self Drive\IMG\right_2026_09_12_22_25_01_082.jpg,-0.2,1,0,30.18028
D:\ML Projects\Deep Learning\Self Drive\IMG\center_2026_09_12_22_25_01_168.jpg,D:\ML Projects\Deep Learning\Self Drive\IMG\left_2026_09_12_22_25_01_168.jpg,D:\ML Projects\Deep Learning\Self Drive\IMG\right_2026_09_12_22_25_01_168.jpg,-0.4,1,0,30.15786
D:\ML Projects\Deep Learning\Self Drive\IMG\center_2026_09_12_22_25_01_263.jpg,D:\ML Projects\Deep Learning\Self Drive\IMG\left_2026_09_12_22_25_01_263.jpg,D:\ML Projects\Deep Learning\Self Drive\IMG\right_2026_09_12_22_25_01_263.jpg,0,1,0,30.18925
D:\ML Projects\Deep Learning\Self Drive\IMG\center_2026_09_12_22_25_01_342.jpg,D:\ML Projects\Deep Learning\Self Drive\IMG\left_2026_09_12_22_25_01_342.jpg,D:\ML Projects\Deep Learning\Self Drive\IMG\right_2026_09_12_22_25_01_342.jpg,-0.2,1,0,30.18407
D:\ML Projects\Deep Learning\Self Drive\IMG\center_2026_09_12_22_25_01_425.jpg,D:\ML Projects\Deep Learning\Self Drive\IMG\left_2026_09_12_22_25_01_425.jpg,D:\ML Projects\Deep Learning\Self Drive\IMG\right_2026_09_12_22_25_01_425.jpg,0,1,0,30.18998
D:\ML Projects\Deep Learning\Self Drive\IMG\center_2026_09_12_22_25_01_512.jpg,D:\ML Projects\Deep Learning\Self Drive\IMG\left_2026_09_12_22_25_01_512.jpg,D:\ML Projects\Deep Learning\Self Drive\IMG\right_2026_09_12_22_25_01_512.jpg,-0.2,1,0,30.18262
D:\ML Projects\Deep Learning\Self Drive\IMG\center_2026_09_12_22_25_01_597.jpg,D:\ML Projects\Deep Learning\Self Drive\IMG\left_2026_09_12_22_25_01_597.jpg,D:\ML Projects\Deep Learning\Self Drive\IMG\right_2026_09_12_22_25_01_597.jpg,-0.45,1,0,30.1537
D:\ML Projects\Deep Learning\Self Drive\IMG\center_2026_09_12_22_25_01_690.jpg,D:\ML Projects\Deep Learning\Self Drive\IMG\left_2026_09_12_22_25_01_690.jpg,D:\ML Projects\Deep Learning\Self Drive\IMG\right_2026_09_12_22_25_01_690.jpg,0,1,0,30.18827
D:\ML Projects\Deep Learning\Self Drive\IMG\center_2026_09_12_22_25_01_772.jpg,D:\ML Projects\Deep Learning\Self Drive\IMG\left_2026_09_12_22_25_01_772.jpg,D:\ML Projects\Deep Learning\Self Drive\IMG\right_2026_09_12_22_25_01_772.jpg,0,1,0,30.1899
D:\ML Projects\Deep Learning\Self Drive\IMG\center_2026_09_12_22_25_01_862.jpg,D:\ML Projects\Deep Learning\Self Drive\IMG\left_2026_09_12_22_25_01_862.jpg,D:\ML Projects\Deep Learning\Self Drive\IMG\right_2026_09_12_22_25_01_862.jpg,0,1,0,30.19031
D:\ML Projects\Deep Learning\Self Drive\IMG\center_2026_09_12_22_25_01_958.jpg,D:\ML Projects\Deep Learning\Self Drive\IMG\left_2026_09_12_22_25_01_958.jpg,D:\ML Projects\Deep Learning\Self Drive\IMG\right_2026_09_12_22_25_01_958.jpg,0,1,0,30.19029
D:\ML Projects\Deep Learning\Self Drive\IMG\center_2026_09_12_22_25_02_051.jpg,D:\ML Projects\Deep Learning\Self Drive\IMG\left_2026_09_12_22_25_02_051.jpg,D:\ML Projects\Deep Learning\Self Drive\IMG\right_2026_09_12_22_25_02_051.jpg,-0.2,1,0,30.18045
D:\ML Projects\Deep Learning\Self Drive\IMG\center_2026_09_12_22_25_02_194.jpg,D:\ML Projects\Deep Learning\Self Drive\IMG\left_2026_09_12_22_25_02_194.jpg,D:\ML Projects\Deep Learning\Self Drive\IMG\right_2026_09_12_22_25_02_194.jpg,-0.5500001,1,0,30.13948
D:\ML Projects\Deep Learning\Self Drive\IMG\center_2026_09_12_22_25_02_281.jpg,D:\ML Projects\Deep Learning\Self Drive\IMG\left_2026_09_12_22_25_02_281.jpg,D:\ML Projects\Deep Learning\Self Drive\IMG\right_2026_09_12_22_25_02_281.jpg,0,1,0,30.18794
D:\ML Projects\Deep Learning\Self Drive\IMG\center_2026_09_12_22_25_02_365.jpg,D:\ML Projects\Deep Learning\Self Drive\IMG\left_2026_09_12_22_25_02_365.jpg,D:\ML Projects\Deep Learning\Self Drive\IMG\right_2026_09_12_22_25_02_365.jpg,0,1,0,30.18986
D:\ML Projects\Deep Learning\Self Drive\IMG\center_2026_09_12_22_25_02_447.jpg,D:\ML Projects\Deep Learning\Self Drive\IMG\left_2026_09_12_22_25_02_447.jpg,D:\ML Projects\Deep Learning\Self Drive\IMG\right_2026_09_12_22_25_02_447.jpg,0,1,0,30.19023
D:\ML Projects\Deep Learning\Self Drive\IMG\center_2026_09_12_22_25_02_529.jpg,D:\ML Projects\Deep Learning\Self Drive\IMG\left_2026_09_12_22_25_02_529.jpg,D:\ML Projects\Deep Learning\Self Drive\IMG\right_2026_09_12_22_25_02_529.jpg,0,1,0,30.19014
D:\ML Projects\Deep Learning\Self Drive\IMG\center_2026_09_12_22_25_02_616.jpg,D:\ML Projects\Deep Learning\Self Drive\IMG\left_2026_09_12_22_25_02_616.jpg,D:\ML Projects\Deep Learning\Self Drive\IMG\right_2026_09_12_22_25_02_616.jpg,0,1,0,30.19033
D:\ML Projects\Deep Learning\Self Drive\IMG\center_2026_09_12_22_25_02_721.jpg,D:\ML Projects\Deep Learning\Self Drive\IMG\left_2026_09_12_22_25_02_721.jpg,D:\ML Projects\Deep Learning\Self Drive\IMG\right_2026_09_12_22_25_02_721.jpg,-0.25,1,0,30.17504
D:\ML Projects\Deep Learning\Self Drive\IMG\center_2026_09_12_22_25_02_809.jpg,D:\ML Projects\Deep Learning\Self Drive\IMG\left_2026_09_12_22_25_02_809.jpg,D:\ML Projects\Deep Learning\Self Drive\IMG\right_2026_09_12_22_25_02_809.jpg,0,1,0,30.19016
D:\ML Projects\Deep Learning\Self Drive\IMG\center_2026_09_12_22_25_02_891.jpg,D:\ML Projects\Deep Learning\Self Drive\IMG\left_2026_09_12_22_25_02_891.jpg,D:\ML Projects\Deep Learning\Self Drive\IMG\right_2026_09_12_22_25_02_891.jpg,0,1,0,30.19025
D:\ML Projects\Deep Learning\Self Drive\IMG\center_2026_09_12_22_25_02_980.jpg,D:\ML Projects\Deep Learning\Self Drive\IMG\left_2026_09_12_22_25_02_980.jpg,D:\ML Projects\Deep Learning\Self Drive\IMG\right_2026_09_12_22_25_02_980.jpg,0,1,0,30.19041
D:\ML Projects\Deep Learning\Self Drive\IMG\center_2026_09_12_22_25_03_066.jpg,D:\ML Projects\Deep Learning\Self Drive\IMG\left_2026_09_12_22_25_03_066.jpg,D:\ML Projects\Deep Learning\Self Drive\IMG\right_2026_09_12_22_25_03_066.jpg,0.2,1,0,30.17928
D:\ML Projects\Deep Learning\Self Drive\IMG\center_2026_09_12_22_25_03_171.jpg,D:\ML Projects\Deep Learning\Self Drive\IMG\left_2026_09_12_22_25_03_171.jpg,D:\ML Projects\Deep Learning\Self Drive\IMG\right_2026_09_12_22_25_03_171.jpg,0,1,0,30.19011
D:\ML Projects\Deep Learning\Self Drive\IMG\center_2026_09_12_22_25_03_252.jpg,D:\ML Projects\Deep Learning\Self Drive\IMG\left_2026_09_12_22_25_03_252.jpg,D:\ML Projects\Deep Learning\Self Drive\IMG\right_2026_09_12_22_25_03_252.jpg,0,1,0,30.19027
D:\ML Projects\Deep Learning\Self Drive\IMG\center_2026_09_12_22_25_03_331.jpg,D:\ML Projects\Deep Learning\Self Drive\IMG\left_2026_09_12_22_25_03_331.jpg,D:\ML Projects\Deep Learning\Self Drive\IMG\right_2026_09_12_22_25_03_331.jpg,0,1,0,30.19035
D:\ML Projects\Deep Learning\Self Drive\IMG\center_2026_09_12_22_25_03_408.jpg,D:\ML Projects\Deep Learning\Self Drive\IMG\left_2026_09_12_22_25_03_408.jpg,D:\ML Projects\Deep Learning\Self Drive\IMG\right_2026_09_12_22_25_03_408.jpg,0,1,0,30.19029
D:\ML Projects\Deep Learning\Self Drive\IMG\center_2026_09_12_22_25_03_482.jpg,D:\ML Projects\Deep Learning\Self Drive\IMG\left_2026_09_12_22_25_03_482.jpg,D:\ML Projects\Deep Learning\Self Drive\IMG\right_2026_09_12_22_25_03_482.jpg,0,1,0,30.19038
D:\ML Projects\Deep Learning\Self Drive\IMG\center_2026_09_12_22_25_03_564.jpg,D:\ML Projects\Deep Learning\Self Drive\IMG\left_2026_09_12_22_25_03_564.jpg,D:\ML Projects\Deep Learning\Self Drive\IMG\right_2026_09_12_22_25_03_564.jpg,0,1,0,30.19029
D:\ML Projects\Deep Learning\Self Drive\IMG\center_2026_09_12_22_25_03_651.jpg,D:\ML Projects\Deep Learning\Self Drive\IMG\left_2026_09_12_22_25_03_651.jpg,D:\ML Projects\Deep Learning\Self Drive\IMG\right_2026_09_12_22_25_03_651.jpg,0,1,0,30.1903
D:\ML Projects\Deep Learning\Self Drive\IMG\center_2026_09_12_22_25_03_757.jpg,D:\ML Projects\Deep Learning\Self Drive\IMG\left_2026_09_12_22_25_03_757.jpg,D:\ML Projects\Deep Learning\Self Drive\IMG\right_2026_09_12_22_25_03_757.jpg,0.3,1,0,30.16927
D:\ML Projects\Deep Learning\Self Drive\IMG\center_2026_09_12_22_25_03_859.jpg,D:\ML Projects\Deep Learning\Self Drive\IMG\left_2026_09_12_22_25_03_859.jpg,D:\ML Projects\Deep Learning\Self Drive\IMG\right_2026_09_12_22_25_03_859.jpg,0,1,0,30.18978
D:\ML Projects\Deep Learning\Self Drive\IMG\center_2026_09_12_22_25_03_944.jpg,D:\ML Projects\Deep Learning\Self Drive\IMG\left_2026_09_12_22_25_03_944.jpg,D:\ML Projects\Deep Learning\Self Drive\IMG\right_2026_09_12_22_25_03_944.jpg,0,1,0,30.1902
D:\ML Projects\Deep Learning\Self Drive\IMG\center_2026_09_12_22_25_04_037.jpg,D:\ML Projects\Deep Learning\Self Drive\IMG\left_2026_09_12_22_25_04_037.jpg,D:\ML Projects\Deep Learning\Self Drive\IMG\right_2026_09_12_22_25_04_037.jpg,0,1,0,30.19026
D:\ML Projects\Deep Learning\Self Drive\IMG\center_2026_09_12_22_25_04_124.jpg,D:\ML Projects\Deep Learning\Self Drive\IMG\left_2026_09_12_22_25_04_124.jpg,D:\ML Projects\Deep Learning\Self Drive\IMG\right_2026_09_12_22_25_04_124.jpg,0,1,0,30.1903
D:\ML Projects\Deep Learning\Self Drive\IMG\center_2026_09_12_22_25_04_211.jpg,D:\ML Projects\Deep Learning\Self Drive\IMG\left_2026_09_12_22_25_04_211.jpg,D:\ML Projects\Deep Learning\Self Drive\IMG\right_2026_09_12_22_25_04_211.jpg,0,1,0,30.1903
D:\ML Projects\Deep Learning\Self Drive\IMG\center_2026_09_12_22_25_04_288.jpg,D:\ML Projects\Deep Learning\Self Drive\IMG\left_2026_09_12_22_25_04_288.jpg,D:\ML Projects\Deep Learning\Self Drive\IMG\right_2026_09_12_22_25_04_288.jpg,0,1,0,30.19029
D:\ML Projects\Deep Learning\Self Drive\IMG\center_2026_09_12_22_25_04_377.jpg,D:\ML Projects\Deep Learning\Self Drive\IMG\left_2026_09_12_22_25_04_377.jpg,D:\ML Projects\Deep Learning\Self Drive\IMG\right_2026_09_12_22_25_04_377.jpg,-0.25,1,0,30.17476
D:\ML Projects\Deep Learning\Self Drive\IMG\center_2026_09_12_22_25_04_459.jpg,D:\ML Projects\Deep Learning\Self Drive\IMG\left_2026_09_12_22_25_04_459.jpg,D:\ML Projects\Deep Learning\Self Drive\IMG\right_2026_09_12_22_25_04_459.jpg,0,1,0,30.19014
D:\ML Projects\Deep Learning\Self Drive\IMG\center_2026_09_12_22_25_04_545.jpg,D:\ML Projects\Deep Learning\Self Drive\IMG\left_2026_09_12_22_25_04_545.jpg,D:\ML Projects\Deep Learning\Self Drive\IMG\right_2026_09_12_22_25_04_545.jpg,0,1,0,30.19022
D:\ML Projects\Deep Learning\Self Drive\IMG\center_2026_09_12_22_25_04_628.jpg,D:\ML Projects\Deep Learning\Self Drive\IMG\left_2026_09_12_22_25_04_628.jpg,D:\ML Projects\Deep Learning\Self Drive\IMG\right_2026_09_12_22_25_04_628.jpg,0,1,0,30.1903
D:\ML Projects\Deep Learning\Self Drive\IMG\center_2026_09_12_22_25_04_717.jpg,D:\ML Projects\Deep Learning\Self Drive\IMG\left_2026_09_12_22_25_04_717.jpg,D:\ML Projects\Deep Learning\Self Drive\IMG\right_2026_09_12_22_25_04_717.jpg,0,1,0,30.19029
D:\ML Projects\Deep Learning\Self Drive\IMG\center_2026_09_12_22_25_04_807.jpg,D:\ML Projects\Deep Learning\Self Drive\IMG\left_2026_09_12_22_25_04_807.jpg,D:\ML Projects\Deep Learning\Self Drive\IMG\right_2026_09_12_22_25_04_807.jpg,0,1,0,30.1903
D:\ML Projects\Deep Learning\Self Drive\IMG\center_2026_09_12_22_25_04_885.jpg,D:\ML Projects\Deep Learning\Self Drive\IMG\left_2026_09_12_22_25_04_885.jpg,D:\ML Projects\Deep Learning\Self Drive\IMG\right_2026_09_12_22_25_04_885.jpg,0,1,0,30.19031
D:\ML Projects\Deep Learning\Self Drive\IMG\center_2026_09_12_22_25_04_959.jpg,D:\ML Projects\Deep Learning\Self Drive\IMG\left_2026_09_12_22_25_04_959.jpg,D:\ML Projects\Deep Learning\Self Drive\IMG\right_2026_09_12_22_25_04_959.jpg,0,1,0,30.19032
D:\ML Projects\Deep Learning\Self Drive\IMG\center_2026_09_12_22_25_05_031.jpg,D:\ML Projects\Deep Learning\Self Drive\IMG\left_2026_09_12_22_25_05_031.jpg,D:\ML Projects\Deep Learning\Self Drive\IMG\right_2026_09_12_22_25_05_031.jpg,0.15,1,0,30.18419
D:\ML Projects\Deep Learning\Self Drive\IMG\center_2026_09_12_22_25_05_105.jpg,D:\ML Projects\Deep Learning\Self Drive\IMG\left_2026_09_12_22_25_05_105.jpg,D:\ML Projects\Deep Learning\Self Drive\IMG\right_2026_09_12_22_25_05_105.jpg,0,1,0,30.19034
D:\ML Projects\Deep Learning\Self Drive\IMG\center_2026_09_12_22_25_05_242.jpg,D:\ML Projects\Deep Learning\Self Drive\IMG\left_2026_09_12_22_25_05_242.jpg,D:\ML Projects\Deep Learning\Self Drive\IMG\right_2026_09_12_22_25_05_242.jpg,0,1,0,30.19029
D:\ML Projects\Deep Learning\Self Drive\IMG\center_2026_09_12_22_25_05_310.jpg,D:\ML Projects\Deep Learning\Self Drive\IMG\left_2026_09_12_22_25_05_310.jpg,D:\ML Projects\Deep Learning\Self Drive\IMG\right_2026_09_12_22_25_05_310.jpg,0,1,0,30.19031
D:\ML Projects\Deep Learning\Self Drive\IMG\center_2026_09_12_22_25_05_381.jpg,D:\ML Projects\Deep Learning\Self Drive\IMG\left_2026_09_12_22_25_05_381.jpg,D:\ML Projects\Deep Learning\Self Drive\IMG\right_2026_09_12_22_25_05_381.jpg,0,1,0,30.19029
D:\ML Projects\Deep Learning\Self Drive\IMG\center_2026_09_12_22_25_05_451.jpg,D:\ML Projects\Deep Learning\Self Drive\IMG\left_2026_09_12_22_25_05_451.jpg,D:\ML Projects\Deep Learning\Self Drive\IMG\right_2026_09_12_22_25_05_451.jpg,0,1,0,30.1903
D:\ML Projects\Deep Learning\Self Drive\IMG\center_2026_09_12_22_25_05_527.jpg,D:\ML Projects\Deep Learning\Self Drive\IMG\left_2026_09_12_22_25_05_527.jpg,D:\ML Projects\Deep Learning\Self Drive\IMG\right_2026_09_12_22_25_05_527.jpg,0,1,0,30.19031
D:\ML Projects\Deep Learning\Self Drive\IMG\center_2026_09_12_22_25_05_632.jpg,D:\ML Projects\Deep Learning\Self Drive\IMG\left_2026_09_12_22_25_05_632.jpg,D:\ML Projects\Deep Learning\Self Drive\IMG\right_2026_09_12_22_25_05_632.jpg,0.25,1,0,30.1748
D:\ML Projects\Deep Learning\Self Drive\IMG\center_2026_09_12_22_25_05_704.jpg,D:\ML Projects\Deep Learning\Self Drive\IMG\left_2026_09_12_22_25_05_704.jpg,D:\ML Projects\Deep Learning\Self Drive\IMG\right_2026_09_12_22_25_05_704.jpg,0,1,0,30.19013
D:\ML Projects\Deep Learning\Self Drive\IMG\center_2026_09_12_22_25_05_779.jpg,D:\ML Projects\Deep Learning\Self Drive\IMG\left_2026_09_12_22_25_05_779.jpg,D:\ML Projects\Deep Learning\Self Drive\IMG\right_2026_09_12_22_25_05_779.jpg,0,1,0,30.19021
D:\ML Projects\Deep Learning\Self Drive\IMG\center_2026_09_12_22_25_05_846.jpg,D:\ML Projects\Deep Learning\Self Drive\IMG\left_2026_09_12_22_25_05_846.jpg,D:\ML Projects\Deep Learning\Self Drive\IMG\right_2026_09_12_22_25_05_846.jpg,0,1,0,30.19027
D:\ML Projects\Deep Learning\Self Drive\IMG\center_2026_09_12_22_25_05_964.jpg,D:\ML Projects\Deep Learning\Self Drive\IMG\left_2026_09_12_22_25_05_964.jpg,D:\ML Projects\Deep Learning\Self Drive\IMG\right_2026_09_12_22_25_05_964.jpg,0,1,0,30.18998
D:\ML Projects\Deep Learning\Self Drive\IMG\center_2026_09_12_22_25_06_082.jpg,D:\ML Projects\Deep Learning\Self Drive\IMG\left_2026_09_12_22_25_06_082.jpg,D:\ML Projects\Deep Learning\Self Drive\IMG\right_2026_09_12_22_25_06_082.jpg,0,1,0,30.19021
D:\ML Projects\Deep Learning\Self Drive\IMG\center_2026_09_12_22_25_06_211.jpg,D:\ML Projects\Deep Learning\Self Drive\IMG\left_2026_09_12_22_25_06_211.jpg,D:\ML Projects\Deep Learning\Self Drive\IMG\right_2026_09_12_22_25_06_211.jpg,0,0.8092519,0,30.14735
D:\ML Projects\Deep Learning\Self Drive\IMG\center_2026_09_12_22_25_06_330.jpg,D:\ML Projects\Deep Learning\Self Drive\IMG\left_2026_09_12_22_25_06_330.jpg,D:\ML Projects\Deep Learning\Self Drive\IMG\right_2026_09_12_22_25_06_330.jpg,0,0.4522333,0,30.05755
D:\ML Projects\Deep Learning\Self Drive\IMG\center_2026_09_12_22_25_06_447.jpg,D:\ML Projects\Deep Learning\Self Drive\IMG\left_2026_09_12_22_25_06_447.jpg,D:\ML Projects\Deep Learning\Self Drive\IMG\right_2026_09_12_22_25_06_447.jpg,0,0.1009662,0,29.91932
D:\ML Projects\Deep Learning\Self Drive\IMG\center_2026_09_12_22_25_06_520.jpg,D:\ML Projects\Deep Learning\Self Drive\IMG\left_2026_09_12_22_25_06_520.jpg,D:\ML Projects\Deep Learning\Self Drive\IMG\right_2026_09_12_22_25_06_520.jpg,0.2,0,0,29.67621
D:\ML Projects\Deep Learning\Self Drive\IMG\center_2026_09_12_22_25_06_648.jpg,D:\ML Projects\Deep Learning\Self Drive\IMG\left_2026_09_12_22_25_06_648.jpg,D:\ML Projects\Deep Learning\Self Drive\IMG\right_2026_09_12_22_25_06_648.jpg,0,0,0,29.31701
D:\ML Projects\Deep Learning\Self Drive\IMG\center_2026_09_12_22_25_06_716.jpg,D:\ML Projects\Deep Learning\Self Drive\IMG\left_2026_09_12_22_25_06_716.jpg,D:\ML Projects\Deep Learning\Self Drive\IMG\right_2026_09_12_22_25_06_716.jpg,0.2,0,0,29.06564
D:\ML Projects\Deep Learning\Self Drive\IMG\center_2026_09_12_22_25_06_801.jpg,D:\ML Projects\Deep Learning\Self Drive\IMG\left_2026_09_12_22_25_06_801.jpg,D:\ML Projects\Deep Learning\Self Drive\IMG\right_2026_09_12_22_25_06_801.jpg,0,0,0,28.8296
D:\ML Projects\Deep Learning\Self Drive\IMG\center_2026_09_12_22_25_06_870.jpg,D:\ML Projects\Deep Learning\Self Drive\IMG\left_2026_09_12_22_25_06_870.jpg,D:\ML Projects\Deep Learning\Self Drive\IMG\right_2026_09_12_22_25_06_870.jpg,0,0,0,28.65521
D:\ML Projects\Deep Learning\Self Drive\IMG\center_2026_09_12_22_25_07_001.jpg,D:\ML Projects\Deep Learning\Self Drive\IMG\left_2026_09_12_22_25_07_001.jpg,D:\ML Projects\Deep Learning\Self Drive\IMG\right_2026_09_12_22_25_07_001.jpg,0.15,0,0,28.24541
D:\ML Projects\Deep Learning\Self Drive\IMG\center_2026_09_12_22_25_07_135.jpg,D:\ML Projects\Deep Learning\Self Drive\IMG\left_2026_09_12_22_25_07_135.jpg,D:\ML Projects\Deep Learning\Self Drive\IMG\right_2026_09_12_22_25_07_135.jpg,0,0,0,27.80185
D:\ML Projects\Deep Learning\Self Drive\IMG\center_2026_09_12_22_25_07_247.jpg,D:\ML Projects\Deep Learning\Self Drive\IMG\left_2026_09_12_22_25_07_247.jpg,D:\ML Projects\Deep Learning\Self Drive\IMG\right_2026_09_12_22_25_07_247.jpg,0.1,0,0,27.52034
D:\ML Projects\Deep Learning\Self Drive\IMG\center_2026_09_12_22_25_07_356.jpg,D:\ML Projects\Deep Learning\Self Drive\IMG\left_2026_09_12_22_25_07_356.jpg,D:\ML Projects\Deep Learning\Self Drive\IMG\right_2026_09_12_22_25_07_356.jpg,0,0,0,27.16137
D:\ML Projects\Deep Learning\Self Drive\IMG\center_2026_09_12_22_25_07_460.jpg,D:\ML Projects\Deep Learning\Self Drive\IMG\left_2026_09_12_22_25_07_460.jpg,D:\ML Projects\Deep Learning\Self Drive\IMG\right_2026_09_12_22_25_07_460.jpg,0,0,0,26.88775
D:\ML Projects\Deep Learning\Self Drive\IMG\center_2026_09_12_22_25_07_572.jpg,D:\ML Projects\Deep Learning\Self Drive\IMG\left_2026_09_12_22_25_07_572.jpg,D:\ML Projects\Deep Learning\Self Drive\IMG\right_2026_09_12_22_25_07_572.jpg,0,0,0,26.55671
D:\ML Projects\Deep Learning\Self Drive\IMG\center_2026_09_12_22_25_07_686.jpg,D:\ML Projects\Deep Learning\Self Drive\IMG\left_2026_09_12_22_25_07_686.jpg,D:\ML Projects\Deep Learning\Self Drive\IMG\right_2026_09_12_22_25_07_686.jpg,0.15,0,0,26.28349
D:\ML Projects\Deep Learning\Self Drive\IMG\center_2026_09_12_22_25_07_821.jpg,D:\ML Projects\Deep Learning\Self Drive\IMG\left_2026_09_12_22_25_07_821.jpg,D:\ML Projects\Deep Learning\Self Drive\IMG\right_2026_09_12_22_25_07_821.jpg,0,0,0,25.87053
D:\ML Projects\Deep Learning\Self Drive\IMG\center_2026_09_12_22_25_07_929.jpg,D:\ML Projects\Deep Learning\Self Drive\IMG\left_2026_09_12_22_25_07_929.jpg,D:\ML Projects\Deep Learning\Self Drive\IMG\right_2026_09_12_22_25_07_929.jpg,0.25,0.1709679,0,25.65519
D:\ML Projects\Deep Learning\Self Drive\IMG\center_2026_09_12_22_25_08_044.jpg,D:\ML Projects\Deep Learning\Self Drive\IMG\left_2026_09_12_22_25_08_044.jpg,D:\ML Projects\Deep Learning\Self Drive\IMG\right_2026_09_12_22_25_08_044.jpg,0.5500001,0.5143866,0,25.73098
D:\ML Projects\Deep Learning\Self Drive\IMG\center_2026_09_12_22_25_08_174.jpg,D:\ML Projects\Deep Learning\Self Drive\IMG\left_2026_09_12_22_25_08_174.jpg,D:\ML Projects\Deep Learning\Self Drive\IMG\right_2026_09_12_22_25_08_174.jpg,0,0.9020754,0,26.66285
D:\ML Projects\Deep Learning\Self Drive\IMG\center_2026_09_12_22_25_08_289.jpg,D:\ML Projects\Deep Learning\Self Drive\IMG\left_2026_09_12_22_25_08_289.jpg,D:\ML Projects\Deep Learning\Self Drive\IMG\right_2026_09_12_22_25_08_289.jpg,0.25,1,0,27.56664
D:\ML Projects\Deep Learning\Self Drive\IMG\center_2026_09_12_22_25_08_398.jpg,D:\ML Projects\Deep Learning\Self Drive\IMG\left_2026_09_12_22_25_08_398.jpg,D:\ML Projects\Deep Learning\Self Drive\IMG\right_2026_09_12_22_25_08_398.jpg,0.5500001,1,0,28.50956
D:\ML Projects\Deep Learning\Self Drive\IMG\center_2026_09_12_22_25_08_486.jpg,D:\ML Projects\Deep Learning\Self Drive\IMG\left_2026_09_12_22_25_08_486.jpg,D:\ML Projects\Deep Learning\Self Drive\IMG\right_2026_09_12_22_25_08_486.jpg,0,1,0,29.21588
D:\ML Projects\Deep Learning\Self Drive\IMG\center_2026_09_12_22_25_08_607.jpg,D:\ML Projects\Deep Learning\Self Drive\IMG\left_2026_09_12_22_25_08_607.jpg,D:\ML Projects\Deep Learning\Self Drive\IMG\right_2026_09_12_22_25_08_607.jpg,0.15,1,0,30.18715
D:\ML Projects\Deep Learning\Self Drive\IMG\center_2026_09_12_22_25_08_707.jpg,D:\ML Projects\Deep Learning\Self Drive\IMG\left_2026_09_12_22_25_08_707.jpg,D:\ML Projects\Deep Learning\Self Drive\IMG\right_2026_09_12_22_25_08_707.jpg,0.4,1,0,30.1621
D:\ML Projects\Deep Learning\Self Drive\IMG\center_2026_09_12_22_25_08_775.jpg,D:\ML Projects\Deep Learning\Self Drive\IMG\left_2026_09_12_22_25_08_775.jpg,D:\ML Projects\Deep Learning\Self Drive\IMG\right_2026_09_12_22_25_08_775.jpg,0.6000001,1,0,30.13593
D:\ML Projects\Deep Learning\Self Drive\IMG\center_2026_09_12_22_25_08_882.jpg,D:\ML Projects\Deep Learning\Self Drive\IMG\left_2026_09_12_22_25_08_882.jpg,D:\ML Projects\Deep Learning\Self Drive\IMG\right_2026_09_12_22_25_08_882.jpg,0,1,0,30.18702
D:\ML Projects\Deep Learning\Self Drive\IMG\center_2026_09_12_22_25_08_998.jpg,D:\ML Projects\Deep Learning\Self Drive\IMG\left_2026_09_12_22_25_08_998.jpg,D:\ML Projects\Deep Learning\Self Drive\IMG\right_2026_09_12_22_25_08_998.jpg,0.3,1,0,30.17548
D:\ML Projects\Deep Learning\Self Drive\IMG\center_2026_09_12_22_25_09_110.jpg,D:\ML Projects\Deep Learning\Self Drive\IMG\left_2026_09_12_22_25_09_110.jpg,D:\ML Projects\Deep Learning\Self Drive\IMG\right_2026_09_12_22_25_09_110.jpg,0.5500001,0.661531,0,30.04487
D:\ML Projects\Deep Learning\Self Drive\IMG\center_2026_09_12_22_25_09_217.jpg,D:\ML Projects\Deep Learning\Self Drive\IMG\left_2026_09_12_22_25_09_217.jpg,D:\ML Projects\Deep Learning\Self Drive\IMG\right_2026_09_12_22_25_09_217.jpg,0,0.3397393,0,30.01379
D:\ML Projects\Deep Learning\Self Drive\IMG\center_2026_09_12_22_25_09_322.jpg,D:\ML Projects\Deep Learning\Self Drive\IMG\left_2026_09_12_22_25_09_322.jpg,D:\ML Projects\Deep Learning\Self Drive\IMG\right_2026_09_12_22_25_09_322.jpg,0,0.02531622,0,29.83217
D:\ML Projects\Deep Learning\Self Drive\IMG\center_2026_09_12_22_25_09_423.jpg,D:\ML Projects\Deep Learning\Self Drive\IMG\left_2026_09_12_22_25_09_423.jpg,D:\ML Projects\Deep Learning\Self Drive\IMG\right_2026_09_12_22_25_09_423.jpg,0.25,0,0,29.52123
D:\ML Projects\Deep Learning\Self Drive\IMG\center_2026_09_12_22_25_09_544.jpg,D:\ML Projects\Deep Learning\Self Drive\IMG\left_2026_09_12_22_25_09_544.jpg,D:\ML Projects\Deep Learning\Self Drive\IMG\right_2026_09_12_22_25_09_544.jpg,0,0,0,29.09533
D:\ML Projects\Deep Learning\Self Drive\IMG\center_2026_09_12_22_25_09_650.jpg,D:\ML Projects\Deep Learning\Self Drive\IMG\left_2026_09_12_22_25_09_650.jpg,D:\ML Projects\Deep Learning\Self Drive\IMG\right_2026_09_12_22_25_09_650.jpg,0.1,0,0,28.80024
D:\ML Projects\Deep Learning\Self Drive\IMG\center_2026_09_12_22_25_09_761.jpg,D:\ML Projects\Deep Learning\Self Drive\IMG\left_2026_09_12_22_25_09_761.jpg,D:\ML Projects\Deep Learning\Self Drive\IMG\right_2026_09_12_22_25_09_761.jpg,0.4,0,0,28.3693
D:\ML Projects\Deep Learning\Self Drive\IMG\center_2026_09_12_22_25_09_883.jpg,D:\ML Projects\Deep Learning\Self Drive\IMG\left_2026_09_12_22_25_09_883.jpg,D:\ML Projects\Deep Learning\Self Drive\IMG\right_2026_09_12_22_25_09_883.jpg,0.7,0,0,27.74092
D:\ML Projects\Deep Learning\Self Drive\IMG\center_2026_09_12_22_25_10_001.jpg,D:\ML Projects\Deep Learning\Self Drive\IMG\left_2026_09_12_22_25_10_001.jpg,D:\ML Projects\Deep Learning\Self Drive\IMG\right_2026_09_12_22_25_10_001.jpg,1,0,0,26.93749
D:\ML Projects\Deep Learning\Self Drive\IMG\center_2026_09_12_22_25_10_128.jpg,D:\ML Projects\Deep Learning\Self Drive\IMG\left_2026_09_12_22_25_10_128.jpg,D:\ML Projects\Deep Learning\Self Drive\IMG\right_2026_09_12_22_25_10_128.jpg,0,0,0,26.30448
D:\ML Projects\Deep Learning\Self Drive\IMG\center_2026_09_12_22_25_10_257.jpg,D:\ML Projects\Deep Learning\Self Drive\IMG\left_2026_09_12_22_25_10_257.jpg,D:\ML Projects\Deep Learning\Self Drive\IMG\right_2026_09_12_22_25_10_257.jpg,0,0,0,25.82611
D:\ML Projects\Deep Learning\Self Drive\IMG\center_2026_09_12_22_25_10_374.jpg,D:\ML Projects\Deep Learning\Self Drive\IMG\left_2026_09_12_22_25_10_374.jpg,D:\ML Projects\Deep Learning\Self Drive\IMG\right_2026_09_12_22_25_10_374.jpg,0,0.3561996,0,25.8401
D:\ML Projects\Deep Learning\Self Drive\IMG\center_2026_09_12_22_25_10_495.jpg,D:\ML Projects\Deep Learning\Self Drive\IMG\left_2026_09_12_22_25_10_495.jpg,D:\ML Projects\Deep Learning\Self Drive\IMG\right_2026_09_12_22_25_10_495.jpg,0,0.7172325,0,26.3857
D:\ML Projects\Deep Learning\Self Drive\IMG\center_2026_09_12_22_25_10_607.jpg,D:\ML Projects\Deep Learning\Self Drive\IMG\left_2026_09_12_22_25_10_607.jpg,D:\ML Projects\Deep Learning\Self Drive\IMG\right_2026_09_12_22_25_10_607.jpg,0.15,1,0,27.22121
D:\ML Projects\Deep Learning\Self Drive\IMG\center_2026_09_12_22_25_10_723.jpg,D:\ML Projects\Deep Learning\Self Drive\IMG\left_2026_09_12_22_25_10_723.jpg,D:\ML Projects\Deep Learning\Self Drive\IMG\right_2026_09_12_22_25_10_723.jpg,0,1,0,28.2976
D:\ML Projects\Deep Learning\Self Drive\IMG\center_2026_09_12_22_25_10_796.jpg,D:\ML Projects\Deep Learning\Self Drive\IMG\left_2026_09_12_22_25_10_796.jpg,D:\ML Projects\Deep Learning\Self Drive\IMG\right_2026_09_12_22_25_10_796.jpg,0,1,0,29.03598
D:\ML Projects\Deep Learning\Self Drive\IMG\center_2026_09_12_22_25_10_918.jpg,D:\ML Projects\Deep Learning\Self Drive\IMG\left_2026_09_12_22_25_10_918.jpg,D:\ML Projects\Deep Learning\Self Drive\IMG\right_2026_09_12_22_25_10_918.jpg,0.3,1,0,30.08981
D:\ML Projects\Deep Learning\Self Drive\IMG\center_2026_09_12_22_25_11_043.jpg,D:\ML Projects\Deep Learning\Self Drive\IMG\left_2026_09_12_22_25_11_043.jpg,D:\ML Projects\Deep Learning\Self Drive\IMG\right_2026_09_12_22_25_11_043.jpg,0,1,0,30.18998
D:\ML Projects\Deep Learning\Self Drive\IMG\center_2026_09_12_22_25_11_175.jpg,D:\ML Projects\Deep Learning\Self Drive\IMG\left_2026_09_12_22_25_11_175.jpg,D:\ML Projects\Deep Learning\Self Drive\IMG\right_2026_09_12_22_25_11_175.jpg,0.2,1,0,30.18147
D:\ML Projects\Deep Learning\Self Drive\IMG\center_2026_09_12_22_25_11_304.jpg,D:\ML Projects\Deep Learning\Self Drive\IMG\left_2026_09_12_22_25_11_304.jpg,D:\ML Projects\Deep Learning\Self Drive\IMG\right_2026_09_12_22_25_11_304.jpg,0.5000001,1,0,30.14602
D:\ML Projects\Deep Learning\Self Drive\IMG\center_2026_09_12_22_25_11_431.jpg,D:\ML Projects\Deep Learning\Self Drive\IMG\left_2026_09_12_22_25_11_431.jpg,D:\ML Projects\Deep Learning\Self Drive\IMG\right_2026_09_12_22_25_11_431.jpg,0,1,0,30.18903
D:\ML Projects\Deep Learning\Self Drive\IMG\center_2026_09_12_22_25_11_509.jpg,D:\ML Projects\Deep Learning\Self Drive\IMG\left_2026_09_12_22_25_11_509.jpg,D:\ML Projects\Deep Learning\Self Drive\IMG\right_2026_09_12_22_25_11_509.jpg,0,1,0,30.19009
D:\ML Projects\Deep Learning\Self Drive\IMG\center_2026_09_12_22_25_11_578.jpg,D:\ML Projects\Deep Learning\Self Drive\IMG\left_2026_09_12_22_25_11_578.jpg,D:\ML Projects\Deep Learning\Self Drive\IMG\right_2026_09_12_22_25_11_578.jpg,0.2,1,0,30.18248
D:\ML Projects\Deep Learning\Self Drive\IMG\center_2026_09_12_22_25_11_708.jpg,D:\ML Projects\Deep Learning\Self Drive\IMG\left_2026_09_12_22_25_11_708.jpg,D:\ML Projects\Deep Learning\Self Drive\IMG\right_2026_09_12_22_25_11_708.jpg,0,1,0,30.18841
D:\ML Projects\Deep Learning\Self Drive\IMG\center_2026_09_12_22_25_11_785.jpg,D:\ML Projects\Deep Learning\Self Drive\IMG\left_2026_09_12_22_25_11_785.jpg,D:\ML Projects\Deep Learning\Self Drive\IMG\right_2026_09_12_22_25_11_785.jpg,0,1,0,30.19003
D:\ML Projects\Deep Learning\Self Drive\IMG\center_2026_09_12_22_25_11_854.jpg,D:\ML Projects\Deep Learning\Self Drive\IMG\left_2026_09_12_22_25_11_854.jpg,D:\ML Projects\Deep Learning\Self Drive\IMG\right_2026_09_12_22_25_11_854.jpg,0,1,0,30.19002
D:\ML Projects\Deep Learning\Self Drive\IMG\center_2026_09_12_22_25_11_923.jpg,D:\ML Projects\Deep Learning\Self Drive\IMG\left_2026_09_12_22_25_11_923.jpg,D:\ML Projects\Deep Learning\Self Drive\IMG\right_2026_09_12_22_25_11_923.jpg,0,1,0,30.1903
D:\ML Projects\Deep Learning\Self Drive\IMG\center_2026_09_12_22_25_11_992.jpg,D:\ML Projects\Deep Learning\Self Drive\IMG\left_2026_09_12_22_25_11_992.jpg,D:\ML Projects\Deep Learning\Self Drive\IMG\right_2026_09_12_22_25_11_992.jpg,0,1,0,30.19029
D:\ML Projects\Deep Learning\Self Drive\IMG\center_2026_09_12_22_25_12_060.jpg,D:\ML Projects\Deep Learning\Self Drive\IMG\left_2026_09_12_22_25_12_060.jpg,D:\ML Projects\Deep Learning\Self Drive\IMG\right_2026_09_12_22_25_12_060.jpg,0,1,0,30.19031
D:\ML Projects\Deep Learning\Self Drive\IMG\center_2026_09_12_22_25_12_129.jpg,D:\ML Projects\Deep Learning\Self Drive\IMG\left_2026_09_12_22_25_12_129.jpg,D:\ML Projects\Deep Learning\Self Drive\IMG\right_2026_09_12_22_25_12_129.jpg,-0.15,1,0,30.1841
D:\ML Projects\Deep Learning\Self Drive\IMG\center_2026_09_12_22_25_12_257.jpg,D:\ML Projects\Deep Learning\Self Drive\IMG\left_2026_09_12_22_25_12_257.jpg,D:\ML Projects\Deep Learning\Self Drive\IMG\right_2026_09_12_22_25_12_257.jpg,0,1,0,30.19031
D:\ML Projects\Deep Learning\Self Drive\IMG\center_2026_09_12_22_25_12_375.jpg,D:\ML Projects\Deep Learning\Self Drive\IMG\left_2026_09_12_22_25_12_375.jpg,D:\ML Projects\Deep Learning\Self Drive\IMG\right_2026_09_12_22_25_12_375.jpg,0,1,0,30.19027
D:\ML Projects\Deep Learning\Self Drive\IMG\center_2026_09_12_22_25_12_489.jpg,D:\ML Projects\Deep Learning\Self Drive\IMG\left_2026_09_12_22_25_12_489.jpg,D:\ML Projects\Deep Learning\Self Drive\IMG\right_2026_09_12_22_25_12_489.jpg,0,1,0,30.19033
D:\ML Projects\Deep Learning\Self Drive\IMG\center_2026_09_12_22_25_12_602.jpg,D:\ML Projects\Deep Learning\Self Drive\IMG\left_2026_09_12_22_25_12_602.jpg,D:\ML Projects\Deep Learning\Self Drive\IMG\right_2026_09_12_22_25_12_602.jpg,0,1,0,30.19031
D:\ML Projects\Deep Learning\Self Drive\IMG\center_2026_09_12_22_25_12_711.jpg,D:\ML Projects\Deep Learning\Self Drive\IMG\left_2026_09_12_22_25_12_711.jpg,D:\ML Projects\Deep Learning\Self Drive\IMG\right_2026_09_12_22_25_12_711.jpg,0,1,0,30.19029
D:\ML Projects\Deep Learning\Self Drive\IMG\center_2026_09_12_22_25_12_838.jpg,D:\ML Projects\Deep Learning\Self Drive\IMG\left_2026_09_12_22_25_12_838.jpg,D:\ML Projects\Deep Learning\Self Drive\IMG\right_2026_09_12_22_25_12_838.jpg,-0.2,1,0,30.17991
D:\ML Projects\Deep Learning\Self Drive\IMG\center_2026_09_12_22_25_12_960.jpg,D:\ML Projects\Deep Learning\Self Drive\IMG\left_2026_09_12_22_25_12_960.jpg,D:\ML Projects\Deep Learning\Self Drive\IMG\right_2026_09_12_22_25_12_960.jpg,0,1,0,30.18819
D:\ML Projects\Deep Learning\Self Drive\IMG\center_2026_09_12_22_25_13_086.jpg,D:\ML Projects\Deep Learning\Self Drive\IMG\left_2026_09_12_22_25_13_086.jpg,D:\ML Projects\Deep Learning\Self Drive\IMG\right_2026_09_12_22_25_13_086.jpg,0,1,0,30.19012
D:\ML Projects\Deep Learning\Self Drive\IMG\center_2026_09_12_22_25_13_155.jpg,D:\ML Projects\Deep Learning\Self Drive\IMG\left_2026_09_12_22_25_13_155.jpg,D:\ML Projects\Deep Learning\Self Drive\IMG\right_2026_09_12_22_25_13_155.jpg,0,1,0,30.19025
D:\ML Projects\Deep Learning\Self Drive\IMG\center_2026_09_12_22_25_13_278.jpg,D:\ML Projects\Deep Learning\Self Drive\IMG\left_2026_09_12_22_25_13_278.jpg,D:\ML Projects\Deep Learning\Self Drive\IMG\right_2026_09_12_22_25_13_278.jpg,0,1,0,30.19028
D:\ML Projects\Deep Learning\Self Drive\IMG\center_2026_09_12_22_25_13_401.jpg,D:\ML Projects\Deep Learning\Self Drive\IMG\left_2026_09_12_22_25_13_401.jpg,D:\ML Projects\Deep Learning\Self Drive\IMG\right_2026_09_12_22_25_13_401.jpg,0,1,0,30.19032
D:\ML Projects\Deep Learning\Self Drive\IMG\center_2026_09_12_22_25_13_528.jpg,D:\ML Projects\Deep Learning\Self Drive\IMG\left_2026_09_12_22_25_13_528.jpg,D:\ML Projects\Deep Learning\Self Drive\IMG\right_2026_09_12_22_25_13_528.jpg,0,1,0,30.18992
D:\ML Projects\Deep Learning\Self Drive\IMG\center_2026_09_12_22_25_13_654.jpg,D:\ML Projects\Deep Learning\Self Drive\IMG\left_2026_09_12_22_25_13_654.jpg,D:\ML Projects\Deep Learning\Self Drive\IMG\right_2026_09_12_22_25_13_654.jpg,0,1,0,30.19028
D:\ML Projects\Deep Learning\Self Drive\IMG\center_2026_09_12_22_25_13_821.jpg,D:\ML Projects\Deep Learning\Self Drive\IMG\left_2026_09_12_22_25_13_821.jpg,D:\ML Projects\Deep Learning\Self Drive\IMG\right_2026_09_12_22_25_13_821.jpg,-0.25,1,0,30.17444
D:\ML Projects\Deep Learning\Self Drive\IMG\center_2026_09_12_22_25_13_913.jpg,D:\ML Projects\Deep Learning\Self Drive\IMG\left_2026_09_12_22_25_13_913.jpg,D:\ML Projects\Deep Learning\Self Drive\IMG\right_2026_09_12_22_25_13_913.jpg,0,1,0,30.19019
D:\ML Projects\Deep Learning\Self Drive\IMG\center_2026_09_12_22_25_13_979.jpg,D:\ML Projects\Deep Learning\Self Drive\IMG\left_2026_09_12_22_25_13_979.jpg,D:\ML Projects\Deep Learning\Self Drive\IMG\right_2026_09_12_22_25_13_979.jpg,0,1,0,30.19024
D:\ML Projects\Deep Learning\Self Drive\IMG\center_2026_09_12_22_25_14_113.jpg,D:\ML Projects\Deep Learning\Self Drive\IMG\left_2026_09_12_22_25_14_113.jpg,D:\ML Projects\Deep Learning\Self Drive\IMG\right_2026_09_12_22_25_14_113.jpg,0,1,0,30.19029
D:\ML Projects\Deep Learning\Self Drive\IMG\center_2026_09_12_22_25_14_180.jpg,D:\ML Projects\Deep Learning\Self Drive\IMG\left_2026_09_12_22_25_14_180.jpg,D:\ML Projects\Deep Learning\Self Drive\IMG\right_2026_09_12_22_25_14_180.jpg,0,1,0,30.1903
D:\ML Projects\Deep Learning\Self Drive\IMG\center_2026_09_12_22_25_14_316.jpg,D:\ML Projects\Deep Learning\Self Drive\IMG\left_2026_09_12_22_25_14_316.jpg,D:\ML Projects\Deep Learning\Self Drive\IMG\right_2026_09_12_22_25_14_316.jpg,0.2,1,0,30.1797
D:\ML Projects\Deep Learning\Self Drive\IMG\center_2026_09_12_22_25_14_388.jpg,D:\ML Projects\Deep Learning\Self Drive\IMG\left_2026_09_12_22_25_14_388.jpg,D:\ML Projects\Deep Learning\Self Drive\IMG\right_2026_09_12_22_25_14_388.jpg,0,1,0,30.18959
D:\ML Projects\Deep Learning\Self Drive\IMG\center_2026_09_12_22_25_14_458.jpg,D:\ML Projects\Deep Learning\Self Drive\IMG\left_2026_09_12_22_25_14_458.jpg,D:\ML Projects\Deep Learning\Self Drive\IMG\right_2026_09_12_22_25_14_458.jpg,0,1,0,30.19025
D:\ML Projects\Deep Learning\Self Drive\IMG\center_2026_09_12_22_25_14_589.jpg,D:\ML Projects\Deep Learning\Self Drive\IMG\left_2026_09_12_22_25_14_589.jpg,D:\ML Projects\Deep Learning\Self Drive\IMG\right_2026_09_12_22_25_14_589.jpg,0,1,0,30.19014
D:\ML Projects\Deep Learning\Self Drive\IMG\center_2026_09_12_22_25_14_721.jpg,D:\ML Projects\Deep Learning\Self Drive\IMG\left_2026_09_12_22_25_14_721.jpg,D:\ML Projects\Deep Learning\Self Drive\IMG\right_2026_09_12_22_25_14_721.jpg,0,1,0,30.18988
D:\ML Projects\Deep Learning\Self Drive\IMG\center_2026_09_12_22_25_14_792.jpg,D:\ML Projects\Deep Learning\Self Drive\IMG\left_2026_09_12_22_25_14_792.jpg,D:\ML Projects\Deep Learning\Self Drive\IMG\right_2026_09_12_22_25_14_792.jpg,0,1,0,30.19
D:\ML Projects\Deep Learning\Self Drive\IMG\center_2026_09_12_22_25_14_911.jpg,D:\ML Projects\Deep Learning\Self Drive\IMG\left_2026_09_12_22_25_14_911.jpg,D:\ML Projects\Deep Learning\Self Drive\IMG\right_2026_09_12_22_25_14_911.jpg,0,1,0,30.19018
D:\ML Projects\Deep Learning\Self Drive\IMG\center_2026_09_12_22_25_15_021.jpg,D:\ML Projects\Deep Learning\Self Drive\IMG\left_2026_09_12_22_25_15_021.jpg,D:\ML Projects\Deep Learning\Self Drive\IMG\right_2026_09_12_22_25_15_021.jpg,0,1,0,30.19032
D:\ML Projects\Deep Learning\Self Drive\IMG\center_2026_09_12_22_25_15_143.jpg,D:\ML Projects\Deep Learning\Self Drive\IMG\left_2026_09_12_22_25_15_143.jpg,D:\ML Projects\Deep Learning\Self Drive\IMG\right_2026_09_12_22_25_15_143.jpg,0,1,0,30.19016
D:\ML Projects\Deep Learning\Self Drive\IMG\center_2026_09_12_22_25_15_243.jpg,D:\ML Projects\Deep Learning\Self Drive\IMG\left_2026_09_12_22_25_15_243.jpg,D:\ML Projects\Deep Learning\Self Drive\IMG\right_2026_09_12_22_25_15_243.jpg,0,1,0,30.19016
D:\ML Projects\Deep Learning\Self Drive\IMG\center_2026_09_12_22_25_15_353.jpg,D:\ML Projects\Deep Learning\Self Drive\IMG\left_2026_09_12_22_25_15_353.jpg,D:\ML Projects\Deep Learning\Self Drive\IMG\right_2026_09_12_22_25_15_353.jpg,0,1,0,30.19019
D:\ML Projects\Deep Learning\Self Drive\IMG\center_2026_09_12_22_25_15_475.jpg,D:\ML Projects\Deep Learning\Self Drive\IMG\left_2026_09_12_22_25_15_475.jpg,D:\ML Projects\Deep Learning\Self Drive\IMG\right_2026_09_12_22_25_15_475.jpg,0,1,0,30.19034
D:\ML Projects\Deep Learning\Self Drive\IMG\center_2026_09_12_22_25_15_589.jpg,D:\ML Projects\Deep Learning\Self Drive\IMG\left_2026_09_12_22_25_15_589.jpg,D:\ML Projects\Deep Learning\Self Drive\IMG\right_2026_09_12_22_25_15_589.jpg,-0.15,1,0,30.18391
D:\ML Projects\Deep Learning\Self Drive\IMG\center_2026_09_12_22_25_15_702.jpg,D:\ML Projects\Deep Learning\Self Drive\IMG\left_2026_09_12_22_25_15_702.jpg,D:\ML Projects\Deep Learning\Self Drive\IMG\right_2026_09_12_22_25_15_702.jpg,0,1,0,30.18887
D:\ML Projects\Deep Learning\Self Drive\IMG\center_2026_09_12_22_25_15_831.jpg,D:\ML Projects\Deep Learning\Self Drive\IMG\left_2026_09_12_22_25_15_831.jpg,D:\ML Projects\Deep Learning\Self Drive\IMG\right_2026_09_12_22_25_15_831.jpg,0,1,0,30.19008
D:\ML Projects\Deep Learning\Self Drive\IMG\center_2026_09_12_22_25_15_947.jpg,D:\ML Projects\Deep Learning\Self Drive\IMG\left_2026_09_12_22_25_15_947.jpg,D:\ML Projects\Deep Learning\Self Drive\IMG\right_2026_09_12_22_25_15_947.jpg,0,1,0,30.19013
D:\ML Projects\Deep Learning\Self Drive\IMG\center_2026_09_12_22_25_16_056.jpg,D:\ML Projects\Deep Learning\Self Drive\IMG\left_2026_09_12_22_25_16_056.jpg,D:\ML Projects\Deep Learning\Self Drive\IMG\right_2026_09_12_22_25_16_056.jpg,0,1,0,30.19051
D:\ML Projects\Deep Learning\Self Drive\IMG\center_2026_09_12_22_25_16_179.jpg,D:\ML Projects\Deep Learning\Self Drive\IMG\left_2026_09_12_22_25_16_179.jpg,D:\ML Projects\Deep Learning\Self Drive\IMG\right_2026_09_12_22_25_16_179.jpg,-0.15,1,0,30.18404
D:\ML Projects\Deep Learning\Self Drive\IMG\center_2026_09_12_22_25_16_307.jpg,D:\ML Projects\Deep Learning\Self Drive\IMG\left_2026_09_12_22_25_16_307.jpg,D:\ML Projects\Deep Learning\Self Drive\IMG\right_2026_09_12_22_25_16_307.jpg,0,1,0,30.1905
D:\ML Projects\Deep Learning\Self Drive\IMG\center_2026_09_12_22_25_16_438.jpg,D:\ML Projects\Deep Learning\Self Drive\IMG\left_2026_09_12_22_25_16_438.jpg,D:\ML Projects\Deep Learning\Self Drive\IMG\right_2026_09_12_22_25_16_438.jpg,0,1,0,30.19031
D:\ML Projects\Deep Learning\Self Drive\IMG\center_2026_09_12_22_25_16_563.jpg,D:\ML Projects\Deep Learning\Self Drive\IMG\left_2026_09_12_22_25_16_563.jpg,D:\ML Projects\Deep Learning\Self Drive\IMG\right_2026_09_12_22_25_16_563.jpg,-0.3,1,0,30.16898
D:\ML Projects\Deep Learning\Self Drive\IMG\center_2026_09_12_22_25_16_630.jpg,D:\ML Projects\Deep Learning\Self Drive\IMG\left_2026_09_12_22_25_16_630.jpg,D:\ML Projects\Deep Learning\Self Drive\IMG\right_2026_09_12_22_25_16_630.jpg,0,1,0,30.18788
D:\ML Projects\Deep Learning\Self Drive\IMG\center_2026_09_12_22_25_16_757.jpg,D:\ML Projects\Deep Learning\Self Drive\IMG\left_2026_09_12_22_25_16_757.jpg,D:\ML Projects\Deep Learning\Self Drive\IMG\right_2026_09_12_22_25_16_757.jpg,0,1,0,30.19027
D:\ML Projects\Deep Learning\Self Drive\IMG\center_2026_09_12_22_25_16_830.jpg,D:\ML Projects\Deep Learning\Self Drive\IMG\left_2026_09_12_22_25_16_830.jpg,D:\ML Projects\Deep Learning\Self Drive\IMG\right_2026_09_12_22_25_16_830.jpg,0,1,0,30.19004
D:\ML Projects\Deep Learning\Self Drive\IMG\center_2026_09_12_22_25_16_899.jpg,D:\ML Projects\Deep Learning\Self Drive\IMG\left_2026_09_12_22_25_16_899.jpg,D:\ML Projects\Deep Learning\Self Drive\IMG\right_2026_09_12_22_25_16_899.jpg,0,1,0,30.19062
D:\ML Projects\Deep Learning\Self Drive\IMG\center_2026_09_12_22_25_16_998.jpg,D:\ML Projects\Deep Learning\Self Drive\IMG\left_2026_09_12_22_25_16_998.jpg,D:\ML Projects\Deep Learning\Self Drive\IMG\right_2026_09_12_22_25_16_998.jpg,-0.25,1,0,30.17481
D:\ML Projects\Deep Learning\Self Drive\IMG\center_2026_09_12_22_25_17_130.jpg,D:\ML Projects\Deep Learning\Self Drive\IMG\left_2026_09_12_22_25_17_130.jpg,D:\ML Projects\Deep Learning\Self Drive\IMG\right_2026_09_12_22_25_17_130.jpg,0,1,0,30.18753
D:\ML Projects\Deep Learning\Self Drive\IMG\center_2026_09_12_22_25_17_250.jpg,D:\ML Projects\Deep Learning\Self Drive\IMG\left_2026_09_12_22_25_17_250.jpg,D:\ML Projects\Deep Learning\Self Drive\IMG\right_2026_09_12_22_25_17_250.jpg,0,1,0,30.19041
D:\ML Projects\Deep Learning\Self Drive\IMG\center_2026_09_12_22_25_17_372.jpg,D:\ML Projects\Deep Learning\Self Drive\IMG\left_2026_09_12_22_25_17_372.jpg,D:\ML Projects\Deep Learning\Self Drive\IMG\right_2026_09_12_22_25_17_372.jpg,-0.3,1,0,30.1711
D:\ML Projects\Deep Learning\Self Drive\IMG\center_2026_09_12_22_25_17_503.jpg,D:\ML Projects\Deep Learning\Self Drive\IMG\left_2026_09_12_22_25_17_503.jpg,D:\ML Projects\Deep Learning\Self Drive\IMG\right_2026_09_12_22_25_17_503.jpg,0,1,0,30.1903
D:\ML Projects\Deep Learning\Self Drive\IMG\center_2026_09_12_22_25_17_631.jpg,D:\ML Projects\Deep Learning\Self Drive\IMG\left_2026_09_12_22_25_17_631.jpg,D:\ML Projects\Deep Learning\Self Drive\IMG\right_2026_09_12_22_25_17_631.jpg,-0.3,1,0,30.17095
D:\ML Projects\Deep Learning\Self Drive\IMG\center_2026_09_12_22_25_17_702.jpg,D:\ML Projects\Deep Learning\Self Drive\IMG\left_2026_09_12_22_25_17_702.jpg,D:\ML Projects\Deep Learning\Self Drive\IMG\right_2026_09_12_22_25_17_702.jpg,0,1,0,30.1897
D:\ML Projects\Deep Learning\Self Drive\IMG\center_2026_09_12_22_25_17_839.jpg,D:\ML Projects\Deep Learning\Self Drive\IMG\left_2026_09_12_22_25_17_839.jpg,D:\ML Projects\Deep Learning\Self Drive\IMG\right_2026_09_12_22_25_17_839.jpg,-0.2,1,0,30.18196
D:\ML Projects\Deep Learning\Self Drive\IMG\center_2026_09_12_22_25_17_979.jpg,D:\ML Projects\Deep Learning\Self Drive\IMG\left_2026_09_12_22_25_17_979.jpg,D:\ML Projects\Deep Learning\Self Drive\IMG\right_2026_09_12_22_25_17_979.jpg,0,1,0,30.19033
D:\ML Projects\Deep Learning\Self Drive\IMG\center_2026_09_12_22_25_18_058.jpg,D:\ML Projects\Deep Learning\Self Drive\IMG\left_2026_09_12_22_25_18_058.jpg,D:\ML Projects\Deep Learning\Self Drive\IMG\right_2026_09_12_22_25_18_058.jpg,-0.2,1,0,30.18398
D:\ML Projects\Deep Learning\Self Drive\IMG\center_2026_09_12_22_25_18_127.jpg,D:\ML Projects\Deep Learning\Self Drive\IMG\left_2026_09_12_22_25_18_127.jpg,D:\ML Projects\Deep Learning\Self Drive\IMG\right_2026_09_12_22_25_18_127.jpg,-0.35,1,0,30.16717
D:\ML Projects\Deep Learning\Self Drive\IMG\center_2026_09_12_22_25_18_245.jpg,D:\ML Projects\Deep Learning\Self Drive\IMG\left_2026_09_12_22_25_18_245.jpg,D:\ML Projects\Deep Learning\Self Drive\IMG\right_2026_09_12_22_25_18_245.jpg,0,1,0,30.18514
D:\ML Projects\Deep Learning\Self Drive\IMG\center_2026_09_12_22_25_18_371.jpg,D:\ML Projects\Deep Learning\Self Drive\IMG\left_2026_09_12_22_25_18_371.jpg,D:\ML Projects\Deep Learning\Self Drive\IMG\right_2026_09_12_22_25_18_371.jpg,-0.15,1,0,30.18843
D:\ML Projects\Deep Learning\Self Drive\IMG\center_2026_09_12_22_25_18_440.jpg,D:\ML Projects\Deep Learning\Self Drive\IMG\left_2026_09_12_22_25_18_440.jpg,D:\ML Projects\Deep Learning\Self Drive\IMG\right_2026_09_12_22_25_18_440.jpg,-0.35,1,0,30.16664
D:\ML Projects\Deep Learning\Self Drive\IMG\center_2026_09_12_22_25_18_512.jpg,D:\ML Projects\Deep Learning\Self Drive\IMG\left_2026_09_12_22_25_18_512.jpg,D:\ML Projects\Deep Learning\Self Drive\IMG\right_2026_09_12_22_25_18_512.jpg,0,1,0,30.1892
D:\ML Projects\Deep Learning\Self Drive\IMG\center_2026_09_12_22_25_18_644.jpg,D:\ML Projects\Deep Learning\Self Drive\IMG\left_2026_09_12_22_25_18_644.jpg,D:\ML Projects\Deep Learning\Self Drive\IMG\right_2026_09_12_22_25_18_644.jpg,-0.15,1,0,30.18649
D:\ML Projects\Deep Learning\Self Drive\IMG\center_2026_09_12_22_25_18_711.jpg,D:\ML Projects\Deep Learning\Self Drive\IMG\left_2026_09_12_22_25_18_711.jpg,D:\ML Projects\Deep Learning\Self Drive\IMG\right_2026_09_12_22_25_18_711.jpg,-0.3,1,0,30.17149
D:\ML Projects\Deep Learning\Self Drive\IMG\center_2026_09_12_22_25_18_789.jpg,D:\ML Projects\Deep Learning\Self Drive\IMG\left_2026_09_12_22_25_18_789.jpg,D:\ML Projects\Deep Learning\Self Drive\IMG\right_2026_09_12_22_25_18_789.jpg,0,0.771895,0,30.13061
D:\ML Projects\Deep Learning\Self Drive\IMG\center_2026_09_12_22_25_18_864.jpg,D:\ML Projects\Deep Learning\Self Drive\IMG\left_2026_09_12_22_25_18_864.jpg,D:\ML Projects\Deep Learning\Self Drive\IMG\right_2026_09_12_22_25_18_864.jpg,0,0.5431834,0,30.07107
D:\ML Projects\Deep Learning\Self Drive\IMG\center_2026_09_12_22_25_18_934.jpg,D:\ML Projects\Deep Learning\Self Drive\IMG\left_2026_09_12_22_25_18_934.jpg,D:\ML Projects\Deep Learning\Self Drive\IMG\right_2026_09_12_22_25_18_934.jpg,-0.2,0.3358033,0,30.00974
D:\ML Projects\Deep Learning\Self Drive\IMG\center_2026_09_12_22_25_19_075.jpg,D:\ML Projects\Deep Learning\Self Drive\IMG\left_2026_09_12_22_25_19_075.jpg,D:\ML Projects\Deep Learning\Self Drive\IMG\right_2026_09_12_22_25_19_075.jpg,0,0,0,29.67037
D:\ML Projects\Deep Learning\Self Drive\IMG\center_2026_09_12_22_25_19_142.jpg,D:\ML Projects\Deep Learning\Self Drive\IMG\left_2026_09_12_22_25_19_142.jpg,D:\ML Projects\Deep Learning\Self Drive\IMG\right_2026_09_12_22_25_19_142.jpg,-0.15,0,0,29.4898
D:\ML Projects\Deep Learning\Self Drive\IMG\center_2026_09_12_22_25_19_211.jpg,D:\ML Projects\Deep Learning\Self Drive\IMG\left_2026_09_12_22_25_19_211.jpg,D:\ML Projects\Deep Learning\Self Drive\IMG\right_2026_09_12_22_25_19_211.jpg,-0.3,0,0,29.27929
D:\ML Projects\Deep Learning\Self Drive\IMG\center_2026_09_12_22_25_19_283.jpg,D:\ML Projects\Deep Learning\Self Drive\IMG\left_2026_09_12_22_25_19_283.jpg,D:\ML Projects\Deep Learning\Self Drive\IMG\right_2026_09_12_22_25_19_283.jpg,-0.5000001,0,0,28.92044
D:\ML Projects\Deep Learning\Self Drive\IMG\center_2026_09_12_22_25_19_356.jpg,D:\ML Projects\Deep Learning\Self Drive\IMG\left_2026_09_12_22_25_19_356.jpg,D:\ML Projects\Deep Learning\Self Drive\IMG\right_2026_09_12_22_25_19_356.jpg,-0.7,0,0,28.47103
D:\ML Projects\Deep Learning\Self Drive\IMG\center_2026_09_12_22_25_19_429.jpg,D:\ML Projects\Deep Learning\Self Drive\IMG\left_2026_09_12_22_25_19_429.jpg,D:\ML Projects\Deep Learning\Self Drive\IMG\right_2026_09_12_22_25_19_429.jpg,-0.8500001,0,0,28.07991
D:\ML Projects\Deep Learning\Self Drive\IMG\center_2026_09_12_22_25_19_502.jpg,D:\ML Projects\Deep Learning\Self Drive\IMG\left_2026_09_12_22_25_19_502.jpg,D:\ML Projects\Deep Learning\Self Drive\IMG\right_2026_09_12_22_25_19_502.jpg,-1,0,0,27.50551
D:\ML Projects\Deep Learning\Self Drive\IMG\center_2026_09_12_22_25_19_579.jpg,D:\ML Projects\Deep Learning\Self Drive\IMG\left_2026_09_12_22_25_19_579.jpg,D:\ML Projects\Deep Learning\Self Drive\IMG\right_2026_09_12_22_25_19_579.jpg,0,0,0,27.17714
D:\ML Projects\Deep Learning\Self Drive\IMG\center_2026_09_12_22_25_19_657.jpg,D:\ML Projects\Deep Learning\Self Drive\IMG\left_2026_09_12_22_25_19_657.jpg,D:\ML Projects\Deep Learning\Self Drive\IMG\right_2026_09_12_22_25_19_657.jpg,-0.2,0,0,26.95711
D:\ML Projects\Deep Learning\Self Drive\IMG\center_2026_09_12_22_25_19_762.jpg,D:\ML Projects\Deep Learning\Self Drive\IMG\left_2026_09_12_22_25_19_762.jpg,D:\ML Projects\Deep Learning\Self Drive\IMG\right_2026_09_12_22_25_19_762.jpg,-0.45,0,0,26.64394
D:\ML Projects\Deep Learning\Self Drive\IMG\center_2026_09_12_22_25_19_869.jpg,D:\ML Projects\Deep Learning\Self Drive\IMG\left_2026_09_12_22_25_19_869.jpg,D:\ML Projects\Deep Learning\Self Drive\IMG\right_2026_09_12_22_25_19_869.jpg,0,0,0,26.3585
D:\ML Projects\Deep Learning\Self Drive\IMG\center_2026_09_12_22_25_19_952.jpg,D:\ML Projects\Deep Learning\Self Drive\IMG\left_2026_09_12_22_25_19_952.jpg,D:\ML Projects\Deep Learning\Self Drive\IMG\right_2026_09_12_22_25_19_952.jpg,0,0,0,26.1435
D:\ML Projects\Deep Learning\Self Drive\IMG\center_2026_09_12_22_25_20_032.jpg,D:\ML Projects\Deep Learning\Self Drive\IMG\left_2026_09_12_22_25_20_032.jpg,D:\ML Projects\Deep Learning\Self Drive\IMG\right_2026_09_12_22_25_20_032.jpg,0,0,0,25.93282
D:\ML Projects\Deep Learning\Self Drive\IMG\center_2026_09_12_22_25_20_112.jpg,D:\ML Projects\Deep Learning\Self Drive\IMG\left_2026_09_12_22_25_20_112.jpg,D:\ML Projects\Deep Learning\Self Drive\IMG\right_2026_09_12_22_25_20_112.jpg,0,0,0,25.72465
D:\ML Projects\Deep Learning\Self Drive\IMG\center_2026_09_12_22_25_20_184.jpg,D:\ML Projects\Deep Learning\Self Drive\IMG\left_2026_09_12_22_25_20_184.jpg,D:\ML Projects\Deep Learning\Self Drive\IMG\right_2026_09_12_22_25_20_184.jpg,0,0,0,25.51812
D:\ML Projects\Deep Learning\Self Drive\IMG\center_2026_09_12_22_25_20_254.jpg,D:\ML Projects\Deep Learning\Self Drive\IMG\left_2026_09_12_22_25_20_254.jpg,D:\ML Projects\Deep Learning\Self Drive\IMG\right_2026_09_12_22_25_20_254.jpg,0,0,0,25.31322
D:\ML Projects\Deep Learning\Self Drive\IMG\center_2026_09_12_22_25_20_327.jpg,D:\ML Projects\Deep Learning\Self Drive\IMG\left_2026_09_12_22_25_20_327.jpg,D:\ML Projects\Deep Learning\Self Drive\IMG\right_2026_09_12_22_25_20_327.jpg,0,0,0,25.16061
D:\ML Projects\Deep Learning\Self Drive\IMG\center_2026_09_12_22_25_20_403.jpg,D:\ML Projects\Deep Learning\Self Drive\IMG\left_2026_09_12_22_25_20_403.jpg,D:\ML Projects\Deep Learning\Self Drive\IMG\right_2026_09_12_22_25_20_403.jpg,-0.2,0,0,24.94034
D:\ML Projects\Deep Learning\Self Drive\IMG\center_2026_09_12_22_25_20_529.jpg,D:\ML Projects\Deep Learning\Self Drive\IMG\left_2026_09_12_22_25_20_529.jpg,D:\ML Projects\Deep Learning\Self Drive\IMG\right_2026_09_12_22_25_20_529.jpg,-0.5000001,0,0,24.48441
D:\ML Projects\Deep Learning\Self Drive\IMG\center_2026_09_12_22_25_20_599.jpg,D:\ML Projects\Deep Learning\Self Drive\IMG\left_2026_09_12_22_25_20_599.jpg,D:\ML Projects\Deep Learning\Self Drive\IMG\right_2026_09_12_22_25_20_599.jpg,-0.7,0,0,24.0892
D:\ML Projects\Deep Learning\Self Drive\IMG\center_2026_09_12_22_25_20_676.jpg,D:\ML Projects\Deep Learning\Self Drive\IMG\left_2026_09_12_22_25_20_676.jpg,D:\ML Projects\Deep Learning\Self Drive\IMG\right_2026_09_12_22_25_20_676.jpg,-0.9000002,0.2259597,0,23.82073
D:\ML Projects\Deep Learning\Self Drive\IMG\center_2026_09_12_22_25_20_759.jpg,D:\ML Projects\Deep Learning\Self Drive\IMG\left_2026_09_12_22_25_20_759.jpg,D:\ML Projects\Deep Learning\Self Drive\IMG\right_2026_09_12_22_25_20_759.jpg,0,0.4791375,0,23.96344
D:\ML Projects\Deep Learning\Self Drive\IMG\center_2026_09_12_22_25_20_863.jpg,D:\ML Projects\Deep Learning\Self Drive\IMG\left_2026_09_12_22_25_20_863.jpg,D:\ML Projects\Deep Learning\Self Drive\IMG\right_2026_09_12_22_25_20_863.jpg,-0.25,0.7849326,0,24.59124
D:\ML Projects\Deep Learning\Self Drive\IMG\center_2026_09_12_22_25_20_940.jpg,D:\ML Projects\Deep Learning\Self Drive\IMG\left_2026_09_12_22_25_20_940.jpg,D:\ML Projects\Deep Learning\Self Drive\IMG\right_2026_09_12_22_25_20_940.jpg,-0.45,1,0,25.2921
D:\ML Projects\Deep Learning\Self Drive\IMG\center_2026_09_12_22_25_21_020.jpg,D:\ML Projects\Deep Learning\Self Drive\IMG\left_2026_09_12_22_25_21_020.jpg,D:\ML Projects\Deep Learning\Self Drive\IMG\right_2026_09_12_22_25_21_020.jpg,0,1,0,26.02888
D:\ML Projects\Deep Learning\Self Drive\IMG\center_2026_09_12_22_25_21_109.jpg,D:\ML Projects\Deep Learning\Self Drive\IMG\left_2026_09_12_22_25_21_109.jpg,D:\ML Projects\Deep Learning\Self Drive\IMG\right_2026_09_12_22_25_21_109.jpg,0,1,0,26.78089
D:\ML Projects\Deep Learning\Self Drive\IMG\center_2026_09_12_22_25_21_189.jpg,D:\ML Projects\Deep Learning\Self Drive\IMG\left_2026_09_12_22_25_21_189.jpg,D:\ML Projects\Deep Learning\Self Drive\IMG\right_2026_09_12_22_25_21_189.jpg,0,1,0,27.52965
D:\ML Projects\Deep Learning\Self Drive\IMG\center_2026_09_12_22_25_21_263.jpg,D:\ML Projects\Deep Learning\Self Drive\IMG\left_2026_09_12_22_25_21_263.jpg,D:\ML Projects\Deep Learning\Self Drive\IMG\right_2026_09_12_22_25_21_263.jpg,0,1,0,28.27586
D:\ML Projects\Deep Learning\Self Drive\IMG\center_2026_09_12_22_25_21_330.jpg,D:\ML Projects\Deep Learning\Self Drive\IMG\left_2026_09_12_22_25_21_330.jpg,D:\ML Projects\Deep Learning\Self Drive\IMG\right_2026_09_12_22_25_21_330.jpg,0,1,0,28.83096
D:\ML Projects\Deep Learning\Self Drive\IMG\center_2026_09_12_22_25_21_401.jpg,D:\ML Projects\Deep Learning\Self Drive\IMG\left_2026_09_12_22_25_21_401.jpg,D:\ML Projects\Deep Learning\Self Drive\IMG\right_2026_09_12_22_25_21_401.jpg,0,1,0,29.56347
D:\ML Projects\Deep Learning\Self Drive\IMG\center_2026_09_12_22_25_21_467.jpg,D:\ML Projects\Deep Learning\Self Drive\IMG\left_2026_09_12_22_25_21_467.jpg,D:\ML Projects\Deep Learning\Self Drive\IMG\right_2026_09_12_22_25_21_467.jpg,0,1,0,30.11328
D:\ML Projects\Deep Learning\Self Drive\IMG\center_2026_09_12_22_25_21_603.jpg,D:\ML Projects\Deep Learning\Self Drive\IMG\left_2026_09_12_22_25_21_603.jpg,D:\ML Projects\Deep Learning\Self Drive\IMG\right_2026_09_12_22_25_21_603.jpg,0,1,0,30.19028
D:\ML Projects\Deep Learning\Self Drive\IMG\center_2026_09_12_22_25_21_680.jpg,D:\ML Projects\Deep Learning\Self Drive\IMG\left_2026_09_12_22_25_21_680.jpg,D:\ML Projects\Deep Learning\Self Drive\IMG\right_2026_09_12_22_25_21_680.jpg,-0.2,1,0,30.17944
D:\ML Projects\Deep Learning\Self Drive\IMG\center_2026_09_12_22_25_21_760.jpg,D:\ML Projects\Deep Learning\Self Drive\IMG\left_2026_09_12_22_25_21_760.jpg,D:\ML Projects\Deep Learning\Self Drive\IMG\right_2026_09_12_22_25_21_760.jpg,0,1,0,30.19024
D:\ML Projects\Deep Learning\Self Drive\IMG\center_2026_09_12_22_25_21_857.jpg,D:\ML Projects\Deep Learning\Self Drive\IMG\left_2026_09_12_22_25_21_857.jpg,D:\ML Projects\Deep Learning\Self Drive\IMG\right_2026_09_12_22_25_21_857.jpg,0,1,0,30.18874
D:\ML Projects\Deep Learning\Self Drive\IMG\center_2026_09_12_22_25_22_000.jpg,D:\ML Projects\Deep Learning\Self Drive\IMG\left_2026_09_12_22_25_22_000.jpg,D:\ML Projects\Deep Learning\Self Drive\IMG\right_2026_09_12_22_25_22_000.jpg,0,1,0,30.19059
D:\ML Projects\Deep Learning\Self Drive\IMG\center_2026_09_12_22_25_22_069.jpg,D:\ML Projects\Deep Learning\Self Drive\IMG\left_2026_09_12_22_25_22_069.jpg,D:\ML Projects\Deep Learning\Self Drive\IMG\right_2026_09_12_22_25_22_069.jpg,-0.15,1,0,30.18292
D:\ML Projects\Deep Learning\Self Drive\IMG\center_2026_09_12_22_25_22_139.jpg,D:\ML Projects\Deep Learning\Self Drive\IMG\left_2026_09_12_22_25_22_139.jpg,D:\ML Projects\Deep Learning\Self Drive\IMG\right_2026_09_12_22_25_22_139.jpg,-0.35,1,0,30.16391
D:\ML Projects\Deep Learning\Self Drive\IMG\center_2026_09_12_22_25_22_271.jpg,D:\ML Projects\Deep Learning\Self Drive\IMG\left_2026_09_12_22_25_22_271.jpg,D:\ML Projects\Deep Learning\Self Drive\IMG\right_2026_09_12_22_25_22_271.jpg,-0.15,1,0,30.18812
D:\ML Projects\Deep Learning\Self Drive\IMG\center_2026_09_12_22_25_22_341.jpg,D:\ML Projects\Deep Learning\Self Drive\IMG\left_2026_09_12_22_25_22_341.jpg,D:\ML Projects\Deep Learning\Self Drive\IMG\right_2026_09_12_22_25_22_341.jpg,-0.35,1,0,30.16786
D:\ML Projects\Deep Learning\Self Drive\IMG\center_2026_09_12_22_25_22_412.jpg,D:\ML Projects\Deep Learning\Self Drive\IMG\left_2026_09_12_22_25_22_412.jpg,D:\ML Projects\Deep Learning\Self Drive\IMG\right_2026_09_12_22_25_22_412.jpg,0,1,0,30.18837
D:\ML Projects\Deep Learning\Self Drive\IMG\center_2026_09_12_22_25_22_489.jpg,D:\ML Projects\Deep Learning\Self Drive\IMG\left_2026_09_12_22_25_22_489.jpg,D:\ML Projects\Deep Learning\Self Drive\IMG\right_2026_09_12_22_25_22_489.jpg,-0.2,1,0,30.18501
D:\ML Projects\Deep Learning\Self Drive\IMG\center_2026_09_12_22_25_22_567.jpg,D:\ML Projects\Deep Learning\Self Drive\IMG\left_2026_09_12_22_25_22_567.jpg,D:\ML Projects\Deep Learning\Self Drive\IMG\right_2026_09_12_22_25_22_567.jpg,-0.4,1,0,30.162
D:\ML Projects\Deep Learning\Self Drive\IMG\center_2026_09_12_22_25_22_643.jpg,D:\ML Projects\Deep Learning\Self Drive\IMG\left_2026_09_12_22_25_22_643.jpg,D:\ML Projects\Deep Learning\Self Drive\IMG\right_2026_09_12_22_25_22_643.jpg,0,1,0,30.18897
D:\ML Projects\Deep Learning\Self Drive\IMG\center_2026_09_12_22_25_22_724.jpg,D:\ML Projects\Deep Learning\Self Drive\IMG\left_2026_09_12_22_25_22_724.jpg,D:\ML Projects\Deep Learning\Self Drive\IMG\right_2026_09_12_22_25_22_724.jpg,-0.2,1,0,30.1852
D:\ML Projects\Deep Learning\Self Drive\IMG\center_2026_09_12_22_25_22_805.jpg,D:\ML Projects\Deep Learning\Self Drive\IMG\left_2026_09_12_22_25_22_805.jpg,D:\ML Projects\Deep Learning\Self Drive\IMG\right_2026_09_12_22_25_22_805.jpg,0,1,0,30.18926
D:\ML Projects\Deep Learning\Self Drive\IMG\center_2026_09_12_22_25_22_895.jpg,D:\ML Projects\Deep Learning\Self Drive\IMG\left_2026_09_12_22_25_22_895.jpg,D:\ML Projects\Deep Learning\Self Drive\IMG\right_2026_09_12_22_25_22_895.jpg,0,1,0,30.19057
D:\ML Projects\Deep Learning\Self Drive\IMG\center_2026_09_12_22_25_22_969.jpg,D:\ML Projects\Deep Learning\Self Drive\IMG\left_2026_09_12_22_25_22_969.jpg,D:\ML Projects\Deep Learning\Self Drive\IMG\right_2026_09_12_22_25_22_969.jpg,-0.15,1,0,30.18544
D:\ML Projects\Deep Learning\Self Drive\IMG\center_2026_09_12_22_25_23_049.jpg,D:\ML Projects\Deep Learning\Self Drive\IMG\left_2026_09_12_22_25_23_049.jpg,D:\ML Projects\Deep Learning\Self Drive\IMG\right_2026_09_12_22_25_23_049.jpg,0,1,0,30.19002
D:\ML Projects\Deep Learning\Self Drive\IMG\center_2026_09_12_22_25_23_128.jpg,D:\ML Projects\Deep Learning\Self Drive\IMG\left_2026_09_12_22_25_23_128.jpg,D:\ML Projects\Deep Learning\Self Drive\IMG\right_2026_09_12_22_25_23_128.jpg,0,1,0,30.19025
D:\ML Projects\Deep Learning\Self Drive\IMG\center_2026_09_12_22_25_23_200.jpg,D:\ML Projects\Deep Learning\Self Drive\IMG\left_2026_09_12_22_25_23_200.jpg,D:\ML Projects\Deep Learning\Self Drive\IMG\right_2026_09_12_22_25_23_200.jpg,0,1,0,30.1903
D:\ML Projects\Deep Learning\Self Drive\IMG\center_2026_09_12_22_25_23_279.jpg,D:\ML Projects\Deep Learning\Self Drive\IMG\left_2026_09_12_22_25_23_279.jpg,D:\ML Projects\Deep Learning\Self Drive\IMG\right_2026_09_12_22_25_23_279.jpg,-0.2,1,0,30.18018
D:\ML Projects\Deep Learning\Self Drive\IMG\center_2026_09_12_22_25_23_355.jpg,D:\ML Projects\Deep Learning\Self Drive\IMG\left_2026_09_12_22_25_23_355.jpg,D:\ML Projects\Deep Learning\Self Drive\IMG\right_2026_09_12_22_25_23_355.jpg,0,1,0,30.19033
D:\ML Projects\Deep Learning\Self Drive\IMG\center_2026_09_12_22_25_23_423.jpg,D:\ML Projects\Deep Learning\Self Drive\IMG\left_2026_09_12_22_25_23_423.jpg,D:\ML Projects\Deep Learning\Self Drive\IMG\right_2026_09_12_22_25_23_423.jpg,0,1,0,30.19004
D:\ML Projects\Deep Learning\Self Drive\IMG\center_2026_09_12_22_25_23_497.jpg,D:\ML Projects\Deep Learning\Self Drive\IMG\left_2026_09_12_22_25_23_497.jpg,D:\ML Projects\Deep Learning\Self Drive\IMG\right_2026_09_12_22_25_23_497.jpg,-0.2,1,0,30.18095
D:\ML Projects\Deep Learning\Self Drive\IMG\center_2026_09_12_22_25_23_574.jpg,D:\ML Projects\Deep Learning\Self Drive\IMG\left_2026_09_12_22_25_23_574.jpg,D:\ML Projects\Deep Learning\Self Drive\IMG\right_2026_09_12_22_25_23_574.jpg,0,1,0,30.19021
D:\ML Projects\Deep Learning\Self Drive\IMG\center_2026_09_12_22_25_23_643.jpg,D:\ML Projects\Deep Learning\Self Drive\IMG\left_2026_09_12_22_25_23_643.jpg,D:\ML Projects\Deep Learning\Self Drive\IMG\right_2026_09_12_22_25_23_643.jpg,0,1,0,30.19016
D:\ML Projects\Deep Learning\Self Drive\IMG\center_2026_09_12_22_25_23_720.jpg,D:\ML Projects\Deep Learning\Self Drive\IMG\left_2026_09_12_22_25_23_720.jpg,D:\ML Projects\Deep Learning\Self Drive\IMG\right_2026_09_12_22_25_23_720.jpg,-0.2,1,0,30.18111
D:\ML Projects\Deep Learning\Self Drive\IMG\center_2026_09_12_22_25_23_798.jpg,D:\ML Projects\Deep Learning\Self Drive\IMG\left_2026_09_12_22_25_23_798.jpg,D:\ML Projects\Deep Learning\Self Drive\IMG\right_2026_09_12_22_25_23_798.jpg,-0.4,1,0,30.15862
D:\ML Projects\Deep Learning\Self Drive\IMG\center_2026_09_12_22_25_23_883.jpg,D:\ML Projects\Deep Learning\Self Drive\IMG\left_2026_09_12_22_25_23_883.jpg,D:\ML Projects\Deep Learning\Self Drive\IMG\right_2026_09_12_22_25_23_883.jpg,0,1,0,30.18895
D:\ML Projects\Deep Learning\Self Drive\IMG\center_2026_09_12_22_25_23_965.jpg,D:\ML Projects\Deep Learning\Self Drive\IMG\left_2026_09_12_22_25_23_965.jpg,D:\ML Projects\Deep Learning\Self Drive\IMG\right_2026_09_12_22_25_23_965.jpg,-0.2,1,0,30.18483
D:\ML Projects\Deep Learning\Self Drive\IMG\center_2026_09_12_22_25_24_048.jpg,D:\ML Projects\Deep Learning\Self Drive\IMG\left_2026_09_12_22_25_24_048.jpg,D:\ML Projects\Deep Learning\Self Drive\IMG\right_2026_09_12_22_25_24_048.jpg,-0.4,1,0,30.16219
D:\ML Projects\Deep Learning\Self Drive\IMG\center_2026_09_12_22_25_24_124.jpg,D:\ML Projects\Deep Learning\Self Drive\IMG\left_2026_09_12_22_25_24_124.jpg,D:\ML Projects\Deep Learning\Self Drive\IMG\right_2026_09_12_22_25_24_124.jpg,-0.6000001,1,0,30.13623
D:\ML Projects\Deep Learning\Self Drive\IMG\center_2026_09_12_22_25_24_204.jpg,D:\ML Projects\Deep Learning\Self Drive\IMG\left_2026_09_12_22_25_24_204.jpg,D:\ML Projects\Deep Learning\Self Drive\IMG\right_2026_09_12_22_25_24_204.jpg,0,1,0,30.18496
D:\ML Projects\Deep Learning\Self Drive\IMG\center_2026_09_12_22_25_24_282.jpg,D:\ML Projects\Deep Learning\Self Drive\IMG\left_2026_09_12_22_25_24_282.jpg,D:\ML Projects\Deep Learning\Self Drive\IMG\right_2026_09_12_22_25_24_282.jpg,0,1,0,30.18916
D:\ML Projects\Deep Learning\Self Drive\IMG\center_2026_09_12_22_25_24_390.jpg,D:\ML Projects\Deep Learning\Self Drive\IMG\left_2026_09_12_22_25_24_390.jpg,D:\ML Projects\Deep Learning\Self Drive\IMG\right_2026_09_12_22_25_24_390.jpg,0,1,0,30.1902
D:\ML Projects\Deep Learning\Self Drive\IMG\center_2026_09_12_22_25_24_466.jpg,D:\ML Projects\Deep Learning\Self Drive\IMG\left_2026_09_12_22_25_24_466.jpg,D:\ML Projects\Deep Learning\Self Drive\IMG\right_2026_09_12_22_25_24_466.jpg,0,1,0,30.19028
D:\ML Projects\Deep Learning\Self Drive\IMG\center_2026_09_12_22_25_24_541.jpg,D:\ML Projects\Deep Learning\Self Drive\IMG\left_2026_09_12_22_25_24_541.jpg,D:\ML Projects\Deep Learning\Self Drive\IMG\right_2026_09_12_22_25_24_541.jpg,0,1,0,30.19035
D:\ML Projects\Deep Learning\Self Drive\IMG\center_2026_09_12_22_25_24_619.jpg,D:\ML Projects\Deep Learning\Self Drive\IMG\left_2026_09_12_22_25_24_619.jpg,D:\ML Projects\Deep Learning\Self Drive\IMG\right_2026_09_12_22_25_24_619.jpg,0,1,0,30.19033
D:\ML Projects\Deep Learning\Self Drive\IMG\center_2026_09_12_22_25_24_691.jpg,D:\ML Projects\Deep Learning\Self Drive\IMG\left_2026_09_12_22_25_24_691.jpg,D:\ML Projects\Deep Learning\Self Drive\IMG\right_2026_09_12_22_25_24_691.jpg,0,1,0,30.19032
D:\ML Projects\Deep Learning\Self Drive\IMG\center_2026_09_12_22_25_24_771.jpg,D:\ML Projects\Deep Learning\Self Drive\IMG\left_2026_09_12_22_25_24_771.jpg,D:\ML Projects\Deep Learning\Self Drive\IMG\right_2026_09_12_22_25_24_771.jpg,0,1,0,30.1903
D:\ML Projects\Deep Learning\Self Drive\IMG\center_2026_09_12_22_25_24_855.jpg,D:\ML Projects\Deep Learning\Self Drive\IMG\left_2026_09_12_22_25_24_855.jpg,D:\ML Projects\Deep Learning\Self Drive\IMG\right_2026_09_12_22_25_24_855.jpg,0,1,0,30.1903
D:\ML Projects\Deep Learning\Self Drive\IMG\center_2026_09_12_22_25_24_933.jpg,D:\ML Projects\Deep Learning\Self Drive\IMG\left_2026_09_12_22_25_24_933.jpg,D:\ML Projects\Deep Learning\Self Drive\IMG\right_2026_09_12_22_25_24_933.jpg,0,1,0,30.19029
D:\ML Projects\Deep Learning\Self Drive\IMG\center_2026_09_12_22_25_25_009.jpg,D:\ML Projects\Deep Learning\Self Drive\IMG\left_2026_09_12_22_25_25_009.jpg,D:\ML Projects\Deep Learning\Self Drive\IMG\right_2026_09_12_22_25_25_009.jpg,-0.15,1,0,30.18415
D:\ML Projects\Deep Learning\Self Drive\IMG\center_2026_09_12_22_25_25_082.jpg,D:\ML Projects\Deep Learning\Self Drive\IMG\left_2026_09_12_22_25_25_082.jpg,D:\ML Projects\Deep Learning\Self Drive\IMG\right_2026_09_12_22_25_25_082.jpg,-0.35,1,0,30.1634
D:\ML Projects\Deep Learning\Self Drive\IMG\center_2026_09_12_22_25_25_161.jpg,D:\ML Projects\Deep Learning\Self Drive\IMG\left_2026_09_12_22_25_25_161.jpg,D:\ML Projects\Deep Learning\Self Drive\IMG\right_2026_09_12_22_25_25_161.jpg,0,1,0,30.18956
D:\ML Projects\Deep Learning\Self Drive\IMG\center_2026_09_12_22_25_25_241.jpg,D:\ML Projects\Deep Learning\Self Drive\IMG\left_2026_09_12_22_25_25_241.jpg,D:\ML Projects\Deep Learning\Self Drive\IMG\right_2026_09_12_22_25_25_241.jpg,0,1,0,30.19005
D:\ML Projects\Deep Learning\Self Drive\IMG\center_2026_09_12_22_25_25_325.jpg,D:\ML Projects\Deep Learning\Self Drive\IMG\left_2026_09_12_22_25_25_325.jpg,D:\ML Projects\Deep Learning\Self Drive\IMG\right_2026_09_12_22_25_25_325.jpg,0,1,0,30.19028
D:\ML Projects\Deep Learning\Self Drive\IMG\center_2026_09_12_22_25_25_418.jpg,D:\ML Projects\Deep Learning\Self Drive\IMG\left_2026_09_12_22_25_25_418.jpg,D:\ML Projects\Deep Learning\Self Drive\IMG\right_2026_09_12_22_25_25_418.jpg,0,1,0,30.18973
D:\ML Projects\Deep Learning\Self Drive\IMG\center_2026_09_12_22_25_25_501.jpg,D:\ML Projects\Deep Learning\Self Drive\IMG\left_2026_09_12_22_25_25_501.jpg,D:\ML Projects\Deep Learning\Self Drive\IMG\right_2026_09_12_22_25_25_501.jpg,-0.2,1,0,30.18036
D:\ML Projects\Deep Learning\Self Drive\IMG\center_2026_09_12_22_25_25_585.jpg,D:\ML Projects\Deep Learning\Self Drive\IMG\left_2026_09_12_22_25_25_585.jpg,D:\ML Projects\Deep Learning\Self Drive\IMG\right_2026_09_12_22_25_25_585.jpg,0,1,0,30.19027
D:\ML Projects\Deep Learning\Self Drive\IMG\center_2026_09_12_22_25_25_666.jpg,D:\ML Projects\Deep Learning\Self Drive\IMG\left_2026_09_12_22_25_25_666.jpg,D:\ML Projects\Deep Learning\Self Drive\IMG\right_2026_09_12_22_25_25_666.jpg,0,1,0,30.19029
D:\ML Projects\Deep Learning\Self Drive\IMG\center_2026_09_12_22_25_25_744.jpg,D:\ML Projects\Deep Learning\Self Drive\IMG\left_2026_09_12_22_25_25_744.jpg,D:\ML Projects\Deep Learning\Self Drive\IMG\right_2026_09_12_22_25_25_744.jpg,0,1,0,30.19028
D:\ML Projects\Deep Learning\Self Drive\IMG\center_2026_09_12_22_25_25_830.jpg,D:\ML Projects\Deep Learning\Self Drive\IMG\left_2026_09_12_22_25_25_830.jpg,D:\ML Projects\Deep Learning\Self Drive\IMG\right_2026_09_12_22_25_25_830.jpg,-0.2,1,0,30.18037
D:\ML Projects\Deep Learning\Self Drive\IMG\center_2026_09_12_22_25_25_917.jpg,D:\ML Projects\Deep Learning\Self Drive\IMG\left_2026_09_12_22_25_25_917.jpg,D:\ML Projects\Deep Learning\Self Drive\IMG\right_2026_09_12_22_25_25_917.jpg,0,1,0,30.19015
D:\ML Projects\Deep Learning\Self Drive\IMG\center_2026_09_12_22_25_25_989.jpg,D:\ML Projects\Deep Learning\Self Drive\IMG\left_2026_09_12_22_25_25_989.jpg,D:\ML Projects\Deep Learning\Self Drive\IMG\right_2026_09_12_22_25_25_989.jpg,0,1,0,30.19027
D:\ML Projects\Deep Learning\Self Drive\IMG\center_2026_09_12_22_25_26_064.jpg,D:\ML Projects\Deep Learning\Self Drive\IMG\left_2026_09_12_22_25_26_064.jpg,D:\ML Projects\Deep Learning\Self Drive\IMG\right_2026_09_12_22_25_26_064.jpg,0,1,0,30.19031
D:\ML Projects\Deep Learning\Self Drive\IMG\center_2026_09_12_22_25_26_156.jpg,D:\ML Projects\Deep Learning\Self Drive\IMG\left_2026_09_12_22_25_26_156.jpg,D:\ML Projects\Deep Learning\Self Drive\IMG\right_2026_09_12_22_25_26_156.jpg,-0.25,1,0,30.17525
D:\ML Projects\Deep Learning\Self Drive\IMG\center_2026_09_12_22_25_26_228.jpg,D:\ML Projects\Deep Learning\Self Drive\IMG\left_2026_09_12_22_25_26_228.jpg,D:\ML Projects\Deep Learning\Self Drive\IMG\right_2026_09_12_22_25_26_228.jpg,-0.4,1,0,30.15797
D:\ML Projects\Deep Learning\Self Drive\IMG\center_2026_09_12_22_25_26_307.jpg,D:\ML Projects\Deep Learning\Self Drive\IMG\left_2026_09_12_22_25_26_307.jpg,D:\ML Projects\Deep Learning\Self Drive\IMG\right_2026_09_12_22_25_26_307.jpg,0,1,0,30.18901
D:\ML Projects\Deep Learning\Self Drive\IMG\center_2026_09_12_22_25_26_388.jpg,D:\ML Projects\Deep Learning\Self Drive\IMG\left_2026_09_12_22_25_26_388.jpg,D:\ML Projects\Deep Learning\Self Drive\IMG\right_2026_09_12_22_25_26_388.jpg,-0.2,1,0,30.18437
D:\ML Projects\Deep Learning\Self Drive\IMG\center_2026_09_12_22_25_26_493.jpg,D:\ML Projects\Deep Learning\Self Drive\IMG\left_2026_09_12_22_25_26_493.jpg,D:\ML Projects\Deep Learning\Self Drive\IMG\right_2026_09_12_22_25_26_493.jpg,-0.5000001,1,0,30.14917
D:\ML Projects\Deep Learning\Self Drive\IMG\center_2026_09_12_22_25_26_587.jpg,D:\ML Projects\Deep Learning\Self Drive\IMG\left_2026_09_12_22_25_26_587.jpg,D:\ML Projects\Deep Learning\Self Drive\IMG\right_2026_09_12_22_25_26_587.jpg,0,1,0,30.18719
D:\ML Projects\Deep Learning\Self Drive\IMG\center_2026_09_12_22_25_26_666.jpg,D:\ML Projects\Deep Learning\Self Drive\IMG\left_2026_09_12_22_25_26_666.jpg,D:\ML Projects\Deep Learning\Self Drive\IMG\right_2026_09_12_22_25_26_666.jpg,0,1,0,30.18973
D:\ML Projects\Deep Learning\Self Drive\IMG\center_2026_09_12_22_25_26_738.jpg,D:\ML Projects\Deep Learning\Self Drive\IMG\left_2026_09_12_22_25_26_738.jpg,D:\ML Projects\Deep Learning\Self Drive\IMG\right_2026_09_12_22_25_26_738.jpg,0,1,0,30.19021
D:\ML Projects\Deep Learning\Self Drive\IMG\center_2026_09_12_22_25_26_826.jpg,D:\ML Projects\Deep Learning\Self Drive\IMG\left_2026_09_12_22_25_26_826.jpg,D:\ML Projects\Deep Learning\Self Drive\IMG\right_2026_09_12_22_25_26_826.jpg,-0.2,1,0,30.1818
D:\ML Projects\Deep Learning\Self Drive\IMG\center_2026_09_12_22_25_26_911.jpg,D:\ML Projects\Deep Learning\Self Drive\IMG\left_2026_09_12_22_25_26_911.jpg,D:\ML Projects\Deep Learning\Self Drive\IMG\right_2026_09_12_22_25_26_911.jpg,0,1,0,30.19022
D:\ML Projects\Deep Learning\Self Drive\IMG\center_2026_09_12_22_25_27_007.jpg,D:\ML Projects\Deep Learning\Self Drive\IMG\left_2026_09_12_22_25_27_007.jpg,D:\ML Projects\Deep Learning\Self Drive\IMG\right_2026_09_12_22_25_27_007.jpg,0,1,0,30.19027
D:\ML Projects\Deep Learning\Self Drive\IMG\center_2026_09_12_22_25_27_091.jpg,D:\ML Projects\Deep Learning\Self Drive\IMG\left_2026_09_12_22_25_27_091.jpg,D:\ML Projects\Deep Learning\Self Drive\IMG\right_2026_09_12_22_25_27_091.jpg,0,1,0,30.19034
D:\ML Projects\Deep Learning\Self Drive\IMG\center_2026_09_12_22_25_27_164.jpg,D:\ML Projects\Deep Learning\Self Drive\IMG\left_2026_09_12_22_25_27_164.jpg,D:\ML Projects\Deep Learning\Self Drive\IMG\right_2026_09_12_22_25_27_164.jpg,0,1,0,30.18991
D:\ML Projects\Deep Learning\Self Drive\IMG\center_2026_09_12_22_25_27_232.jpg,D:\ML Projects\Deep Learning\Self Drive\IMG\left_2026_09_12_22_25_27_232.jpg,D:\ML Projects\Deep Learning\Self Drive\IMG\right_2026_09_12_22_25_27_232.jpg,0,1,0,30.19034
D:\ML Projects\Deep Learning\Self Drive\IMG\center_2026_09_12_22_25_27_363.jpg,D:\ML Projects\Deep Learning\Self Drive\IMG\left_2026_09_12_22_25_27_363.jpg,D:\ML Projects\Deep Learning\Self Drive\IMG\right_2026_09_12_22_25_27_363.jpg,0,1,0,30.18922
D:\ML Projects\Deep Learning\Self Drive\IMG\center_2026_09_12_22_25_27_500.jpg,D:\ML Projects\Deep Learning\Self Drive\IMG\left_2026_09_12_22_25_27_500.jpg,D:\ML Projects\Deep Learning\Self Drive\IMG\right_2026_09_12_22_25_27_500.jpg,0,1,0,30.19029
D:\ML Projects\Deep Learning\Self Drive\IMG\center_2026_09_12_22_25_27_572.jpg,D:\ML Projects\Deep Learning\Self Drive\IMG\left_2026_09_12_22_25_27_572.jpg,D:\ML Projects\Deep Learning\Self Drive\IMG\right_2026_09_12_22_25_27_572.jpg,0,1,0,30.19028
D:\ML Projects\Deep Learning\Self Drive\IMG\center_2026_09_12_22_25_27_700.jpg,D:\ML Projects\Deep Learning\Self Drive\IMG\left_2026_09_12_22_25_27_700.jpg,D:\ML Projects\Deep Learning\Self Drive\IMG\right_2026_09_12_22_25_27_700.jpg,-0.3,1,0,30.16961
D:\ML Projects\Deep Learning\Self Drive\IMG\center_2026_09_12_22_25_27_777.jpg,D:\ML Projects\Deep Learning\Self Drive\IMG\left_2026_09_12_22_25_27_777.jpg,D:\ML Projects\Deep Learning\Self Drive\IMG\right_2026_09_12_22_25_27_777.jpg,0,1,0,30.18991
D:\ML Projects\Deep Learning\Self Drive\IMG\center_2026_09_12_22_25_27_863.jpg,D:\ML Projects\Deep Learning\Self Drive\IMG\left_2026_09_12_22_25_27_863.jpg,D:\ML Projects\Deep Learning\Self Drive\IMG\right_2026_09_12_22_25_27_863.jpg,0,1,0,30.19018
D:\ML Projects\Deep Learning\Self Drive\IMG\center_2026_09_12_22_25_27_935.jpg,D:\ML Projects\Deep Learning\Self Drive\IMG\left_2026_09_12_22_25_27_935.jpg,D:\ML Projects\Deep Learning\Self Drive\IMG\right_2026_09_12_22_25_27_935.jpg,0,1,0,30.19029
D:\ML Projects\Deep Learning\Self Drive\IMG\center_2026_09_12_22_25_28_011.jpg,D:\ML Projects\Deep Learning\Self Drive\IMG\left_2026_09_12_22_25_28_011.jpg,D:\ML Projects\Deep Learning\Self Drive\IMG\right_2026_09_12_22_25_28_011.jpg,0,1,0,30.19031
D:\ML Projects\Deep Learning\Self Drive\IMG\center_2026_09_12_22_25_28_091.jpg,D:\ML Projects\Deep Learning\Self Drive\IMG\left_2026_09_12_22_25_28_091.jpg,D:\ML Projects\Deep Learning\Self Drive\IMG\right_2026_09_12_22_25_28_091.jpg,-0.2,1,0,30.18042
D:\ML Projects\Deep Learning\Self Drive\IMG\center_2026_09_12_22_25_28_170.jpg,D:\ML Projects\Deep Learning\Self Drive\IMG\left_2026_09_12_22_25_28_170.jpg,D:\ML Projects\Deep Learning\Self Drive\IMG\right_2026_09_12_22_25_28_170.jpg,-0.4,1,0,30.15783
D:\ML Projects\Deep Learning\Self Drive\IMG\center_2026_09_12_22_25_28_247.jpg,D:\ML Projects\Deep Learning\Self Drive\IMG\left_2026_09_12_22_25_28_247.jpg,D:\ML Projects\Deep Learning\Self Drive\IMG\right_2026_09_12_22_25_28_247.jpg,0,1,0,30.18902
D:\ML Projects\Deep Learning\Self Drive\IMG\center_2026_09_12_22_25_28_318.jpg,D:\ML Projects\Deep Learning\Self Drive\IMG\left_2026_09_12_22_25_28_318.jpg,D:\ML Projects\Deep Learning\Self Drive\IMG\right_2026_09_12_22_25_28_318.jpg,0,1,0,30.19
D:\ML Projects\Deep Learning\Self Drive\IMG\center_2026_09_12_22_25_28_399.jpg,D:\ML Projects\Deep Learning\Self Drive\IMG\left_2026_09_12_22_25_28_399.jpg,D:\ML Projects\Deep Learning\Self Drive\IMG\right_2026_09_12_22_25_28_399.jpg,0,1,0,30.19037
D:\ML Projects\Deep Learning\Self Drive\IMG\center_2026_09_12_22_25_28_476.jpg,D:\ML Projects\Deep Learning\Self Drive\IMG\left_2026_09_12_22_25_28_476.jpg,D:\ML Projects\Deep Learning\Self Drive\IMG\right_2026_09_12_22_25_28_476.jpg,0,1,0,30.19031
D:\ML Projects\Deep Learning\Self Drive\IMG\center_2026_09_12_22_25_28_553.jpg,D:\ML Projects\Deep Learning\Self Drive\IMG\left_2026_09_12_22_25_28_553.jpg,D:\ML Projects\Deep Learning\Self Drive\IMG\right_2026_09_12_22_25_28_553.jpg,-0.2,1,0,30.18056
D:\ML Projects\Deep Learning\Self Drive\IMG\center_2026_09_12_22_25_28_633.jpg,D:\ML Projects\Deep Learning\Self Drive\IMG\left_2026_09_12_22_25_28_633.jpg,D:\ML Projects\Deep Learning\Self Drive\IMG\right_2026_09_12_22_25_28_633.jpg,-0.4,1,0,30.1581
D:\ML Projects\Deep Learning\Self Drive\IMG\center_2026_09_12_22_25_28_715.jpg,D:\ML Projects\Deep Learning\Self Drive\IMG\left_2026_09_12_22_25_28_715.jpg,D:\ML Projects\Deep Learning\Self Drive\IMG\right_2026_09_12_22_25_28_715.jpg,0,1,0,30.18902
D:\ML Projects\Deep Learning\Self Drive\IMG\center_2026_09_12_22_25_28_797.jpg,D:\ML Projects\Deep Learning\Self Drive\IMG\left_2026_09_12_22_25_28_797.jpg,D:\ML Projects\Deep Learning\Self Drive\IMG\right_2026_09_12_22_25_28_797.jpg,0,1,0,30.19
D:\ML Projects\Deep Learning\Self Drive\IMG\center_2026_09_12_22_25_28_879.jpg,D:\ML Projects\Deep Learning\Self Drive\IMG\left_2026_09_12_22_25_28_879.jpg,D:\ML Projects\Deep Learning\Self Drive\IMG\right_2026_09_12_22_25_28_879.jpg,0,1,0,30.19024
D:\ML Projects\Deep Learning\Self Drive\IMG\center_2026_09_12_22_25_28_948.jpg,D:\ML Projects\Deep Learning\Self Drive\IMG\left_2026_09_12_22_25_28_948.jpg,D:\ML Projects\Deep Learning\Self Drive\IMG\right_2026_09_12_22_25_28_948.jpg,0,1,0,30.19031
D:\ML Projects\Deep Learning\Self Drive\IMG\center_2026_09_12_22_25_29_024.jpg,D:\ML Projects\Deep Learning\Self Drive\IMG\left_2026_09_12_22_25_29_024.jpg,D:\ML Projects\Deep Learning\Self Drive\IMG\right_2026_09_12_22_25_29_024.jpg,-0.2,1,0,30.1807
D:\ML Projects\Deep Learning\Self Drive\IMG\center_2026_09_12_22_25_29_101.jpg,D:\ML Projects\Deep Learning\Self Drive\IMG\left_2026_09_12_22_25_29_101.jpg,D:\ML Projects\Deep Learning\Self Drive\IMG\right_2026_09_12_22_25_29_101.jpg,-0.4,1,0,30.15821
D:\ML Projects\Deep Learning\Self Drive\IMG\center_2026_09_12_22_25_29_178.jpg,D:\ML Projects\Deep Learning\Self Drive\IMG\left_2026_09_12_22_25_29_178.jpg,D:\ML Projects\Deep Learning\Self Drive\IMG\right_2026_09_12_22_25_29_178.jpg,0,1,0,30.18908
D:\ML Projects\Deep Learning\Self Drive\IMG\center_2026_09_12_22_25_29_259.jpg,D:\ML Projects\Deep Learning\Self Drive\IMG\left_2026_09_12_22_25_29_259.jpg,D:\ML Projects\Deep Learning\Self Drive\IMG\right_2026_09_12_22_25_29_259.jpg,0,1,0,30.19032
D:\ML Projects\Deep Learning\Self Drive\IMG\center_2026_09_12_22_25_29_336.jpg,D:\ML Projects\Deep Learning\Self Drive\IMG\left_2026_09_12_22_25_29_336.jpg,D:\ML Projects\Deep Learning\Self Drive\IMG\right_2026_09_12_22_25_29_336.jpg,0,1,0,30.19052
D:\ML Projects\Deep Learning\Self Drive\IMG\center_2026_09_12_22_25_29_413.jpg,D:\ML Projects\Deep Learning\Self Drive\IMG\left_2026_09_12_22_25_29_413.jpg,D:\ML Projects\Deep Learning\Self Drive\IMG\right_2026_09_12_22_25_29_413.jpg,0,1,0,30.18932
D:\ML Projects\Deep Learning\Self Drive\IMG\center_2026_09_12_22_25_29_493.jpg,D:\ML Projects\Deep Learning\Self Drive\IMG\left_2026_09_12_22_25_29_493.jpg,D:\ML Projects\Deep Learning\Self Drive\IMG\right_2026_09_12_22_25_29_493.jpg,0,1,0,30.19052
D:\ML Projects\Deep Learning\Self Drive\IMG\center_2026_09_12_22_25_29_569.jpg,D:\ML Projects\Deep Learning\Self Drive\IMG\left_2026_09_12_22_25_29_569.jpg,D:\ML Projects\Deep Learning\Self Drive\IMG\right_2026_09_12_22_25_29_569.jpg,0,1,0,30.19029
D:\ML Projects\Deep Learning\Self Drive\IMG\center_2026_09_12_22_25_29_642.jpg,D:\ML Projects\Deep Learning\Self Drive\IMG\left_2026_09_12_22_25_29_642.jpg,D:\ML Projects\Deep Learning\Self Drive\IMG\right_2026_09_12_22_25_29_642.jpg,0,1,0,30.19018
D:\ML Projects\Deep Learning\Self Drive\IMG\center_2026_09_12_22_25_29_716.jpg,D:\ML Projects\Deep Learning\Self Drive\IMG\left_2026_09_12_22_25_29_716.jpg,D:\ML Projects\Deep Learning\Self Drive\IMG\right_2026_09_12_22_25_29_716.jpg,0.2,1,0,30.18006
D:\ML Projects\Deep Learning\Self Drive\IMG\center_2026_09_12_22_25_29_794.jpg,D:\ML Projects\Deep Learning\Self Drive\IMG\left_2026_09_12_22_25_29_794.jpg,D:\ML Projects\Deep Learning\Self Drive\IMG\right_2026_09_12_22_25_29_794.jpg,0,1,0,30.19013
D:\ML Projects\Deep Learning\Self Drive\IMG\center_2026_09_12_22_25_29_888.jpg,D:\ML Projects\Deep Learning\Self Drive\IMG\left_2026_09_12_22_25_29_888.jpg,D:\ML Projects\Deep Learning\Self Drive\IMG\right_2026_09_12_22_25_29_888.jpg,0,1,0,30.19017
D:\ML Projects\Deep Learning\Self Drive\IMG\center_2026_09_12_22_25_29_969.jpg,D:\ML Projects\Deep Learning\Self Drive\IMG\left_2026_09_12_22_25_29_969.jpg,D:\ML Projects\Deep Learning\Self Drive\IMG\right_2026_09_12_22_25_29_969.jpg,0,1,0,30.19024
D:\ML Projects\Deep Learning\Self Drive\IMG\center_2026_09_12_22_25_30_048.jpg,D:\ML Projects\Deep Learning\Self Drive\IMG\left_2026_09_12_22_25_30_048.jpg,D:\ML Projects\Deep Learning\Self Drive\IMG\right_2026_09_12_22_25_30_048.jpg,0,1,0,30.19026
D:\ML Projects\Deep Learning\Self Drive\IMG\center_2026_09_12_22_25_30_139.jpg,D:\ML Projects\Deep Learning\Self Drive\IMG\left_2026_09_12_22_25_30_139.jpg,D:\ML Projects\Deep Learning\Self Drive\IMG\right_2026_09_12_22_25_30_139.jpg,0,1,0,30.19029
D:\ML Projects\Deep Learning\Self Drive\IMG\center_2026_09_12_22_25_30_220.jpg,D:\ML Projects\Deep Learning\Self Drive\IMG\left_2026_09_12_22_25_30_220.jpg,D:\ML Projects\Deep Learning\Self Drive\IMG\right_2026_09_12_22_25_30_220.jpg,-0.2,1,0,30.17929
D:\ML Projects\Deep Learning\Self Drive\IMG\center_2026_09_12_22_25_30_309.jpg,D:\ML Projects\Deep Learning\Self Drive\IMG\left_2026_09_12_22_25_30_309.jpg,D:\ML Projects\Deep Learning\Self Drive\IMG\right_2026_09_12_22_25_30_309.jpg,0,1,0,30.1903
D:\ML Projects\Deep Learning\Self Drive\IMG\center_2026_09_12_22_25_30_408.jpg,D:\ML Projects\Deep Learning\Self Drive\IMG\left_2026_09_12_22_25_30_408.jpg,D:\ML Projects\Deep Learning\Self Drive\IMG\right_2026_09_12_22_25_30_408.jpg,0,1,0,30.19053
D:\ML Projects\Deep Learning\Self Drive\IMG\center_2026_09_12_22_25_30_496.jpg,D:\ML Projects\Deep Learning\Self Drive\IMG\left_2026_09_12_22_25_30_496.jpg,D:\ML Projects\Deep Learning\Self Drive\IMG\right_2026_09_12_22_25_30_496.jpg,0,1,0,30.19042
D:\ML Projects\Deep Learning\Self Drive\IMG\center_2026_09_12_22_25_30_582.jpg,D:\ML Projects\Deep Learning\Self Drive\IMG\left_2026_09_12_22_25_30_582.jpg,D:\ML Projects\Deep Learning\Self Drive\IMG\right_2026_09_12_22_25_30_582.jpg,0,1,0,30.19094
D:\ML Projects\Deep Learning\Self Drive\IMG\center_2026_09_12_22_25_30_668.jpg,D:\ML Projects\Deep Learning\Self Drive\IMG\left_2026_09_12_22_25_30_668.jpg,D:\ML Projects\Deep Learning\Self Drive\IMG\right_2026_09_12_22_25_30_668.jpg,-0.2,1,0,30.17996
D:\ML Projects\Deep Learning\Self Drive\IMG\center_2026_09_12_22_25_30_763.jpg,D:\ML Projects\Deep Learning\Self Drive\IMG\left_2026_09_12_22_25_30_763.jpg,D:\ML Projects\Deep Learning\Self Drive\IMG\right_2026_09_12_22_25_30_763.jpg,-0.45,1,0,30.15106
D:\ML Projects\Deep Learning\Self Drive\IMG\center_2026_09_12_22_25_30_870.jpg,D:\ML Projects\Deep Learning\Self Drive\IMG\left_2026_09_12_22_25_30_870.jpg,D:\ML Projects\Deep Learning\Self Drive\IMG\right_2026_09_12_22_25_30_870.jpg,0,1,0,30.18881
D:\ML Projects\Deep Learning\Self Drive\IMG\center_2026_09_12_22_25_30_964.jpg,D:\ML Projects\Deep Learning\Self Drive\IMG\left_2026_09_12_22_25_30_964.jpg,D:\ML Projects\Deep Learning\Self Drive\IMG\right_2026_09_12_22_25_30_964.jpg,0,1,0,30.19002
D:\ML Projects\Deep Learning\Self Drive\IMG\center_2026_09_12_22_25_31_053.jpg,D:\ML Projects\Deep Learning\Self Drive\IMG\left_2026_09_12_22_25_31_053.jpg,D:\ML Projects\Deep Learning\Self Drive\IMG\right_2026_09_12_22_25_31_053.jpg,-0.25,1,0,30.17659
D:\ML Projects\Deep Learning\Self Drive\IMG\center_2026_09_12_22_25_31_141.jpg,D:\ML Projects\Deep Learning\Self Drive\IMG\left_2026_09_12_22_25_31_141.jpg,D:\ML Projects\Deep Learning\Self Drive\IMG\right_2026_09_12_22_25_31_141.jpg,-0.45,1,0,30.15239
D:\ML Projects\Deep Learning\Self Drive\IMG\center_2026_09_12_22_25_31_223.jpg,D:\ML Projects\Deep Learning\Self Drive\IMG\left_2026_09_12_22_25_31_223.jpg,D:\ML Projects\Deep Learning\Self Drive\IMG\right_2026_09_12_22_25_31_223.jpg,0,1,0,30.18805
D:\ML Projects\Deep Learning\Self Drive\IMG\center_2026_09_12_22_25_31_300.jpg,D:\ML Projects\Deep Learning\Self Drive\IMG\left_2026_09_12_22_25_31_300.jpg,D:\ML Projects\Deep Learning\Self Drive\IMG\right_2026_09_12_22_25_31_300.jpg,0,1,0,30.18948
D:\ML Projects\Deep Learning\Self Drive\IMG\center_2026_09_12_22_25_31_375.jpg,D:\ML Projects\Deep Learning\Self Drive\IMG\left_2026_09_12_22_25_31_375.jpg,D:\ML Projects\Deep Learning\Self Drive\IMG\right_2026_09_12_22_25_31_375.jpg,0,1,0,30.18977
D:\ML Projects\Deep Learning\Self Drive\IMG\center_2026_09_12_22_25_31_450.jpg,D:\ML Projects\Deep Learning\Self Drive\IMG\left_2026_09_12_22_25_31_450.jpg,D:\ML Projects\Deep Learning\Self Drive\IMG\right_2026_09_12_22_25_31_450.jpg,0,1,0,30.18977
D:\ML Projects\Deep Learning\Self Drive\IMG\center_2026_09_12_22_25_31_522.jpg,D:\ML Projects\Deep Learning\Self Drive\IMG\left_2026_09_12_22_25_31_522.jpg,D:\ML Projects\Deep Learning\Self Drive\IMG\right_2026_09_12_22_25_31_522.jpg,0,1,0,30.19024
D:\ML Projects\Deep Learning\Self Drive\IMG\center_2026_09_12_22_25_31_596.jpg,D:\ML Projects\Deep Learning\Self Drive\IMG\left_2026_09_12_22_25_31_596.jpg,D:\ML Projects\Deep Learning\Self Drive\IMG\right_2026_09_12_22_25_31_596.jpg,0.2,1,0,30.17951
D:\ML Projects\Deep Learning\Self Drive\IMG\center_2026_09_12_22_25_31_667.jpg,D:\ML Projects\Deep Learning\Self Drive\IMG\left_2026_09_12_22_25_31_667.jpg,D:\ML Projects\Deep Learning\Self Drive\IMG\right_2026_09_12_22_25_31_667.jpg,0.35,1,0,30.16338
D:\ML Projects\Deep Learning\Self Drive\IMG\center_2026_09_12_22_25_31_751.jpg,D:\ML Projects\Deep Learning\Self Drive\IMG\left_2026_09_12_22_25_31_751.jpg,D:\ML Projects\Deep Learning\Self Drive\IMG\right_2026_09_12_22_25_31_751.jpg,0,1,0,30.18958
D:\ML Projects\Deep Learning\Self Drive\IMG\center_2026_09_12_22_25_31_823.jpg,D:\ML Projects\Deep Learning\Self Drive\IMG\left_2026_09_12_22_25_31_823.jpg,D:\ML Projects\Deep Learning\Self Drive\IMG\right_2026_09_12_22_25_31_823.jpg,0,1,0,30.19002
D:\ML Projects\Deep Learning\Self Drive\IMG\center_2026_09_12_22_25_31_907.jpg,D:\ML Projects\Deep Learning\Self Drive\IMG\left_2026_09_12_22_25_31_907.jpg,D:\ML Projects\Deep Learning\Self Drive\IMG\right_2026_09_12_22_25_31_907.jpg,0,1,0,30.19021
D:\ML Projects\Deep Learning\Self Drive\IMG\center_2026_09_12_22_25_31_983.jpg,D:\ML Projects\Deep Learning\Self Drive\IMG\left_2026_09_12_22_25_31_983.jpg,D:\ML Projects\Deep Learning\Self Drive\IMG\right_2026_09_12_22_25_31_983.jpg,0,1,0,30.19024
D:\ML Projects\Deep Learning\Self Drive\IMG\center_2026_09_12_22_25_32_051.jpg,D:\ML Projects\Deep Learning\Self Drive\IMG\left_2026_09_12_22_25_32_051.jpg,D:\ML Projects\Deep Learning\Self Drive\IMG\right_2026_09_12_22_25_32_051.jpg,0,1,0,30.19028
D:\ML Projects\Deep Learning\Self Drive\IMG\center_2026_09_12_22_25_32_126.jpg,D:\ML Projects\Deep Learning\Self Drive\IMG\left_2026_09_12_22_25_32_126.jpg,D:\ML Projects\Deep Learning\Self Drive\IMG\right_2026_09_12_22_25_32_126.jpg,0,1,0,30.19028
D:\ML Projects\Deep Learning\Self Drive\IMG\center_2026_09_12_22_25_32_192.jpg,D:\ML Projects\Deep Learning\Self Drive\IMG\left_2026_09_12_22_25_32_192.jpg,D:\ML Projects\Deep Learning\Self Drive\IMG\right_2026_09_12_22_25_32_192.jpg,0,1,0,30.1903
D:\ML Projects\Deep Learning\Self Drive\IMG\center_2026_09_12_22_25_32_259.jpg,D:\ML Projects\Deep Learning\Self Drive\IMG\left_2026_09_12_22_25_32_259.jpg,D:\ML Projects\Deep Learning\Self Drive\IMG\right_2026_09_12_22_25_32_259.jpg,0,1,0,30.19032
D:\ML Projects\Deep Learning\Self Drive\IMG\center_2026_09_12_22_25_32_328.jpg,D:\ML Projects\Deep Learning\Self Drive\IMG\left_2026_09_12_22_25_32_328.jpg,D:\ML Projects\Deep Learning\Self Drive\IMG\right_2026_09_12_22_25_32_328.jpg,0,1,0,30.19032
D:\ML Projects\Deep Learning\Self Drive\IMG\center_2026_09_12_22_25_32_400.jpg,D:\ML Projects\Deep Learning\Self Drive\IMG\left_2026_09_12_22_25_32_400.jpg,D:\ML Projects\Deep Learning\Self Drive\IMG\right_2026_09_12_22_25_32_400.jpg,0,1,0,30.1903
D:\ML Projects\Deep Learning\Self Drive\IMG\center_2026_09_12_22_25_32_536.jpg,D:\ML Projects\Deep Learning\Self Drive\IMG\left_2026_09_12_22_25_32_536.jpg,D:\ML Projects\Deep Learning\Self Drive\IMG\right_2026_09_12_22_25_32_536.jpg,-0.2,1,0,30.17949
D:\ML Projects\Deep Learning\Self Drive\IMG\center_2026_09_12_22_25_32_608.jpg,D:\ML Projects\Deep Learning\Self Drive\IMG\left_2026_09_12_22_25_32_608.jpg,D:\ML Projects\Deep Learning\Self Drive\IMG\right_2026_09_12_22_25_32_608.jpg,0,1,0,30.18967
D:\ML Projects\Deep Learning\Self Drive\IMG\center_2026_09_12_22_25_32_681.jpg,D:\ML Projects\Deep Learning\Self Drive\IMG\left_2026_09_12_22_25_32_681.jpg,D:\ML Projects\Deep Learning\Self Drive\IMG\right_2026_09_12_22_25_32_681.jpg,0,1,0,30.18962
D:\ML Projects\Deep Learning\Self Drive\IMG\center_2026_09_12_22_25_32_751.jpg,D:\ML Projects\Deep Learning\Self Drive\IMG\left_2026_09_12_22_25_32_751.jpg,D:\ML Projects\Deep Learning\Self Drive\IMG\right_2026_09_12_22_25_32_751.jpg,0,1,0,30.19058
D:\ML Projects\Deep Learning\Self Drive\IMG\center_2026_09_12_22_25_32_825.jpg,D:\ML Projects\Deep Learning\Self Drive\IMG\left_2026_09_12_22_25_32_825.jpg,D:\ML Projects\Deep Learning\Self Drive\IMG\right_2026_09_12_22_25_32_825.jpg,0,1,0,30.19043
D:\ML Projects\Deep Learning\Self Drive\IMG\center_2026_09_12_22_25_32_913.jpg,D:\ML Projects\Deep Learning\Self Drive\IMG\left_2026_09_12_22_25_32_913.jpg,D:\ML Projects\Deep Learning\Self Drive\IMG\right_2026_09_12_22_25_32_913.jpg,0,1,0,30.19036
D:\ML Projects\Deep Learning\Self Drive\IMG\center_2026_09_12_22_25_32_997.jpg,D:\ML Projects\Deep Learning\Self Drive\IMG\left_2026_09_12_22_25_32_997.jpg,D:\ML Projects\Deep Learning\Self Drive\IMG\right_2026_09_12_22_25_32_997.jpg,0,1,0,30.19059
D:\ML Projects\Deep Learning\Self Drive\IMG\center_2026_09_12_22_25_33_081.jpg,D:\ML Projects\Deep Learning\Self Drive\IMG\left_2026_09_12_22_25_33_081.jpg,D:\ML Projects\Deep Learning\Self Drive\IMG\right_2026_09_12_22_25_33_081.jpg,0,1,0,30.1905
D:\ML Projects\Deep Learning\Self Drive\IMG\center_2026_09_12_22_25_33_163.jpg,D:\ML Projects\Deep Learning\Self Drive\IMG\left_2026_09_12_22_25_33_163.jpg,D:\ML Projects\Deep Learning\Self Drive\IMG\right_2026_09_12_22_25_33_163.jpg,0,1,0,30.19046
D:\ML Projects\Deep Learning\Self Drive\IMG\center_2026_09_12_22_25_33_242.jpg,D:\ML Projects\Deep Learning\Self Drive\IMG\left_2026_09_12_22_25_33_242.jpg,D:\ML Projects\Deep Learning\Self Drive\IMG\right_2026_09_12_22_25_33_242.jpg,0,1,0,30.19049
D:\ML Projects\Deep Learning\Self Drive\IMG\center_2026_09_12_22_25_33_331.jpg,D:\ML Projects\Deep Learning\Self Drive\IMG\left_2026_09_12_22_25_33_331.jpg,D:\ML Projects\Deep Learning\Self Drive\IMG\right_2026_09_12_22_25_33_331.jpg,-0.2,1,0,30.17965
D:\ML Projects\Deep Learning\Self Drive\IMG\center_2026_09_12_22_25_33_407.jpg,D:\ML Projects\Deep Learning\Self Drive\IMG\left_2026_09_12_22_25_33_407.jpg,D:\ML Projects\Deep Learning\Self Drive\IMG\right_2026_09_12_22_25_33_407.jpg,0,1,0,30.19049
D:\ML Projects\Deep Learning\Self Drive\IMG\center_2026_09_12_22_25_33_487.jpg,D:\ML Projects\Deep Learning\Self Drive\IMG\left_2026_09_12_22_25_33_487.jpg,D:\ML Projects\Deep Learning\Self Drive\IMG\right_2026_09_12_22_25_33_487.jpg,0,1,0,30.19038
D:\ML Projects\Deep Learning\Self Drive\IMG\center_2026_09_12_22_25_33_566.jpg,D:\ML Projects\Deep Learning\Self Drive\IMG\left_2026_09_12_22_25_33_566.jpg,D:\ML Projects\Deep Learning\Self Drive\IMG\right_2026_09_12_22_25_33_566.jpg,0,1,0,30.19041
D:\ML Projects\Deep Learning\Self Drive\IMG\center_2026_09_12_22_25_33_656.jpg,D:\ML Projects\Deep Learning\Self Drive\IMG\left_2026_09_12_22_25_33_656.jpg,D:\ML Projects\Deep Learning\Self Drive\IMG\right_2026_09_12_22_25_33_656.jpg,0,1,0,30.19041
D:\ML Projects\Deep Learning\Self Drive\IMG\center_2026_09_12_22_25_33_730.jpg,D:\ML Projects\Deep Learning\Self Drive\IMG\left_2026_09_12_22_25_33_730.jpg,D:\ML Projects\Deep Learning\Self Drive\IMG\right_2026_09_12_22_25_33_730.jpg,0,1,0,30.19039
D:\ML Projects\Deep Learning\Self Drive\IMG\center_2026_09_12_22_25_33_804.jpg,D:\ML Projects\Deep Learning\Self Drive\IMG\left_2026_09_12_22_25_33_804.jpg,D:\ML Projects\Deep Learning\Self Drive\IMG\right_2026_09_12_22_25_33_804.jpg,-0.2,1,0,30.17971
D:\ML Projects\Deep Learning\Self Drive\IMG\center_2026_09_12_22_25_33_885.jpg,D:\ML Projects\Deep Learning\Self Drive\IMG\left_2026_09_12_22_25_33_885.jpg,D:\ML Projects\Deep Learning\Self Drive\IMG\right_2026_09_12_22_25_33_885.jpg,0,1,0,30.19039
D:\ML Projects\Deep Learning\Self Drive\IMG\center_2026_09_12_22_25_34_020.jpg,D:\ML Projects\Deep Learning\Self Drive\IMG\left_2026_09_12_22_25_34_020.jpg,D:\ML Projects\Deep Learning\Self Drive\IMG\right_2026_09_12_22_25_34_020.jpg,0,1,0,30.19055
D:\ML Projects\Deep Learning\Self Drive\IMG\center_2026_09_12_22_25_34_093.jpg,D:\ML Projects\Deep Learning\Self Drive\IMG\left_2026_09_12_22_25_34_093.jpg,D:\ML Projects\Deep Learning\Self Drive\IMG\right_2026_09_12_22_25_34_093.jpg,0,1,0,30.19046
D:\ML Projects\Deep Learning\Self Drive\IMG\center_2026_09_12_22_25_34_168.jpg,D:\ML Projects\Deep Learning\Self Drive\IMG\left_2026_09_12_22_25_34_168.jpg,D:\ML Projects\Deep Learning\Self Drive\IMG\right_2026_09_12_22_25_34_168.jpg,0,1,0,30.19103
D:\ML Projects\Deep Learning\Self Drive\IMG\center_2026_09_12_22_25_34_242.jpg,D:\ML Projects\Deep Learning\Self Drive\IMG\left_2026_09_12_22_25_34_242.jpg,D:\ML Projects\Deep Learning\Self Drive\IMG\right_2026_09_12_22_25_34_242.jpg,-0.2,1,0,30.17996
D:\ML Projects\Deep Learning\Self Drive\IMG\center_2026_09_12_22_25_34_318.jpg,D:\ML Projects\Deep Learning\Self Drive\IMG\left_2026_09_12_22_25_34_318.jpg,D:\ML Projects\Deep Learning\Self Drive\IMG\right_2026_09_12_22_25_34_318.jpg,0,1,0,30.19056
D:\ML Projects\Deep Learning\Self Drive\IMG\center_2026_09_12_22_25_34_392.jpg,D:\ML Projects\Deep Learning\Self Drive\IMG\left_2026_09_12_22_25_34_392.jpg,D:\ML Projects\Deep Learning\Self Drive\IMG\right_2026_09_12_22_25_34_392.jpg,0,1,0,30.19041
D:\ML Projects\Deep Learning\Self Drive\IMG\center_2026_09_12_22_25_34_472.jpg,D:\ML Projects\Deep Learning\Self Drive\IMG\left_2026_09_12_22_25_34_472.jpg,D:\ML Projects\Deep Learning\Self Drive\IMG\right_2026_09_12_22_25_34_472.jpg,-0.2,1,0,30.18075
D:\ML Projects\Deep Learning\Self Drive\IMG\center_2026_09_12_22_25_34_546.jpg,D:\ML Projects\Deep Learning\Self Drive\IMG\left_2026_09_12_22_25_34_546.jpg,D:\ML Projects\Deep Learning\Self Drive\IMG\right_2026_09_12_22_25_34_546.jpg,-0.4,1,0,30.15818
D:\ML Projects\Deep Learning\Self Drive\IMG\center_2026_09_12_22_25_34_626.jpg,D:\ML Projects\Deep Learning\Self Drive\IMG\left_2026_09_12_22_25_34_626.jpg,D:\ML Projects\Deep Learning\Self Drive\IMG\right_2026_09_12_22_25_34_626.jpg,0,1,0,30.189
D:\ML Projects\Deep Learning\Self Drive\IMG\center_2026_09_12_22_25_34_702.jpg,D:\ML Projects\Deep Learning\Self Drive\IMG\left_2026_09_12_22_25_34_702.jpg,D:\ML Projects\Deep Learning\Self Drive\IMG\right_2026_09_12_22_25_34_702.jpg,0,1,0,30.18984
D:\ML Projects\Deep Learning\Self Drive\IMG\center_2026_09_12_22_25_34_772.jpg,D:\ML Projects\Deep Learning\Self Drive\IMG\left_2026_09_12_22_25_34_772.jpg,D:\ML Projects\Deep Learning\Self Drive\IMG\right_2026_09_12_22_25_34_772.jpg,0,1,0,30.1901
D:\ML Projects\Deep Learning\Self Drive\IMG\center_2026_09_12_22_25_34_846.jpg,D:\ML Projects\Deep Learning\Self Drive\IMG\left_2026_09_12_22_25_34_846.jpg,D:\ML Projects\Deep Learning\Self Drive\IMG\right_2026_09_12_22_25_34_846.jpg,0,1,0,30.19011
D:\ML Projects\Deep Learning\Self Drive\IMG\center_2026_09_12_22_25_34_941.jpg,D:\ML Projects\Deep Learning\Self Drive\IMG\left_2026_09_12_22_25_34_941.jpg,D:\ML Projects\Deep Learning\Self Drive\IMG\right_2026_09_12_22_25_34_941.jpg,0,1,0,30.19016
D:\ML Projects\Deep Learning\Self Drive\IMG\center_2026_09_12_22_25_35_022.jpg,D:\ML Projects\Deep Learning\Self Drive\IMG\left_2026_09_12_22_25_35_022.jpg,D:\ML Projects\Deep Learning\Self Drive\IMG\right_2026_09_12_22_25_35_022.jpg,0,1,0,30.19017
D:\ML Projects\Deep Learning\Self Drive\IMG\center_2026_09_12_22_25_35_110.jpg,D:\ML Projects\Deep Learning\Self Drive\IMG\left_2026_09_12_22_25_35_110.jpg,D:\ML Projects\Deep Learning\Self Drive\IMG\right_2026_09_12_22_25_35_110.jpg,0.2,1,0,30.17992
D:\ML Projects\Deep Learning\Self Drive\IMG\center_2026_09_12_22_25_35_200.jpg,D:\ML Projects\Deep Learning\Self Drive\IMG\left_2026_09_12_22_25_35_200.jpg,D:\ML Projects\Deep Learning\Self Drive\IMG\right_2026_09_12_22_25_35_200.jpg,0,1,0,30.18974
D:\ML Projects\Deep Learning\Self Drive\IMG\center_2026_09_12_22_25_35_282.jpg,D:\ML Projects\Deep Learning\Self Drive\IMG\left_2026_09_12_22_25_35_282.jpg,D:\ML Projects\Deep Learning\Self Drive\IMG\right_2026_09_12_22_25_35_282.jpg,0,1,0,30.19046
D:\ML Projects\Deep Learning\Self Drive\IMG\center_2026_09_12_22_25_35_367.jpg,D:\ML Projects\Deep Learning\Self Drive\IMG\left_2026_09_12_22_25_35_367.jpg,D:\ML Projects\Deep Learning\Self Drive\IMG\right_2026_09_12_22_25_35_367.jpg,0,1,0,30.19036
D:\ML Projects\Deep Learning\Self Drive\IMG\center_2026_09_12_22_25_35_451.jpg,D:\ML Projects\Deep Learning\Self Drive\IMG\left_2026_09_12_22_25_35_451.jpg,D:\ML Projects\Deep Learning\Self Drive\IMG\right_2026_09_12_22_25_35_451.jpg,0,1,0,30.19041
D:\ML Projects\Deep Learning\Self Drive\IMG\center_2026_09_12_22_25_35_531.jpg,D:\ML Projects\Deep Learning\Self Drive\IMG\left_2026_09_12_22_25_35_531.jpg,D:\ML Projects\Deep Learning\Self Drive\IMG\right_2026_09_12_22_25_35_531.jpg,0,1,0,30.19051
D:\ML Projects\Deep Learning\Self Drive\IMG\center_2026_09_12_22_25_35_607.jpg,D:\ML Projects\Deep Learning\Self Drive\IMG\left_2026_09_12_22_25_35_607.jpg,D:\ML Projects\Deep Learning\Self Drive\IMG\right_2026_09_12_22_25_35_607.jpg,0,1,0,30.19044
D:\ML Projects\Deep Learning\Self Drive\IMG\center_2026_09_12_22_25_35_676.jpg,D:\ML Projects\Deep Learning\Self Drive\IMG\left_2026_09_12_22_25_35_676.jpg,D:\ML Projects\Deep Learning\Self Drive\IMG\right_2026_09_12_22_25_35_676.jpg,-0.2,1,0,30.17934
D:\ML Projects\Deep Learning\Self Drive\IMG\center_2026_09_12_22_25_35_749.jpg,D:\ML Projects\Deep Learning\Self Drive\IMG\left_2026_09_12_22_25_35_749.jpg,D:\ML Projects\Deep Learning\Self Drive\IMG\right_2026_09_12_22_25_35_749.jpg,0,1,0,30.18974
D:\ML Projects\Deep Learning\Self Drive\IMG\center_2026_09_12_22_25_35_828.jpg,D:\ML Projects\Deep Learning\Self Drive\IMG\left_2026_09_12_22_25_35_828.jpg,D:\ML Projects\Deep Learning\Self Drive\IMG\right_2026_09_12_22_25_35_828.jpg,0,1,0,30.1903
D:\ML Projects\Deep Learning\Self Drive\IMG\center_2026_09_12_22_25_35_915.jpg,D:\ML Projects\Deep Learning\Self Drive\IMG\left_2026_09_12_22_25_35_915.jpg,D:\ML Projects\Deep Learning\Self Drive\IMG\right_2026_09_12_22_25_35_915.jpg,0,1,0,30.19025
D:\ML Projects\Deep Learning\Self Drive\IMG\center_2026_09_12_22_25_35_990.jpg,D:\ML Projects\Deep Learning\Self Drive\IMG\left_2026_09_12_22_25_35_990.jpg,D:\ML Projects\Deep Learning\Self Drive\IMG\right_2026_09_12_22_25_35_990.jpg,0,1,0,30.19029
D:\ML Projects\Deep Learning\Self Drive\IMG\center_2026_09_12_22_25_36_070.jpg,D:\ML Projects\Deep Learning\Self Drive\IMG\left_2026_09_12_22_25_36_070.jpg,D:\ML Projects\Deep Learning\Self Drive\IMG\right_2026_09_12_22_25_36_070.jpg,0,1,0,30.19032
D:\ML Projects\Deep Learning\Self Drive\IMG\center_2026_09_12_22_25_36_151.jpg,D:\ML Projects\Deep Learning\Self Drive\IMG\left_2026_09_12_22_25_36_151.jpg,D:\ML Projects\Deep Learning\Self Drive\IMG\right_2026_09_12_22_25_36_151.jpg,0,1,0,30.19026
D:\ML Projects\Deep Learning\Self Drive\IMG\center_2026_09_12_22_25_36_239.jpg,D:\ML Projects\Deep Learning\Self Drive\IMG\left_2026_09_12_22_25_36_239.jpg,D:\ML Projects\Deep Learning\Self Drive\IMG\right_2026_09_12_22_25_36_239.jpg,0,1,0,30.19029
D:\ML Projects\Deep Learning\Self Drive\IMG\center_2026_09_12_22_25_36_328.jpg,D:\ML Projects\Deep Learning\Self Drive\IMG\left_2026_09_12_22_25_36_328.jpg,D:\ML Projects\Deep Learning\Self Drive\IMG\right_2026_09_12_22_25_36_328.jpg,-0.2,1,0,30.17983
D:\ML Projects\Deep Learning\Self Drive\IMG\center_2026_09_12_22_25_36_415.jpg,D:\ML Projects\Deep Learning\Self Drive\IMG\left_2026_09_12_22_25_36_415.jpg,D:\ML Projects\Deep Learning\Self Drive\IMG\right_2026_09_12_22_25_36_415.jpg,0,1,0,30.19013
D:\ML Projects\Deep Learning\Self Drive\IMG\center_2026_09_12_22_25_36_500.jpg,D:\ML Projects\Deep Learning\Self Drive\IMG\left_2026_09_12_22_25_36_500.jpg,D:\ML Projects\Deep Learning\Self Drive\IMG\right_2026_09_12_22_25_36_500.jpg,0,1,0,30.19028
D:\ML Projects\Deep Learning\Self Drive\IMG\center_2026_09_12_22_25_36_581.jpg,D:\ML Projects\Deep Learning\Self Drive\IMG\left_2026_09_12_22_25_36_581.jpg,D:\ML Projects\Deep Learning\Self Drive\IMG\right_2026_09_12_22_25_36_581.jpg,0,1,0,30.19024
D:\ML Projects\Deep Learning\Self Drive\IMG\center_2026_09_12_22_25_36_660.jpg,D:\ML Projects\Deep Learning\Self Drive\IMG\left_2026_09_12_22_25_36_660.jpg,D:\ML Projects\Deep Learning\Self Drive\IMG\right_2026_09_12_22_25_36_660.jpg,0,1,0,30.19028
D:\ML Projects\Deep Learning\Self Drive\IMG\center_2026_09_12_22_25_36_737.jpg,D:\ML Projects\Deep Learning\Self Drive\IMG\left_2026_09_12_22_25_36_737.jpg,D:\ML Projects\Deep Learning\Self Drive\IMG\right_2026_09_12_22_25_36_737.jpg,0,1,0,30.19022
D:\ML Projects\Deep Learning\Self Drive\IMG\center_2026_09_12_22_25_36_818.jpg,D:\ML Projects\Deep Learning\Self Drive\IMG\left_2026_09_12_22_25_36_818.jpg,D:\ML Projects\Deep Learning\Self Drive\IMG\right_2026_09_12_22_25_36_818.jpg,0,1,0,30.1903
D:\ML Projects\Deep Learning\Self Drive\IMG\center_2026_09_12_22_25_36_913.jpg,D:\ML Projects\Deep Learning\Self Drive\IMG\left_2026_09_12_22_25_36_913.jpg,D:\ML Projects\Deep Learning\Self Drive\IMG\right_2026_09_12_22_25_36_913.jpg,0,1,0,30.1903
D:\ML Projects\Deep Learning\Self Drive\IMG\center_2026_09_12_22_25_36_999.jpg,D:\ML Projects\Deep Learning\Self Drive\IMG\left_2026_09_12_22_25_36_999.jpg,D:\ML Projects\Deep Learning\Self Drive\IMG\right_2026_09_12_22_25_36_999.jpg,-0.2,1,0,30.17986
D:\ML Projects\Deep Learning\Self Drive\IMG\center_2026_09_12_22_25_37_088.jpg,D:\ML Projects\Deep Learning\Self Drive\IMG\left_2026_09_12_22_25_37_088.jpg,D:\ML Projects\Deep Learning\Self Drive\IMG\right_2026_09_12_22_25_37_088.jpg,0,1,0,30.19028
D:\ML Projects\Deep Learning\Self Drive\IMG\center_2026_09_12_22_25_37_171.jpg,D:\ML Projects\Deep Learning\Self Drive\IMG\left_2026_09_12_22_25_37_171.jpg,D:\ML Projects\Deep Learning\Self Drive\IMG\right_2026_09_12_22_25_37_171.jpg,0,1,0,30.19027
D:\ML Projects\Deep Learning\Self Drive\IMG\center_2026_09_12_22_25_37_248.jpg,D:\ML Projects\Deep Learning\Self Drive\IMG\left_2026_09_12_22_25_37_248.jpg,D:\ML Projects\Deep Learning\Self Drive\IMG\right_2026_09_12_22_25_37_248.jpg,0,1,0,30.1903
D:\ML Projects\Deep Learning\Self Drive\IMG\center_2026_09_12_22_25_37_318.jpg,D:\ML Projects\Deep Learning\Self Drive\IMG\left_2026_09_12_22_25_37_318.jpg,D:\ML Projects\Deep Learning\Self Drive\IMG\right_2026_09_12_22_25_37_318.jpg,0,1,0,30.19029
D:\ML Projects\Deep Learning\Self Drive\IMG\center_2026_09_12_22_25_37_390.jpg,D:\ML Projects\Deep Learning\Self Drive\IMG\left_2026_09_12_22_25_37_390.jpg,D:\ML Projects\Deep Learning\Self Drive\IMG\right_2026_09_12_22_25_37_390.jpg,0,1,0,30.19029
D:\ML Projects\Deep Learning\Self Drive\IMG\center_2026_09_12_22_25_37_467.jpg,D:\ML Projects\Deep Learning\Self Drive\IMG\left_2026_09_12_22_25_37_467.jpg,D:\ML Projects\Deep Learning\Self Drive\IMG\right_2026_09_12_22_25_37_467.jpg,0,1,0,30.19029
D:\ML Projects\Deep Learning\Self Drive\IMG\center_2026_09_12_22_25_37_540.jpg,D:\ML Projects\Deep Learning\Self Drive\IMG\left_2026_09_12_22_25_37_540.jpg,D:\ML Projects\Deep Learning\Self Drive\IMG\right_2026_09_12_22_25_37_540.jpg,0,1,0,30.19029
D:\ML Projects\Deep Learning\Self Drive\IMG\center_2026_09_12_22_25_37_613.jpg,D:\ML Projects\Deep Learning\Self Drive\IMG\left_2026_09_12_22_25_37_613.jpg,D:\ML Projects\Deep Learning\Self Drive\IMG\right_2026_09_12_22_25_37_613.jpg,0,1,0,30.19032
D:\ML Projects\Deep Learning\Self Drive\IMG\center_2026_09_12_22_25_37_689.jpg,D:\ML Projects\Deep Learning\Self Drive\IMG\left_2026_09_12_22_25_37_689.jpg,D:\ML Projects\Deep Learning\Self Drive\IMG\right_2026_09_12_22_25_37_689.jpg,-0.2,1,0,30.17986
D:\ML Projects\Deep Learning\Self Drive\IMG\center_2026_09_12_22_25_37_765.jpg,D:\ML Projects\Deep Learning\Self Drive\IMG\left_2026_09_12_22_25_37_765.jpg,D:\ML Projects\Deep Learning\Self Drive\IMG\right_2026_09_12_22_25_37_765.jpg,0,1,0,30.19028
D:\ML Projects\Deep Learning\Self Drive\IMG\center_2026_09_12_22_25_37_838.jpg,D:\ML Projects\Deep Learning\Self Drive\IMG\left_2026_09_12_22_25_37_838.jpg,D:\ML Projects\Deep Learning\Self Drive\IMG\right_2026_09_12_22_25_37_838.jpg,0,1,0,30.19025
D:\ML Projects\Deep Learning\Self Drive\IMG\center_2026_09_12_22_25_37_922.jpg,D:\ML Projects\Deep Learning\Self Drive\IMG\left_2026_09_12_22_25_37_922.jpg,D:\ML Projects\Deep Learning\Self Drive\IMG\right_2026_09_12_22_25_37_922.jpg,0,1,0,30.19043
D:\ML Projects\Deep Learning\Self Drive\IMG\center_2026_09_12_22_25_37_995.jpg,D:\ML Projects\Deep Learning\Self Drive\IMG\left_2026_09_12_22_25_37_995.jpg,D:\ML Projects\Deep Learning\Self Drive\IMG\right_2026_09_12_22_25_37_995.jpg,0,1,0,30.19031
D:\ML Projects\Deep Learning\Self Drive\IMG\center_2026_09_12_22_25_38_066.jpg,D:\ML Projects\Deep Learning\Self Drive\IMG\left_2026_09_12_22_25_38_066.jpg,D:\ML Projects\Deep Learning\Self Drive\IMG\right_2026_09_12_22_25_38_066.jpg,0,1,0,30.19031
D:\ML Projects\Deep Learning\Self Drive\IMG\center_2026_09_12_22_25_38_151.jpg,D:\ML Projects\Deep Learning\Self Drive\IMG\left_2026_09_12_22_25_38_151.jpg,D:\ML Projects\Deep Learning\Self Drive\IMG\right_2026_09_12_22_25_38_151.jpg,0,1,0,30.19034
D:\ML Projects\Deep Learning\Self Drive\IMG\center_2026_09_12_22_25_38_232.jpg,D:\ML Projects\Deep Learning\Self Drive\IMG\left_2026_09_12_22_25_38_232.jpg,D:\ML Projects\Deep Learning\Self Drive\IMG\right_2026_09_12_22_25_38_232.jpg,-0.2,1,0,30.17991
D:\ML Projects\Deep Learning\Self Drive\IMG\center_2026_09_12_22_25_38_311.jpg,D:\ML Projects\Deep Learning\Self Drive\IMG\left_2026_09_12_22_25_38_311.jpg,D:\ML Projects\Deep Learning\Self Drive\IMG\right_2026_09_12_22_25_38_311.jpg,-0.4,1,0,30.15758
D:\ML Projects\Deep Learning\Self Drive\IMG\center_2026_09_12_22_25_38_393.jpg,D:\ML Projects\Deep Learning\Self Drive\IMG\left_2026_09_12_22_25_38_393.jpg,D:\ML Projects\Deep Learning\Self Drive\IMG\right_2026_09_12_22_25_38_393.jpg,0,1,0,30.18919
D:\ML Projects\Deep Learning\Self Drive\IMG\center_2026_09_12_22_25_38_476.jpg,D:\ML Projects\Deep Learning\Self Drive\IMG\left_2026_09_12_22_25_38_476.jpg,D:\ML Projects\Deep Learning\Self Drive\IMG\right_2026_09_12_22_25_38_476.jpg,0,1,0,30.1901
D:\ML Projects\Deep Learning\Self Drive\IMG\center_2026_09_12_22_25_38_567.jpg,D:\ML Projects\Deep Learning\Self Drive\IMG\left_2026_09_12_22_25_38_567.jpg,D:\ML Projects\Deep Learning\Self Drive\IMG\right_2026_09_12_22_25_38_567.jpg,0,1,0,30.19027
D:\ML Projects\Deep Learning\Self Drive\IMG\center_2026_09_12_22_25_38_656.jpg,D:\ML Projects\Deep Learning\Self Drive\IMG\left_2026_09_12_22_25_38_656.jpg,D:\ML Projects\Deep Learning\Self Drive\IMG\right_2026_09_12_22_25_38_656.jpg,0,1,0,30.19031
D:\ML Projects\Deep Learning\Self Drive\IMG\center_2026_09_12_22_25_38_750.jpg,D:\ML Projects\Deep Learning\Self Drive\IMG\left_2026_09_12_22_25_38_750.jpg,D:\ML Projects\Deep Learning\Self Drive\IMG\right_2026_09_12_22_25_38_750.jpg,0,1,0,30.19029
D:\ML Projects\Deep Learning\Self Drive\IMG\center_2026_09_12_22_25_38_846.jpg,D:\ML Projects\Deep Learning\Self Drive\IMG\left_2026_09_12_22_25_38_846.jpg,D:\ML Projects\Deep Learning\Self Drive\IMG\right_2026_09_12_22_25_38_846.jpg,0,1,0,30.1903
D:\ML Projects\Deep Learning\Self Drive\IMG\center_2026_09_12_22_25_38_966.jpg,D:\ML Projects\Deep Learning\Self Drive\IMG\left_2026_09_12_22_25_38_966.jpg,D:\ML Projects\Deep Learning\Self Drive\IMG\right_2026_09_12_22_25_38_966.jpg,0,1,0,30.1903
D:\ML Projects\Deep Learning\Self Drive\IMG\center_2026_09_12_22_25_39_066.jpg,D:\ML Projects\Deep Learning\Self Drive\IMG\left_2026_09_12_22_25_39_066.jpg,D:\ML Projects\Deep Learning\Self Drive\IMG\right_2026_09_12_22_25_39_066.jpg,0,1,0,30.19029
D:\ML Projects\Deep Learning\Self Drive\IMG\center_2026_09_12_22_25_39_162.jpg,D:\ML Projects\Deep Learning\Self Drive\IMG\left_2026_09_12_22_25_39_162.jpg,D:\ML Projects\Deep Learning\Self Drive\IMG\right_2026_09_12_22_25_39_162.jpg,0,1,0,30.19028
D:\ML Projects\Deep Learning\Self Drive\IMG\center_2026_09_12_22_25_39_247.jpg,D:\ML Projects\Deep Learning\Self Drive\IMG\left_2026_09_12_22_25_39_247.jpg,D:\ML Projects\Deep Learning\Self Drive\IMG\right_2026_09_12_22_25_39_247.jpg,0,1,0,30.1903
D:\ML Projects\Deep Learning\Self Drive\IMG\center_2026_09_12_22_25_39_335.jpg,D:\ML Projects\Deep Learning\Self Drive\IMG\left_2026_09_12_22_25_39_335.jpg,D:\ML Projects\Deep Learning\Self Drive\IMG\right_2026_09_12_22_25_39_335.jpg,0,1,0,30.1903
D:\ML Projects\Deep Learning\Self Drive\IMG\center_2026_09_12_22_25_39_415.jpg,D:\ML Projects\Deep Learning\Self Drive\IMG\left_2026_09_12_22_25_39_415.jpg,D:\ML Projects\Deep Learning\Self Drive\IMG\right_2026_09_12_22_25_39_415.jpg,0,1,0,30.1903
D:\ML Projects\Deep Learning\Self Drive\IMG\center_2026_09_12_22_25_39_494.jpg,D:\ML Projects\Deep Learning\Self Drive\IMG\left_2026_09_12_22_25_39_494.jpg,D:\ML Projects\Deep Learning\Self Drive\IMG\right_2026_09_12_22_25_39_494.jpg,0,1,0,30.19026
D:\ML Projects\Deep Learning\Self Drive\IMG\center_2026_09_12_22_25_39_569.jpg,D:\ML Projects\Deep Learning\Self Drive\IMG\left_2026_09_12_22_25_39_569.jpg,D:\ML Projects\Deep Learning\Self Drive\IMG\right_2026_09_12_22_25_39_569.jpg,0,1,0,30.19029
D:\ML Projects\Deep Learning\Self Drive\IMG\center_2026_09_12_22_25_39_649.jpg,D:\ML Projects\Deep Learning\Self Drive\IMG\left_2026_09_12_22_25_39_649.jpg,D:\ML Projects\Deep Learning\Self Drive\IMG\right_2026_09_12_22_25_39_649.jpg,0,1,0,30.19029
D:\ML Projects\Deep Learning\Self Drive\IMG\center_2026_09_12_22_25_39_737.jpg,D:\ML Projects\Deep Learning\Self Drive\IMG\left_2026_09_12_22_25_39_737.jpg,D:\ML Projects\Deep Learning\Self Drive\IMG\right_2026_09_12_22_25_39_737.jpg,0,1,0,30.19029
D:\ML Projects\Deep Learning\Self Drive\IMG\center_2026_09_12_22_25_39_824.jpg,D:\ML Projects\Deep Learning\Self Drive\IMG\left_2026_09_12_22_25_39_824.jpg,D:\ML Projects\Deep Learning\Self Drive\IMG\right_2026_09_12_22_25_39_824.jpg,0,1,0,30.19028
D:\ML Projects\Deep Learning\Self Drive\IMG\center_2026_09_12_22_25_39_916.jpg,D:\ML Projects\Deep Learning\Self Drive\IMG\left_2026_09_12_22_25_39_916.jpg,D:\ML Projects\Deep Learning\Self Drive\IMG\right_2026_09_12_22_25_39_916.jpg,0,1,0,30.19029
D:\ML Projects\Deep Learning\Self Drive\IMG\center_2026_09_12_22_25_40_009.jpg,D:\ML Projects\Deep Learning\Self Drive\IMG\left_2026_09_12_22_25_40_009.jpg,D:\ML Projects\Deep Learning\Self Drive\IMG\right_2026_09_12_22_25_40_009.jpg,0,1,0,30.1903
D:\ML Projects\Deep Learning\Self Drive\IMG\center_2026_09_12_22_25_40_092.jpg,D:\ML Projects\Deep Learning\Self Drive\IMG\left_2026_09_12_22_25_40_092.jpg,D:\ML Projects\Deep Learning\Self Drive\IMG\right_2026_09_12_22_25_40_092.jpg,0,1,0,30.19028
D:\ML Projects\Deep Learning\Self Drive\IMG\center_2026_09_12_22_25_40_174.jpg,D:\ML Projects\Deep Learning\Self Drive\IMG\left_2026_09_12_22_25_40_174.jpg,D:\ML Projects\Deep Learning\Self Drive\IMG\right_2026_09_12_22_25_40_174.jpg,0,1,0,30.19028
D:\ML Projects\Deep Learning\Self Drive\IMG\center_2026_09_12_22_25_40_256.jpg,D:\ML Projects\Deep Learning\Self Drive\IMG\left_2026_09_12_22_25_40_256.jpg,D:\ML Projects\Deep Learning\Self Drive\IMG\right_2026_09_12_22_25_40_256.jpg,-0.2,1,0,30.17984
D:\ML Projects\Deep Learning\Self Drive\IMG\center_2026_09_12_22_25_40_341.jpg,D:\ML Projects\Deep Learning\Self Drive\IMG\left_2026_09_12_22_25_40_341.jpg,D:\ML Projects\Deep Learning\Self Drive\IMG\right_2026_09_12_22_25_40_341.jpg,0,1,0,30.19028
D:\ML Projects\Deep Learning\Self Drive\IMG\center_2026_09_12_22_25_40_424.jpg,D:\ML Projects\Deep Learning\Self Drive\IMG\left_2026_09_12_22_25_40_424.jpg,D:\ML Projects\Deep Learning\Self Drive\IMG\right_2026_09_12_22_25_40_424.jpg,0,1,0,30.19028
D:\ML Projects\Deep Learning\Self Drive\IMG\center_2026_09_12_22_25_40_508.jpg,D:\ML Projects\Deep Learning\Self Drive\IMG\left_2026_09_12_22_25_40_508.jpg,D:\ML Projects\Deep Learning\Self Drive\IMG\right_2026_09_12_22_25_40_508.jpg,0,1,0,30.1903
D:\ML Projects\Deep Learning\Self Drive\IMG\center_2026_09_12_22_25_40_596.jpg,D:\ML Projects\Deep Learning\Self Drive\IMG\left_2026_09_12_22_25_40_596.jpg,D:\ML Projects\Deep Learning\Self Drive\IMG\right_2026_09_12_22_25_40_596.jpg,0,1,0,30.19031
D:\ML Projects\Deep Learning\Self Drive\IMG\center_2026_09_12_22_25_40_684.jpg,D:\ML Projects\Deep Learning\Self Drive\IMG\left_2026_09_12_22_25_40_684.jpg,D:\ML Projects\Deep Learning\Self Drive\IMG\right_2026_09_12_22_25_40_684.jpg,0,1,0,30.19024
D:\ML Projects\Deep Learning\Self Drive\IMG\center_2026_09_12_22_25_40_769.jpg,D:\ML Projects\Deep Learning\Self Drive\IMG\left_2026_09_12_22_25_40_769.jpg,D:\ML Projects\Deep Learning\Self Drive\IMG\right_2026_09_12_22_25_40_769.jpg,0,1,0,30.19028
D:\ML Projects\Deep Learning\Self Drive\IMG\center_2026_09_12_22_25_40_847.jpg,D:\ML Projects\Deep Learning\Self Drive\IMG\left_2026_09_12_22_25_40_847.jpg,D:\ML Projects\Deep Learning\Self Drive\IMG\right_2026_09_12_22_25_40_847.jpg,0,1,0,30.19029
D:\ML Projects\Deep Learning\Self Drive\IMG\center_2026_09_12_22_25_40_938.jpg,D:\ML Projects\Deep Learning\Self Drive\IMG\left_2026_09_12_22_25_40_938.jpg,D:\ML Projects\Deep Learning\Self Drive\IMG\right_2026_09_12_22_25_40_938.jpg,0,1,0,30.1903
D:\ML Projects\Deep Learning\Self Drive\IMG\center_2026_09_12_22_25_41_020.jpg,D:\ML Projects\Deep Learning\Self Drive\IMG\left_2026_09_12_22_25_41_020.jpg,D:\ML Projects\Deep Learning\Self Drive\IMG\right_2026_09_12_22_25_41_020.jpg,0,1,0,30.19029
D:\ML Projects\Deep Learning\Self Drive\IMG\center_2026_09_12_22_25_41_100.jpg,D:\ML Projects\Deep Learning\Self Drive\IMG\left_2026_09_12_22_25_41_100.jpg,D:\ML Projects\Deep Learning\Self Drive\IMG\right_2026_09_12_22_25_41_100.jpg,0,1,0,30.19028
D:\ML Projects\Deep Learning\Self Drive\IMG\center_2026_09_12_22_25_41_176.jpg,D:\ML Projects\Deep Learning\Self Drive\IMG\left_2026_09_12_22_25_41_176.jpg,D:\ML Projects\Deep Learning\Self Drive\IMG\right_2026_09_12_22_25_41_176.jpg,0,1,0,30.19031
D:\ML Projects\Deep Learning\Self Drive\IMG\center_2026_09_12_22_25_41_251.jpg,D:\ML Projects\Deep Learning\Self Drive\IMG\left_2026_09_12_22_25_41_251.jpg,D:\ML Projects\Deep Learning\Self Drive\IMG\right_2026_09_12_22_25_41_251.jpg,0,1,0,30.19026
D:\ML Projects\Deep Learning\Self Drive\IMG\center_2026_09_12_22_25_41_337.jpg,D:\ML Projects\Deep Learning\Self Drive\IMG\left_2026_09_12_22_25_41_337.jpg,D:\ML Projects\Deep Learning\Self Drive\IMG\right_2026_09_12_22_25_41_337.jpg,-0.25,1,0,30.17479
D:\ML Projects\Deep Learning\Self Drive\IMG\center_2026_09_12_22_25_41_418.jpg,D:\ML Projects\Deep Learning\Self Drive\IMG\left_2026_09_12_22_25_41_418.jpg,D:\ML Projects\Deep Learning\Self Drive\IMG\right_2026_09_12_22_25_41_418.jpg,0,1,0,30.19013
D:\ML Projects\Deep Learning\Self Drive\IMG\center_2026_09_12_22_25_41_494.jpg,D:\ML Projects\Deep Learning\Self Drive\IMG\left_2026_09_12_22_25_41_494.jpg,D:\ML Projects\Deep Learning\Self Drive\IMG\right_2026_09_12_22_25_41_494.jpg,0,1,0,30.19023
D:\ML Projects\Deep Learning\Self Drive\IMG\center_2026_09_12_22_25_41_575.jpg,D:\ML Projects\Deep Learning\Self Drive\IMG\left_2026_09_12_22_25_41_575.jpg,D:\ML Projects\Deep Learning\Self Drive\IMG\right_2026_09_12_22_25_41_575.jpg,0,1,0,30.19029
D:\ML Projects\Deep Learning\Self Drive\IMG\center_2026_09_12_22_25_41_656.jpg,D:\ML Projects\Deep Learning\Self Drive\IMG\left_2026_09_12_22_25_41_656.jpg,D:\ML Projects\Deep Learning\Self Drive\IMG\right_2026_09_12_22_25_41_656.jpg,0,1,0,30.19029
D:\ML Projects\Deep Learning\Self Drive\IMG\center_2026_09_12_22_25_41_742.jpg,D:\ML Projects\Deep Learning\Self Drive\IMG\left_2026_09_12_22_25_41_742.jpg,D:\ML Projects\Deep Learning\Self Drive\IMG\right_2026_09_12_22_25_41_742.jpg,0,1,0,30.19031
D:\ML Projects\Deep Learning\Self Drive\IMG\center_2026_09_12_22_25_41_828.jpg,D:\ML Projects\Deep Learning\Self Drive\IMG\left_2026_09_12_22_25_41_828.jpg,D:\ML Projects\Deep Learning\Self Drive\IMG\right_2026_09_12_22_25_41_828.jpg,0,1,0,30.19027
D:\ML Projects\Deep Learning\Self Drive\IMG\center_2026_09_12_22_25_41_932.jpg,D:\ML Projects\Deep Learning\Self Drive\IMG\left_2026_09_12_22_25_41_932.jpg,D:\ML Projects\Deep Learning\Self Drive\IMG\right_2026_09_12_22_25_41_932.jpg,0,1,0,30.1903
D:\ML Projects\Deep Learning\Self Drive\IMG\center_2026_09_12_22_25_42_026.jpg,D:\ML Projects\Deep Learning\Self Drive\IMG\left_2026_09_12_22_25_42_026.jpg,D:\ML Projects\Deep Learning\Self Drive\IMG\right_2026_09_12_22_25_42_026.jpg,-0.25,1,0,30.17479
D:\ML Projects\Deep Learning\Self Drive\IMG\center_2026_09_12_22_25_42_122.jpg,D:\ML Projects\Deep Learning\Self Drive\IMG\left_2026_09_12_22_25_42_122.jpg,D:\ML Projects\Deep Learning\Self Drive\IMG\right_2026_09_12_22_25_42_122.jpg,0,1,0,30.18993
D:\ML Projects\Deep Learning\Self Drive\IMG\center_2026_09_12_22_25_42_203.jpg,D:\ML Projects\Deep Learning\Self Drive\IMG\left_2026_09_12_22_25_42_203.jpg,D:\ML Projects\Deep Learning\Self Drive\IMG\right_2026_09_12_22_25_42_203.jpg,0,1,0,30.19024
D:\ML Projects\Deep Learning\Self Drive\IMG\center_2026_09_12_22_25_42_280.jpg,D:\ML Projects\Deep Learning\Self Drive\IMG\left_2026_09_12_22_25_42_280.jpg,D:\ML Projects\Deep Learning\Self Drive\IMG\right_2026_09_12_22_25_42_280.jpg,0,1,0,30.19031
D:\ML Projects\Deep Learning\Self Drive\IMG\center_2026_09_12_22_25_42_354.jpg,D:\ML Projects\Deep Learning\Self Drive\IMG\left_2026_09_12_22_25_42_354.jpg,D:\ML Projects\Deep Learning\Self Drive\IMG\right_2026_09_12_22_25_42_354.jpg,0,1,0,30.19031
D:\ML Projects\Deep Learning\Self Drive\IMG\center_2026_09_12_22_25_42_427.jpg,D:\ML Projects\Deep Learning\Self Drive\IMG\left_2026_09_12_22_25_42_427.jpg,D:\ML Projects\Deep Learning\Self Drive\IMG\right_2026_09_12_22_25_42_427.jpg,0,1,0,30.1903
D:\ML Projects\Deep Learning\Self Drive\IMG\center_2026_09_12_22_25_42_504.jpg,D:\ML Projects\Deep Learning\Self Drive\IMG\left_2026_09_12_22_25_42_504.jpg,D:\ML Projects\Deep Learning\Self Drive\IMG\right_2026_09_12_22_25_42_504.jpg,0,1,0,30.19029
D:\ML Projects\Deep Learning\Self Drive\IMG\center_2026_09_12_22_25_42_584.jpg,D:\ML Projects\Deep Learning\Self Drive\IMG\left_2026_09_12_22_25_42_584.jpg,D:\ML Projects\Deep Learning\Self Drive\IMG\right_2026_09_12_22_25_42_584.jpg,0,1,0,30.19029
D:\ML Projects\Deep Learning\Self Drive\IMG\center_2026_09_12_22_25_42_665.jpg,D:\ML Projects\Deep Learning\Self Drive\IMG\left_2026_09_12_22_25_42_665.jpg,D:\ML Projects\Deep Learning\Self Drive\IMG\right_2026_09_12_22_25_42_665.jpg,0,1,0,30.19029
D:\ML Projects\Deep Learning\Self Drive\IMG\center_2026_09_12_22_25_42_742.jpg,D:\ML Projects\Deep Learning\Self Drive\IMG\left_2026_09_12_22_25_42_742.jpg,D:\ML Projects\Deep Learning\Self Drive\IMG\right_2026_09_12_22_25_42_742.jpg,0,1,0,30.19029
D:\ML Projects\Deep Learning\Self Drive\IMG\center_2026_09_12_22_25_42_813.jpg,D:\ML Projects\Deep Learning\Self Drive\IMG\left_2026_09_12_22_25_42_813.jpg,D:\ML Projects\Deep Learning\Self Drive\IMG\right_2026_09_12_22_25_42_813.jpg,0,1,0,30.19029
D:\ML Projects\Deep Learning\Self Drive\IMG\center_2026_09_12_22_25_42_891.jpg,D:\ML Projects\Deep Learning\Self Drive\IMG\left_2026_09_12_22_25_42_891.jpg,D:\ML Projects\Deep Learning\Self Drive\IMG\right_2026_09_12_22_25_42_891.jpg,0,1,0,30.19027
D:\ML Projects\Deep Learning\Self Drive\IMG\center_2026_09_12_22_25_42_990.jpg,D:\ML Projects\Deep Learning\Self Drive\IMG\left_2026_09_12_22_25_42_990.jpg,D:\ML Projects\Deep Learning\Self Drive\IMG\right_2026_09_12_22_25_42_990.jpg,0,1,0,30.19029
D:\ML Projects\Deep Learning\Self Drive\IMG\center_2026_09_12_22_25_43_079.jpg,D:\ML Projects\Deep Learning\Self Drive\IMG\left_2026_09_12_22_25_43_079.jpg,D:\ML Projects\Deep Learning\Self Drive\IMG\right_2026_09_12_22_25_43_079.jpg,0,1,0,30.19031
D:\ML Projects\Deep Learning\Self Drive\IMG\center_2026_09_12_22_25_43_168.jpg,D:\ML Projects\Deep Learning\Self Drive\IMG\left_2026_09_12_22_25_43_168.jpg,D:\ML Projects\Deep Learning\Self Drive\IMG\right_2026_09_12_22_25_43_168.jpg,0,1,0,30.19029
D:\ML Projects\Deep Learning\Self Drive\IMG\center_2026_09_12_22_25_43_260.jpg,D:\ML Projects\Deep Learning\Self Drive\IMG\left_2026_09_12_22_25_43_260.jpg,D:\ML Projects\Deep Learning\Self Drive\IMG\right_2026_09_12_22_25_43_260.jpg,0,1,0,30.19028
D:\ML Projects\Deep Learning\Self Drive\IMG\center_2026_09_12_22_25_43_355.jpg,D:\ML Projects\Deep Learning\Self Drive\IMG\left_2026_09_12_22_25_43_355.jpg,D:\ML Projects\Deep Learning\Self Drive\IMG\right_2026_09_12_22_25_43_355.jpg,0,1,0,30.1903
D:\ML Projects\Deep Learning\Self Drive\IMG\center_2026_09_12_22_25_43_452.jpg,D:\ML Projects\Deep Learning\Self Drive\IMG\left_2026_09_12_22_25_43_452.jpg,D:\ML Projects\Deep Learning\Self Drive\IMG\right_2026_09_12_22_25_43_452.jpg,0,1,0,30.1903
D:\ML Projects\Deep Learning\Self Drive\IMG\center_2026_09_12_22_25_43_544.jpg,D:\ML Projects\Deep Learning\Self Drive\IMG\left_2026_09_12_22_25_43_544.jpg,D:\ML Projects\Deep Learning\Self Drive\IMG\right_2026_09_12_22_25_43_544.jpg,0,1,0,30.19035
D:\ML Projects\Deep Learning\Self Drive\IMG\center_2026_09_12_22_25_43_634.jpg,D:\ML Projects\Deep Learning\Self Drive\IMG\left_2026_09_12_22_25_43_634.jpg,D:\ML Projects\Deep Learning\Self Drive\IMG\right_2026_09_12_22_25_43_634.jpg,0,1,0,30.19031
D:\ML Projects\Deep Learning\Self Drive\IMG\center_2026_09_12_22_25_43_731.jpg,D:\ML Projects\Deep Learning\Self Drive\IMG\left_2026_09_12_22_25_43_731.jpg,D:\ML Projects\Deep Learning\Self Drive\IMG\right_2026_09_12_22_25_43_731.jpg,0,1,0,30.19066
D:\ML Projects\Deep Learning\Self Drive\IMG\center_2026_09_12_22_25_43_811.jpg,D:\ML Projects\Deep Learning\Self Drive\IMG\left_2026_09_12_22_25_43_811.jpg,D:\ML Projects\Deep Learning\Self Drive\IMG\right_2026_09_12_22_25_43_811.jpg,0,1,0,30.19029
D:\ML Projects\Deep Learning\Self Drive\IMG\center_2026_09_12_22_25_43_892.jpg,D:\ML Projects\Deep Learning\Self Drive\IMG\left_2026_09_12_22_25_43_892.jpg,D:\ML Projects\Deep Learning\Self Drive\IMG\right_2026_09_12_22_25_43_892.jpg,0,1,0,30.19032
D:\ML Projects\Deep Learning\Self Drive\IMG\center_2026_09_12_22_25_43_984.jpg,D:\ML Projects\Deep Learning\Self Drive\IMG\left_2026_09_12_22_25_43_984.jpg,D:\ML Projects\Deep Learning\Self Drive\IMG\right_2026_09_12_22_25_43_984.jpg,0,1,0,30.19029
D:\ML Projects\Deep Learning\Self Drive\IMG\center_2026_09_12_22_25_44_062.jpg,D:\ML Projects\Deep Learning\Self Drive\IMG\left_2026_09_12_22_25_44_062.jpg,D:\ML Projects\Deep Learning\Self Drive\IMG\right_2026_09_12_22_25_44_062.jpg,0,1,0,30.1903
D:\ML Projects\Deep Learning\Self Drive\IMG\center_2026_09_12_22_25_44_155.jpg,D:\ML Projects\Deep Learning\Self Drive\IMG\left_2026_09_12_22_25_44_155.jpg,D:\ML Projects\Deep Learning\Self Drive\IMG\right_2026_09_12_22_25_44_155.jpg,0,1,0,30.19029
D:\ML Projects\Deep Learning\Self Drive\IMG\center_2026_09_12_22_25_44_243.jpg,D:\ML Projects\Deep Learning\Self Drive\IMG\left_2026_09_12_22_25_44_243.jpg,D:\ML Projects\Deep Learning\Self Drive\IMG\right_2026_09_12_22_25_44_243.jpg,0,1,0,30.19029
D:\ML Projects\Deep Learning\Self Drive\IMG\center_2026_09_12_22_25_44_329.jpg,D:\ML Projects\Deep Learning\Self Drive\IMG\left_2026_09_12_22_25_44_329.jpg,D:\ML Projects\Deep Learning\Self Drive\IMG\right_2026_09_12_22_25_44_329.jpg,0,1,0,30.19031
D:\ML Projects\Deep Learning\Self Drive\IMG\center_2026_09_12_22_25_44_413.jpg,D:\ML Projects\Deep Learning\Self Drive\IMG\left_2026_09_12_22_25_44_413.jpg,D:\ML Projects\Deep Learning\Self Drive\IMG\right_2026_09_12_22_25_44_413.jpg,-0.25,1,0,30.17481
D:\ML Projects\Deep Learning\Self Drive\IMG\center_2026_09_12_22_25_44_518.jpg,D:\ML Projects\Deep Learning\Self Drive\IMG\left_2026_09_12_22_25_44_518.jpg,D:\ML Projects\Deep Learning\Self Drive\IMG\right_2026_09_12_22_25_44_518.jpg,0,1,0,30.18997
D:\ML Projects\Deep Learning\Self Drive\IMG\center_2026_09_12_22_25_44_622.jpg,D:\ML Projects\Deep Learning\Self Drive\IMG\left_2026_09_12_22_25_44_622.jpg,D:\ML Projects\Deep Learning\Self Drive\IMG\right_2026_09_12_22_25_44_622.jpg,0,1,0,30.19028
D:\ML Projects\Deep Learning\Self Drive\IMG\center_2026_09_12_22_25_44_708.jpg,D:\ML Projects\Deep Learning\Self Drive\IMG\left_2026_09_12_22_25_44_708.jpg,D:\ML Projects\Deep Learning\Self Drive\IMG\right_2026_09_12_22_25_44_708.jpg,0,1,0,30.19029
D:\ML Projects\Deep Learning\Self Drive\IMG\center_2026_09_12_22_25_44_792.jpg,D:\ML Projects\Deep Learning\Self Drive\IMG\left_2026_09_12_22_25_44_792.jpg,D:\ML Projects\Deep Learning\Self Drive\IMG\right_2026_09_12_22_25_44_792.jpg,0,1,0,30.19032
D:\ML Projects\Deep Learning\Self Drive\IMG\center_2026_09_12_22_25_44_868.jpg,D:\ML Projects\Deep Learning\Self Drive\IMG\left_2026_09_12_22_25_44_868.jpg,D:\ML Projects\Deep Learning\Self Drive\IMG\right_2026_09_12_22_25_44_868.jpg,0,1,0,30.19032
D:\ML Projects\Deep Learning\Self Drive\IMG\center_2026_09_12_22_25_44_950.jpg,D:\ML Projects\Deep Learning\Self Drive\IMG\left_2026_09_12_22_25_44_950.jpg,D:\ML Projects\Deep Learning\Self Drive\IMG\right_2026_09_12_22_25_44_950.jpg,0,1,0,30.19032
D:\ML Projects\Deep Learning\Self Drive\IMG\center_2026_09_12_22_25_45_033.jpg,D:\ML Projects\Deep Learning\Self Drive\IMG\left_2026_09_12_22_25_45_033.jpg,D:\ML Projects\Deep Learning\Self Drive\IMG\right_2026_09_12_22_25_45_033.jpg,0,1,0,30.19028
D:\ML Projects\Deep Learning\Self Drive\IMG\center_2026_09_12_22_25_45_123.jpg,D:\ML Projects\Deep Learning\Self Drive\IMG\left_2026_09_12_22_25_45_123.jpg,D:\ML Projects\Deep Learning\Self Drive\IMG\right_2026_09_12_22_25_45_123.jpg,0,1,0,30.19043
D:\ML Projects\Deep Learning\Self Drive\IMG\center_2026_09_12_22_25_45_209.jpg,D:\ML Projects\Deep Learning\Self Drive\IMG\left_2026_09_12_22_25_45_209.jpg,D:\ML Projects\Deep Learning\Self Drive\IMG\right_2026_09_12_22_25_45_209.jpg,0,1,0,30.19031
D:\ML Projects\Deep Learning\Self Drive\IMG\center_2026_09_12_22_25_45_290.jpg,D:\ML Projects\Deep Learning\Self Drive\IMG\left_2026_09_12_22_25_45_290.jpg,D:\ML Projects\Deep Learning\Self Drive\IMG\right_2026_09_12_22_25_45_290.jpg,0,1,0,30.19031
D:\ML Projects\Deep Learning\Self Drive\IMG\center_2026_09_12_22_25_45_371.jpg,D:\ML Projects\Deep Learning\Self Drive\IMG\left_2026_09_12_22_25_45_371.jpg,D:\ML Projects\Deep Learning\Self Drive\IMG\right_2026_09_12_22_25_45_371.jpg,0,1,0,30.19032
D:\ML Projects\Deep Learning\Self Drive\IMG\center_2026_09_12_22_25_45_459.jpg,D:\ML Projects\Deep Learning\Self Drive\IMG\left_2026_09_12_22_25_45_459.jpg,D:\ML Projects\Deep Learning\Self Drive\IMG\right_2026_09_12_22_25_45_459.jpg,-0.25,1,0,30.17477
D:\ML Projects\Deep Learning\Self Drive\IMG\center_2026_09_12_22_25_45_553.jpg,D:\ML Projects\Deep Learning\Self Drive\IMG\left_2026_09_12_22_25_45_553.jpg,D:\ML Projects\Deep Learning\Self Drive\IMG\right_2026_09_12_22_25_45_553.jpg,0,1,0,30.19013
D:\ML Projects\Deep Learning\Self Drive\IMG\center_2026_09_12_22_25_45_636.jpg,D:\ML Projects\Deep Learning\Self Drive\IMG\left_2026_09_12_22_25_45_636.jpg,D:\ML Projects\Deep Learning\Self Drive\IMG\right_2026_09_12_22_25_45_636.jpg,0,1,0,30.19021
D:\ML Projects\Deep Learning\Self Drive\IMG\center_2026_09_12_22_25_45_717.jpg,D:\ML Projects\Deep Learning\Self Drive\IMG\left_2026_09_12_22_25_45_717.jpg,D:\ML Projects\Deep Learning\Self Drive\IMG\right_2026_09_12_22_25_45_717.jpg,0,1,0,30.19028
D:\ML Projects\Deep Learning\Self Drive\IMG\center_2026_09_12_22_25_45_806.jpg,D:\ML Projects\Deep Learning\Self Drive\IMG\left_2026_09_12_22_25_45_806.jpg,D:\ML Projects\Deep Learning\Self Drive\IMG\right_2026_09_12_22_25_45_806.jpg,0,1,0,30.19033
D:\ML Projects\Deep Learning\Self Drive\IMG\center_2026_09_12_22_25_45_897.jpg,D:\ML Projects\Deep Learning\Self Drive\IMG\left_2026_09_12_22_25_45_897.jpg,D:\ML Projects\Deep Learning\Self Drive\IMG\right_2026_09_12_22_25_45_897.jpg,0,1,0,30.19029
D:\ML Projects\Deep Learning\Self Drive\IMG\center_2026_09_12_22_25_45_994.jpg,D:\ML Projects\Deep Learning\Self Drive\IMG\left_2026_09_12_22_25_45_994.jpg,D:\ML Projects\Deep Learning\Self Drive\IMG\right_2026_09_12_22_25_45_994.jpg,0,1,0,30.1903
D:\ML Projects\Deep Learning\Self Drive\IMG\center_2026_09_12_22_25_46_076.jpg,D:\ML Projects\Deep Learning\Self Drive\IMG\left_2026_09_12_22_25_46_076.jpg,D:\ML Projects\Deep Learning\Self Drive\IMG\right_2026_09_12_22_25_46_076.jpg,-0.2,1,0,30.17989
D:\ML Projects\Deep Learning\Self Drive\IMG\center_2026_09_12_22_25_46_158.jpg,D:\ML Projects\Deep Learning\Self Drive\IMG\left_2026_09_12_22_25_46_158.jpg,D:\ML Projects\Deep Learning\Self Drive\IMG\right_2026_09_12_22_25_46_158.jpg,0,1,0,30.19027
D:\ML Projects\Deep Learning\Self Drive\IMG\center_2026_09_12_22_25_46_230.jpg,D:\ML Projects\Deep Learning\Self Drive\IMG\left_2026_09_12_22_25_46_230.jpg,D:\ML Projects\Deep Learning\Self Drive\IMG\right_2026_09_12_22_25_46_230.jpg,0,1,0,30.19025
D:\ML Projects\Deep Learning\Self Drive\IMG\center_2026_09_12_22_25_46_307.jpg,D:\ML Projects\Deep Learning\Self Drive\IMG\left_2026_09_12_22_25_46_307.jpg,D:\ML Projects\Deep Learning\Self Drive\IMG\right_2026_09_12_22_25_46_307.jpg,0,1,0,30.19023
D:\ML Projects\Deep Learning\Self Drive\IMG\center_2026_09_12_22_25_46_385.jpg,D:\ML Projects\Deep Learning\Self Drive\IMG\left_2026_09_12_22_25_46_385.jpg,D:\ML Projects\Deep Learning\Self Drive\IMG\right_2026_09_12_22_25_46_385.jpg,0,1,0,30.19029
D:\ML Projects\Deep Learning\Self Drive\IMG\center_2026_09_12_22_25_46_466.jpg,D:\ML Projects\Deep Learning\Self Drive\IMG\left_2026_09_12_22_25_46_466.jpg,D:\ML Projects\Deep Learning\Self Drive\IMG\right_2026_09_12_22_25_46_466.jpg,0,1,0,30.19021
D:\ML Projects\Deep Learning\Self Drive\IMG\center_2026_09_12_22_25_46_538.jpg,D:\ML Projects\Deep Learning\Self Drive\IMG\left_2026_09_12_22_25_46_538.jpg,D:\ML Projects\Deep Learning\Self Drive\IMG\right_2026_09_12_22_25_46_538.jpg,0,1,0,30.19028
D:\ML Projects\Deep Learning\Self Drive\IMG\center_2026_09_12_22_25_46_615.jpg,D:\ML Projects\Deep Learning\Self Drive\IMG\left_2026_09_12_22_25_46_615.jpg,D:\ML Projects\Deep Learning\Self Drive\IMG\right_2026_09_12_22_25_46_615.jpg,0,1,0,30.19032
D:\ML Projects\Deep Learning\Self Drive\IMG\center_2026_09_12_22_25_46_694.jpg,D:\ML Projects\Deep Learning\Self Drive\IMG\left_2026_09_12_22_25_46_694.jpg,D:\ML Projects\Deep Learning\Self Drive\IMG\right_2026_09_12_22_25_46_694.jpg,-0.2,1,0,30.17986
D:\ML Projects\Deep Learning\Self Drive\IMG\center_2026_09_12_22_25_46_769.jpg,D:\ML Projects\Deep Learning\Self Drive\IMG\left_2026_09_12_22_25_46_769.jpg,D:\ML Projects\Deep Learning\Self Drive\IMG\right_2026_09_12_22_25_46_769.jpg,-0.35,1,0,30.16348
D:\ML Projects\Deep Learning\Self Drive\IMG\center_2026_09_12_22_25_46_851.jpg,D:\ML Projects\Deep Learning\Self Drive\IMG\left_2026_09_12_22_25_46_851.jpg,D:\ML Projects\Deep Learning\Self Drive\IMG\right_2026_09_12_22_25_46_851.jpg,0,1,0,30.18955
D:\ML Projects\Deep Learning\Self Drive\IMG\center_2026_09_12_22_25_46_927.jpg,D:\ML Projects\Deep Learning\Self Drive\IMG\left_2026_09_12_22_25_46_927.jpg,D:\ML Projects\Deep Learning\Self Drive\IMG\right_2026_09_12_22_25_46_927.jpg,0,1,0,30.19011
D:\ML Projects\Deep Learning\Self Drive\IMG\center_2026_09_12_22_25_47_027.jpg,D:\ML Projects\Deep Learning\Self Drive\IMG\left_2026_09_12_22_25_47_027.jpg,D:\ML Projects\Deep Learning\Self Drive\IMG\right_2026_09_12_22_25_47_027.jpg,0,1,0,30.19026
D:\ML Projects\Deep Learning\Self Drive\IMG\center_2026_09_12_22_25_47_108.jpg,D:\ML Projects\Deep Learning\Self Drive\IMG\left_2026_09_12_22_25_47_108.jpg,D:\ML Projects\Deep Learning\Self Drive\IMG\right_2026_09_12_22_25_47_108.jpg,0,1,0,30.1903
D:\ML Projects\Deep Learning\Self Drive\IMG\center_2026_09_12_22_25_47_200.jpg,D:\ML Projects\Deep Learning\Self Drive\IMG\left_2026_09_12_22_25_47_200.jpg,D:\ML Projects\Deep Learning\Self Drive\IMG\right_2026_09_12_22_25_47_200.jpg,0,1,0,30.19028
D:\ML Projects\Deep Learning\Self Drive\IMG\center_2026_09_12_22_25_47_286.jpg,D:\ML Projects\Deep Learning\Self Drive\IMG\left_2026_09_12_22_25_47_286.jpg,D:\ML Projects\Deep Learning\Self Drive\IMG\right_2026_09_12_22_25_47_286.jpg,0,1,0,30.19029
D:\ML Projects\Deep Learning\Self Drive\IMG\center_2026_09_12_22_25_47_371.jpg,D:\ML Projects\Deep Learning\Self Drive\IMG\left_2026_09_12_22_25_47_371.jpg,D:\ML Projects\Deep Learning\Self Drive\IMG\right_2026_09_12_22_25_47_371.jpg,-0.2,1,0,30.17993
D:\ML Projects\Deep Learning\Self Drive\IMG\center_2026_09_12_22_25_47_458.jpg,D:\ML Projects\Deep Learning\Self Drive\IMG\left_2026_09_12_22_25_47_458.jpg,D:\ML Projects\Deep Learning\Self Drive\IMG\right_2026_09_12_22_25_47_458.jpg,0,1,0,30.19015
D:\ML Projects\Deep Learning\Self Drive\IMG\center_2026_09_12_22_25_47_540.jpg,D:\ML Projects\Deep Learning\Self Drive\IMG\left_2026_09_12_22_25_47_540.jpg,D:\ML Projects\Deep Learning\Self Drive\IMG\right_2026_09_12_22_25_47_540.jpg,0,1,0,30.19029
D:\ML Projects\Deep Learning\Self Drive\IMG\center_2026_09_12_22_25_47_631.jpg,D:\ML Projects\Deep Learning\Self Drive\IMG\left_2026_09_12_22_25_47_631.jpg,D:\ML Projects\Deep Learning\Self Drive\IMG\right_2026_09_12_22_25_47_631.jpg,0,1,0,30.1904
D:\ML Projects\Deep Learning\Self Drive\IMG\center_2026_09_12_22_25_47_719.jpg,D:\ML Projects\Deep Learning\Self Drive\IMG\left_2026_09_12_22_25_47_719.jpg,D:\ML Projects\Deep Learning\Self Drive\IMG\right_2026_09_12_22_25_47_719.jpg,0,1,0,30.19029
D:\ML Projects\Deep Learning\Self Drive\IMG\center_2026_09_12_22_25_47_803.jpg,D:\ML Projects\Deep Learning\Self Drive\IMG\left_2026_09_12_22_25_47_803.jpg,D:\ML Projects\Deep Learning\Self Drive\IMG\right_2026_09_12_22_25_47_803.jpg,0,1,0,30.1903
D:\ML Projects\Deep Learning\Self Drive\IMG\center_2026_09_12_22_25_47_900.jpg,D:\ML Projects\Deep Learning\Self Drive\IMG\left_2026_09_12_22_25_47_900.jpg,D:\ML Projects\Deep Learning\Self Drive\IMG\right_2026_09_12_22_25_47_900.jpg,0,1,0,30.19032
D:\ML Projects\Deep Learning\Self Drive\IMG\center_2026_09_12_22_25_47_988.jpg,D:\ML Projects\Deep Learning\Self Drive\IMG\left_2026_09_12_22_25_47_988.jpg,D:\ML Projects\Deep Learning\Self Drive\IMG\right_2026_09_12_22_25_47_988.jpg,-0.2,1,0,30.17986
D:\ML Projects\Deep Learning\Self Drive\IMG\center_2026_09_12_22_25_48_063.jpg,D:\ML Projects\Deep Learning\Self Drive\IMG\left_2026_09_12_22_25_48_063.jpg,D:\ML Projects\Deep Learning\Self Drive\IMG\right_2026_09_12_22_25_48_063.jpg,0,1,0,30.19025
D:\ML Projects\Deep Learning\Self Drive\IMG\center_2026_09_12_22_25_48_137.jpg,D:\ML Projects\Deep Learning\Self Drive\IMG\left_2026_09_12_22_25_48_137.jpg,D:\ML Projects\Deep Learning\Self Drive\IMG\right_2026_09_12_22_25_48_137.jpg,0,1,0,30.19028
D:\ML Projects\Deep Learning\Self Drive\IMG\center_2026_09_12_22_25_48_270.jpg,D:\ML Projects\Deep Learning\Self Drive\IMG\left_2026_09_12_22_25_48_270.jpg,D:\ML Projects\Deep Learning\Self Drive\IMG\right_2026_09_12_22_25_48_270.jpg,0,1,0,30.19028
D:\ML Projects\Deep Learning\Self Drive\IMG\center_2026_09_12_22_25_48_392.jpg,D:\ML Projects\Deep Learning\Self Drive\IMG\left_2026_09_12_22_25_48_392.jpg,D:\ML Projects\Deep Learning\Self Drive\IMG\right_2026_09_12_22_25_48_392.jpg,0,1,0,30.19029
D:\ML Projects\Deep Learning\Self Drive\IMG\center_2026_09_12_22_25_48_515.jpg,D:\ML Projects\Deep Learning\Self Drive\IMG\left_2026_09_12_22_25_48_515.jpg,D:\ML Projects\Deep Learning\Self Drive\IMG\right_2026_09_12_22_25_48_515.jpg,0,1,0,30.19032
D:\ML Projects\Deep Learning\Self Drive\IMG\center_2026_09_12_22_25_48_584.jpg,D:\ML Projects\Deep Learning\Self Drive\IMG\left_2026_09_12_22_25_48_584.jpg,D:\ML Projects\Deep Learning\Self Drive\IMG\right_2026_09_12_22_25_48_584.jpg,0,1,0,30.19031
D:\ML Projects\Deep Learning\Self Drive\IMG\center_2026_09_12_22_25_48_656.jpg,D:\ML Projects\Deep Learning\Self Drive\IMG\left_2026_09_12_22_25_48_656.jpg,D:\ML Projects\Deep Learning\Self Drive\IMG\right_2026_09_12_22_25_48_656.jpg,0,1,0,30.19029
D:\ML Projects\Deep Learning\Self Drive\IMG\center_2026_09_12_22_25_48_748.jpg,D:\ML Projects\Deep Learning\Self Drive\IMG\left_2026_09_12_22_25_48_748.jpg,D:\ML Projects\Deep Learning\Self Drive\IMG\right_2026_09_12_22_25_48_748.jpg,-0.2,1,0,30.17984
D:\ML Projects\Deep Learning\Self Drive\IMG\center_2026_09_12_22_25_48_819.jpg,D:\ML Projects\Deep Learning\Self Drive\IMG\left_2026_09_12_22_25_48_819.jpg,D:\ML Projects\Deep Learning\Self Drive\IMG\right_2026_09_12_22_25_48_819.jpg,0,1,0,30.1903
D:\ML Projects\Deep Learning\Self Drive\IMG\center_2026_09_12_22_25_48_895.jpg,D:\ML Projects\Deep Learning\Self Drive\IMG\left_2026_09_12_22_25_48_895.jpg,D:\ML Projects\Deep Learning\Self Drive\IMG\right_2026_09_12_22_25_48_895.jpg,0,1,0,30.19026
D:\ML Projects\Deep Learning\Self Drive\IMG\center_2026_09_12_22_25_48_988.jpg,D:\ML Projects\Deep Learning\Self Drive\IMG\left_2026_09_12_22_25_48_988.jpg,D:\ML Projects\Deep Learning\Self Drive\IMG\right_2026_09_12_22_25_48_988.jpg,0,1,0,30.19028
D:\ML Projects\Deep Learning\Self Drive\IMG\center_2026_09_12_22_25_49_060.jpg,D:\ML Projects\Deep Learning\Self Drive\IMG\left_2026_09_12_22_25_49_060.jpg,D:\ML Projects\Deep Learning\Self Drive\IMG\right_2026_09_12_22_25_49_060.jpg,0,1,0,30.19029
D:\ML Projects\Deep Learning\Self Drive\IMG\center_2026_09_12_22_25_49_134.jpg,D:\ML Projects\Deep Learning\Self Drive\IMG\left_2026_09_12_22_25_49_134.jpg,D:\ML Projects\Deep Learning\Self Drive\IMG\right_2026_09_12_22_25_49_134.jpg,0,1,0,30.19045
D:\ML Projects\Deep Learning\Self Drive\IMG\center_2026_09_12_22_25_49_203.jpg,D:\ML Projects\Deep Learning\Self Drive\IMG\left_2026_09_12_22_25_49_203.jpg,D:\ML Projects\Deep Learning\Self Drive\IMG\right_2026_09_12_22_25_49_203.jpg,0,1,0,30.1903
D:\ML Projects\Deep Learning\Self Drive\IMG\center_2026_09_12_22_25_49_271.jpg,D:\ML Projects\Deep Learning\Self Drive\IMG\left_2026_09_12_22_25_49_271.jpg,D:\ML Projects\Deep Learning\Self Drive\IMG\right_2026_09_12_22_25_49_271.jpg,0,1,0,30.19031
D:\ML Projects\Deep Learning\Self Drive\IMG\center_2026_09_12_22_25_49_345.jpg,D:\ML Projects\Deep Learning\Self Drive\IMG\left_2026_09_12_22_25_49_345.jpg,D:\ML Projects\Deep Learning\Self Drive\IMG\right_2026_09_12_22_25_49_345.jpg,0,1,0,30.19031
D:\ML Projects\Deep Learning\Self Drive\IMG\center_2026_09_12_22_25_49_419.jpg,D:\ML Projects\Deep Learning\Self Drive\IMG\left_2026_09_12_22_25_49_419.jpg,D:\ML Projects\Deep Learning\Self Drive\IMG\right_2026_09_12_22_25_49_419.jpg,0,1,0,30.19031
D:\ML Projects\Deep Learning\Self Drive\IMG\center_2026_09_12_22_25_49_489.jpg,D:\ML Projects\Deep Learning\Self Drive\IMG\left_2026_09_12_22_25_49_489.jpg,D:\ML Projects\Deep Learning\Self Drive\IMG\right_2026_09_12_22_25_49_489.jpg,0,1,0,30.19032
D:\ML Projects\Deep Learning\Self Drive\IMG\center_2026_09_12_22_25_49_568.jpg,D:\ML Projects\Deep Learning\Self Drive\IMG\left_2026_09_12_22_25_49_568.jpg,D:\ML Projects\Deep Learning\Self Drive\IMG\right_2026_09_12_22_25_49_568.jpg,0,1,0,30.1903
D:\ML Projects\Deep Learning\Self Drive\IMG\center_2026_09_12_22_25_49_644.jpg,D:\ML Projects\Deep Learning\Self Drive\IMG\left_2026_09_12_22_25_49_644.jpg,D:\ML Projects\Deep Learning\Self Drive\IMG\right_2026_09_12_22_25_49_644.jpg,0,1,0,30.19032
D:\ML Projects\Deep Learning\Self Drive\IMG\center_2026_09_12_22_25_49_722.jpg,D:\ML Projects\Deep Learning\Self Drive\IMG\left_2026_09_12_22_25_49_722.jpg,D:\ML Projects\Deep Learning\Self Drive\IMG\right_2026_09_12_22_25_49_722.jpg,0,1,0,30.1903
D:\ML Projects\Deep Learning\Self Drive\IMG\center_2026_09_12_22_25_49_802.jpg,D:\ML Projects\Deep Learning\Self Drive\IMG\left_2026_09_12_22_25_49_802.jpg,D:\ML Projects\Deep Learning\Self Drive\IMG\right_2026_09_12_22_25_49_802.jpg,0,1,0,30.19031
D:\ML Projects\Deep Learning\Self Drive\IMG\center_2026_09_12_22_25_49_883.jpg,D:\ML Projects\Deep Learning\Self Drive\IMG\left_2026_09_12_22_25_49_883.jpg,D:\ML Projects\Deep Learning\Self Drive\IMG\right_2026_09_12_22_25_49_883.jpg,0,1,0,30.19034
D:\ML Projects\Deep Learning\Self Drive\IMG\center_2026_09_12_22_25_49_983.jpg,D:\ML Projects\Deep Learning\Self Drive\IMG\left_2026_09_12_22_25_49_983.jpg,D:\ML Projects\Deep Learning\Self Drive\IMG\right_2026_09_12_22_25_49_983.jpg,0,1,0,30.19033
D:\ML Projects\Deep Learning\Self Drive\IMG\center_2026_09_12_22_25_50_073.jpg,D:\ML Projects\Deep Learning\Self Drive\IMG\left_2026_09_12_22_25_50_073.jpg,D:\ML Projects\Deep Learning\Self Drive\IMG\right_2026_09_12_22_25_50_073.jpg,-0.25,1,0,30.1748
D:\ML Projects\Deep Learning\Self Drive\IMG\center_2026_09_12_22_25_50_165.jpg,D:\ML Projects\Deep Learning\Self Drive\IMG\left_2026_09_12_22_25_50_165.jpg,D:\ML Projects\Deep Learning\Self Drive\IMG\right_2026_09_12_22_25_50_165.jpg,-0.45,1,0,30.15155
D:\ML Projects\Deep Learning\Self Drive\IMG\center_2026_09_12_22_25_50_256.jpg,D:\ML Projects\Deep Learning\Self Drive\IMG\left_2026_09_12_22_25_50_256.jpg,D:\ML Projects\Deep Learning\Self Drive\IMG\right_2026_09_12_22_25_50_256.jpg,0,1,0,30.18869
D:\ML Projects\Deep Learning\Self Drive\IMG\center_2026_09_12_22_25_50_339.jpg,D:\ML Projects\Deep Learning\Self Drive\IMG\left_2026_09_12_22_25_50_339.jpg,D:\ML Projects\Deep Learning\Self Drive\IMG\right_2026_09_12_22_25_50_339.jpg,0,1,0,30.19
D:\ML Projects\Deep Learning\Self Drive\IMG\center_2026_09_12_22_25_50_423.jpg,D:\ML Projects\Deep Learning\Self Drive\IMG\left_2026_09_12_22_25_50_423.jpg,D:\ML Projects\Deep Learning\Self Drive\IMG\right_2026_09_12_22_25_50_423.jpg,0,1,0,30.19021
D:\ML Projects\Deep Learning\Self Drive\IMG\center_2026_09_12_22_25_50_510.jpg,D:\ML Projects\Deep Learning\Self Drive\IMG\left_2026_09_12_22_25_50_510.jpg,D:\ML Projects\Deep Learning\Self Drive\IMG\right_2026_09_12_22_25_50_510.jpg,0,1,0,30.19038
D:\ML Projects\Deep Learning\Self Drive\IMG\center_2026_09_12_22_25_50_594.jpg,D:\ML Projects\Deep Learning\Self Drive\IMG\left_2026_09_12_22_25_50_594.jpg,D:\ML Projects\Deep Learning\Self Drive\IMG\right_2026_09_12_22_25_50_594.jpg,0,1,0,30.19011
D:\ML Projects\Deep Learning\Self Drive\IMG\center_2026_09_12_22_25_50_685.jpg,D:\ML Projects\Deep Learning\Self Drive\IMG\left_2026_09_12_22_25_50_685.jpg,D:\ML Projects\Deep Learning\Self Drive\IMG\right_2026_09_12_22_25_50_685.jpg,0,1,0,30.19015
D:\ML Projects\Deep Learning\Self Drive\IMG\center_2026_09_12_22_25_50_770.jpg,D:\ML Projects\Deep Learning\Self Drive\IMG\left_2026_09_12_22_25_50_770.jpg,D:\ML Projects\Deep Learning\Self Drive\IMG\right_2026_09_12_22_25_50_770.jpg,0,1,0,30.19015
D:\ML Projects\Deep Learning\Self Drive\IMG\center_2026_09_12_22_25_50_867.jpg,D:\ML Projects\Deep Learning\Self Drive\IMG\left_2026_09_12_22_25_50_867.jpg,D:\ML Projects\Deep Learning\Self Drive\IMG\right_2026_09_12_22_25_50_867.jpg,0,1,0,30.1901
D:\ML Projects\Deep Learning\Self Drive\IMG\center_2026_09_12_22_25_50_965.jpg,D:\ML Projects\Deep Learning\Self Drive\IMG\left_2026_09_12_22_25_50_965.jpg,D:\ML Projects\Deep Learning\Self Drive\IMG\right_2026_09_12_22_25_50_965.jpg,0,1,0,30.19011
D:\ML Projects\Deep Learning\Self Drive\IMG\center_2026_09_12_22_25_51_050.jpg,D:\ML Projects\Deep Learning\Self Drive\IMG\left_2026_09_12_22_25_51_050.jpg,D:\ML Projects\Deep Learning\Self Drive\IMG\right_2026_09_12_22_25_51_050.jpg,0,1,0,30.19014
D:\ML Projects\Deep Learning\Self Drive\IMG\center_2026_09_12_22_25_51_136.jpg,D:\ML Projects\Deep Learning\Self Drive\IMG\left_2026_09_12_22_25_51_136.jpg,D:\ML Projects\Deep Learning\Self Drive\IMG\right_2026_09_12_22_25_51_136.jpg,0,1,0,30.19012
D:\ML Projects\Deep Learning\Self Drive\IMG\center_2026_09_12_22_25_51_212.jpg,D:\ML Projects\Deep Learning\Self Drive\IMG\left_2026_09_12_22_25_51_212.jpg,D:\ML Projects\Deep Learning\Self Drive\IMG\right_2026_09_12_22_25_51_212.jpg,0,1,0,30.19011
D:\ML Projects\Deep Learning\Self Drive\IMG\center_2026_09_12_22_25_51_287.jpg,D:\ML Projects\Deep Learning\Self Drive\IMG\left_2026_09_12_22_25_51_287.jpg,D:\ML Projects\Deep Learning\Self Drive\IMG\right_2026_09_12_22_25_51_287.jpg,0,1,0,30.19014
D:\ML Projects\Deep Learning\Self Drive\IMG\center_2026_09_12_22_25_51_362.jpg,D:\ML Projects\Deep Learning\Self Drive\IMG\left_2026_09_12_22_25_51_362.jpg,D:\ML Projects\Deep Learning\Self Drive\IMG\right_2026_09_12_22_25_51_362.jpg,0,1,0,30.19018
D:\ML Projects\Deep Learning\Self Drive\IMG\center_2026_09_12_22_25_51_436.jpg,D:\ML Projects\Deep Learning\Self Drive\IMG\left_2026_09_12_22_25_51_436.jpg,D:\ML Projects\Deep Learning\Self Drive\IMG\right_2026_09_12_22_25_51_436.jpg,0,1,0,30.19038
D:\ML Projects\Deep Learning\Self Drive\IMG\center_2026_09_12_22_25_51_512.jpg,D:\ML Projects\Deep Learning\Self Drive\IMG\left_2026_09_12_22_25_51_512.jpg,D:\ML Projects\Deep Learning\Self Drive\IMG\right_2026_09_12_22_25_51_512.jpg,0,1,0,30.19034
D:\ML Projects\Deep Learning\Self Drive\IMG\center_2026_09_12_22_25_51_585.jpg,D:\ML Projects\Deep Learning\Self Drive\IMG\left_2026_09_12_22_25_51_585.jpg,D:\ML Projects\Deep Learning\Self Drive\IMG\right_2026_09_12_22_25_51_585.jpg,0,1,0,30.19028
D:\ML Projects\Deep Learning\Self Drive\IMG\center_2026_09_12_22_25_51_655.jpg,D:\ML Projects\Deep Learning\Self Drive\IMG\left_2026_09_12_22_25_51_655.jpg,D:\ML Projects\Deep Learning\Self Drive\IMG\right_2026_09_12_22_25_51_655.jpg,0,1,0,30.19065
D:\ML Projects\Deep Learning\Self Drive\IMG\center_2026_09_12_22_25_51_725.jpg,D:\ML Projects\Deep Learning\Self Drive\IMG\left_2026_09_12_22_25_51_725.jpg,D:\ML Projects\Deep Learning\Self Drive\IMG\right_2026_09_12_22_25_51_725.jpg,0,1,0,30.19046
D:\ML Projects\Deep Learning\Self Drive\IMG\center_2026_09_12_22_25_51_799.jpg,D:\ML Projects\Deep Learning\Self Drive\IMG\left_2026_09_12_22_25_51_799.jpg,D:\ML Projects\Deep Learning\Self Drive\IMG\right_2026_09_12_22_25_51_799.jpg,-0.2,1,0,30.17951
D:\ML Projects\Deep Learning\Self Drive\IMG\center_2026_09_12_22_25_51_871.jpg,D:\ML Projects\Deep Learning\Self Drive\IMG\left_2026_09_12_22_25_51_871.jpg,D:\ML Projects\Deep Learning\Self Drive\IMG\right_2026_09_12_22_25_51_871.jpg,-0.35,1,0,30.16297
D:\ML Projects\Deep Learning\Self Drive\IMG\center_2026_09_12_22_25_51_939.jpg,D:\ML Projects\Deep Learning\Self Drive\IMG\left_2026_09_12_22_25_51_939.jpg,D:\ML Projects\Deep Learning\Self Drive\IMG\right_2026_09_12_22_25_51_939.jpg,0,1,0,30.18957
D:\ML Projects\Deep Learning\Self Drive\IMG\center_2026_09_12_22_25_52_030.jpg,D:\ML Projects\Deep Learning\Self Drive\IMG\left_2026_09_12_22_25_52_030.jpg,D:\ML Projects\Deep Learning\Self Drive\IMG\right_2026_09_12_22_25_52_030.jpg,0,1,0,30.18999
D:\ML Projects\Deep Learning\Self Drive\IMG\center_2026_09_12_22_25_52_105.jpg,D:\ML Projects\Deep Learning\Self Drive\IMG\left_2026_09_12_22_25_52_105.jpg,D:\ML Projects\Deep Learning\Self Drive\IMG\right_2026_09_12_22_25_52_105.jpg,0,1,0,30.19016
D:\ML Projects\Deep Learning\Self Drive\IMG\center_2026_09_12_22_25_52_181.jpg,D:\ML Projects\Deep Learning\Self Drive\IMG\left_2026_09_12_22_25_52_181.jpg,D:\ML Projects\Deep Learning\Self Drive\IMG\right_2026_09_12_22_25_52_181.jpg,0,1,0,30.19016
D:\ML Projects\Deep Learning\Self Drive\IMG\center_2026_09_12_22_25_52_257.jpg,D:\ML Projects\Deep Learning\Self Drive\IMG\left_2026_09_12_22_25_52_257.jpg,D:\ML Projects\Deep Learning\Self Drive\IMG\right_2026_09_12_22_25_52_257.jpg,0,1,0,30.19011
D:\ML Projects\Deep Learning\Self Drive\IMG\center_2026_09_12_22_25_52_331.jpg,D:\ML Projects\Deep Learning\Self Drive\IMG\left_2026_09_12_22_25_52_331.jpg,D:\ML Projects\Deep Learning\Self Drive\IMG\right_2026_09_12_22_25_52_331.jpg,0,1,0,30.19012
D:\ML Projects\Deep Learning\Self Drive\IMG\center_2026_09_12_22_25_52_401.jpg,D:\ML Projects\Deep Learning\Self Drive\IMG\left_2026_09_12_22_25_52_401.jpg,D:\ML Projects\Deep Learning\Self Drive\IMG\right_2026_09_12_22_25_52_401.jpg,0,1,0,30.19014
D:\ML Projects\Deep Learning\Self Drive\IMG\center_2026_09_12_22_25_52_473.jpg,D:\ML Projects\Deep Learning\Self Drive\IMG\left_2026_09_12_22_25_52_473.jpg,D:\ML Projects\Deep Learning\Self Drive\IMG\right_2026_09_12_22_25_52_473.jpg,0,1,0,30.19017
D:\ML Projects\Deep Learning\Self Drive\IMG\center_2026_09_12_22_25_52_551.jpg,D:\ML Projects\Deep Learning\Self Drive\IMG\left_2026_09_12_22_25_52_551.jpg,D:\ML Projects\Deep Learning\Self Drive\IMG\right_2026_09_12_22_25_52_551.jpg,0,1,0,30.18966
D:\ML Projects\Deep Learning\Self Drive\IMG\center_2026_09_12_22_25_52_630.jpg,D:\ML Projects\Deep Learning\Self Drive\IMG\left_2026_09_12_22_25_52_630.jpg,D:\ML Projects\Deep Learning\Self Drive\IMG\right_2026_09_12_22_25_52_630.jpg,0,1,0,30.19049
D:\ML Projects\Deep Learning\Self Drive\IMG\center_2026_09_12_22_25_52_704.jpg,D:\ML Projects\Deep Learning\Self Drive\IMG\left_2026_09_12_22_25_52_704.jpg,D:\ML Projects\Deep Learning\Self Drive\IMG\right_2026_09_12_22_25_52_704.jpg,0,1,0,30.19038
D:\ML Projects\Deep Learning\Self Drive\IMG\center_2026_09_12_22_25_52_786.jpg,D:\ML Projects\Deep Learning\Self Drive\IMG\left_2026_09_12_22_25_52_786.jpg,D:\ML Projects\Deep Learning\Self Drive\IMG\right_2026_09_12_22_25_52_786.jpg,0,1,0,30.19048
D:\ML Projects\Deep Learning\Self Drive\IMG\center_2026_09_12_22_25_52_865.jpg,D:\ML Projects\Deep Learning\Self Drive\IMG\left_2026_09_12_22_25_52_865.jpg,D:\ML Projects\Deep Learning\Self Drive\IMG\right_2026_09_12_22_25_52_865.jpg,0,1,0,30.19051
D:\ML Projects\Deep Learning\Self Drive\IMG\center_2026_09_12_22_25_52_950.jpg,D:\ML Projects\Deep Learning\Self Drive\IMG\left_2026_09_12_22_25_52_950.jpg,D:\ML Projects\Deep Learning\Self Drive\IMG\right_2026_09_12_22_25_52_950.jpg,0,1,0,30.1904
D:\ML Projects\Deep Learning\Self Drive\IMG\center_2026_09_12_22_25_53_041.jpg,D:\ML Projects\Deep Learning\Self Drive\IMG\left_2026_09_12_22_25_53_041.jpg,D:\ML Projects\Deep Learning\Self Drive\IMG\right_2026_09_12_22_25_53_041.jpg,0,1,0,30.1904
D:\ML Projects\Deep Learning\Self Drive\IMG\center_2026_09_12_22_25_53_126.jpg,D:\ML Projects\Deep Learning\Self Drive\IMG\left_2026_09_12_22_25_53_126.jpg,D:\ML Projects\Deep Learning\Self Drive\IMG\right_2026_09_12_22_25_53_126.jpg,0,1,0,30.1904
D:\ML Projects\Deep Learning\Self Drive\IMG\center_2026_09_12_22_25_53_203.jpg,D:\ML Projects\Deep Learning\Self Drive\IMG\left_2026_09_12_22_25_53_203.jpg,D:\ML Projects\Deep Learning\Self Drive\IMG\right_2026_09_12_22_25_53_203.jpg,-0.2,1,0,30.17961
D:\ML Projects\Deep Learning\Self Drive\IMG\center_2026_09_12_22_25_53_273.jpg,D:\ML Projects\Deep Learning\Self Drive\IMG\left_2026_09_12_22_25_53_273.jpg,D:\ML Projects\Deep Learning\Self Drive\IMG\right_2026_09_12_22_25_53_273.jpg,-0.35,1,0,30.16297
D:\ML Projects\Deep Learning\Self Drive\IMG\center_2026_09_12_22_25_53_343.jpg,D:\ML Projects\Deep Learning\Self Drive\IMG\left_2026_09_12_22_25_53_343.jpg,D:\ML Projects\Deep Learning\Self Drive\IMG\right_2026_09_12_22_25_53_343.jpg,0,1,0,30.18961
D:\ML Projects\Deep Learning\Self Drive\IMG\center_2026_09_12_22_25_53_415.jpg,D:\ML Projects\Deep Learning\Self Drive\IMG\left_2026_09_12_22_25_53_415.jpg,D:\ML Projects\Deep Learning\Self Drive\IMG\right_2026_09_12_22_25_53_415.jpg,0,1,0,30.19001
D:\ML Projects\Deep Learning\Self Drive\IMG\center_2026_09_12_22_25_53_489.jpg,D:\ML Projects\Deep Learning\Self Drive\IMG\left_2026_09_12_22_25_53_489.jpg,D:\ML Projects\Deep Learning\Self Drive\IMG\right_2026_09_12_22_25_53_489.jpg,0,1,0,30.19017
D:\ML Projects\Deep Learning\Self Drive\IMG\center_2026_09_12_22_25_53_565.jpg,D:\ML Projects\Deep Learning\Self Drive\IMG\left_2026_09_12_22_25_53_565.jpg,D:\ML Projects\Deep Learning\Self Drive\IMG\right_2026_09_12_22_25_53_565.jpg,0,1,0,30.1902
D:\ML Projects\Deep Learning\Self Drive\IMG\center_2026_09_12_22_25_53_638.jpg,D:\ML Projects\Deep Learning\Self Drive\IMG\left_2026_09_12_22_25_53_638.jpg,D:\ML Projects\Deep Learning\Self Drive\IMG\right_2026_09_12_22_25_53_638.jpg,0,1,0,30.18958
D:\ML Projects\Deep Learning\Self Drive\IMG\center_2026_09_12_22_25_53_709.jpg,D:\ML Projects\Deep Learning\Self Drive\IMG\left_2026_09_12_22_25_53_709.jpg,D:\ML Projects\Deep Learning\Self Drive\IMG\right_2026_09_12_22_25_53_709.jpg,0,1,0,30.19056
D:\ML Projects\Deep Learning\Self Drive\IMG\center_2026_09_12_22_25_53_791.jpg,D:\ML Projects\Deep Learning\Self Drive\IMG\left_2026_09_12_22_25_53_791.jpg,D:\ML Projects\Deep Learning\Self Drive\IMG\right_2026_09_12_22_25_53_791.jpg,-0.2,1,0,30.17977
D:\ML Projects\Deep Learning\Self Drive\IMG\center_2026_09_12_22_25_53_913.jpg,D:\ML Projects\Deep Learning\Self Drive\IMG\left_2026_09_12_22_25_53_913.jpg,D:\ML Projects\Deep Learning\Self Drive\IMG\right_2026_09_12_22_25_53_913.jpg,0,1,0,30.1908
D:\ML Projects\Deep Learning\Self Drive\IMG\center_2026_09_12_22_25_54_007.jpg,D:\ML Projects\Deep Learning\Self Drive\IMG\left_2026_09_12_22_25_54_007.jpg,D:\ML Projects\Deep Learning\Self Drive\IMG\right_2026_09_12_22_25_54_007.jpg,0,1,0,30.19049
D:\ML Projects\Deep Learning\Self Drive\IMG\center_2026_09_12_22_25_54_148.jpg,D:\ML Projects\Deep Learning\Self Drive\IMG\left_2026_09_12_22_25_54_148.jpg,D:\ML Projects\Deep Learning\Self Drive\IMG\right_2026_09_12_22_25_54_148.jpg,0,1,0,30.19037
D:\ML Projects\Deep Learning\Self Drive\IMG\center_2026_09_12_22_25_54_277.jpg,D:\ML Projects\Deep Learning\Self Drive\IMG\left_2026_09_12_22_25_54_277.jpg,D:\ML Projects\Deep Learning\Self Drive\IMG\right_2026_09_12_22_25_54_277.jpg,0,1,0,30.19043
D:\ML Projects\Deep Learning\Self Drive\IMG\center_2026_09_12_22_25_54_409.jpg,D:\ML Projects\Deep Learning\Self Drive\IMG\left_2026_09_12_22_25_54_409.jpg,D:\ML Projects\Deep Learning\Self Drive\IMG\right_2026_09_12_22_25_54_409.jpg,-0.3,1,0,30.16887
D:\ML Projects\Deep Learning\Self Drive\IMG\center_2026_09_12_22_25_54_477.jpg,D:\ML Projects\Deep Learning\Self Drive\IMG\left_2026_09_12_22_25_54_477.jpg,D:\ML Projects\Deep Learning\Self Drive\IMG\right_2026_09_12_22_25_54_477.jpg,0,1,0,30.18999
D:\ML Projects\Deep Learning\Self Drive\IMG\center_2026_09_12_22_25_54_608.jpg,D:\ML Projects\Deep Learning\Self Drive\IMG\left_2026_09_12_22_25_54_608.jpg,D:\ML Projects\Deep Learning\Self Drive\IMG\right_2026_09_12_22_25_54_608.jpg,0,1,0,30.19019
D:\ML Projects\Deep Learning\Self Drive\IMG\center_2026_09_12_22_25_54_678.jpg,D:\ML Projects\Deep Learning\Self Drive\IMG\left_2026_09_12_22_25_54_678.jpg,D:\ML Projects\Deep Learning\Self Drive\IMG\right_2026_09_12_22_25_54_678.jpg,0,1,0,30.18926
D:\ML Projects\Deep Learning\Self Drive\IMG\center_2026_09_12_22_25_54_749.jpg,D:\ML Projects\Deep Learning\Self Drive\IMG\left_2026_09_12_22_25_54_749.jpg,D:\ML Projects\Deep Learning\Self Drive\IMG\right_2026_09_12_22_25_54_749.jpg,-0.15,1,0,30.18493
D:\ML Projects\Deep Learning\Self Drive\IMG\center_2026_09_12_22_25_54_822.jpg,D:\ML Projects\Deep Learning\Self Drive\IMG\left_2026_09_12_22_25_54_822.jpg,D:\ML Projects\Deep Learning\Self Drive\IMG\right_2026_09_12_22_25_54_822.jpg,-0.35,1,0,30.16366
D:\ML Projects\Deep Learning\Self Drive\IMG\center_2026_09_12_22_25_54_899.jpg,D:\ML Projects\Deep Learning\Self Drive\IMG\left_2026_09_12_22_25_54_899.jpg,D:\ML Projects\Deep Learning\Self Drive\IMG\right_2026_09_12_22_25_54_899.jpg,0,1,0,30.1883
D:\ML Projects\Deep Learning\Self Drive\IMG\center_2026_09_12_22_25_54_975.jpg,D:\ML Projects\Deep Learning\Self Drive\IMG\left_2026_09_12_22_25_54_975.jpg,D:\ML Projects\Deep Learning\Self Drive\IMG\right_2026_09_12_22_25_54_975.jpg,0,1,0,30.19043
D:\ML Projects\Deep Learning\Self Drive\IMG\center_2026_09_12_22_25_55_061.jpg,D:\ML Projects\Deep Learning\Self Drive\IMG\left_2026_09_12_22_25_55_061.jpg,D:\ML Projects\Deep Learning\Self Drive\IMG\right_2026_09_12_22_25_55_061.jpg,-0.2,1,0,30.18183
D:\ML Projects\Deep Learning\Self Drive\IMG\center_2026_09_12_22_25_55_140.jpg,D:\ML Projects\Deep Learning\Self Drive\IMG\left_2026_09_12_22_25_55_140.jpg,D:\ML Projects\Deep Learning\Self Drive\IMG\right_2026_09_12_22_25_55_140.jpg,-0.4,1,0,30.15886
D:\ML Projects\Deep Learning\Self Drive\IMG\center_2026_09_12_22_25_55_220.jpg,D:\ML Projects\Deep Learning\Self Drive\IMG\left_2026_09_12_22_25_55_220.jpg,D:\ML Projects\Deep Learning\Self Drive\IMG\right_2026_09_12_22_25_55_220.jpg,0,1,0,30.18888
D:\ML Projects\Deep Learning\Self Drive\IMG\center_2026_09_12_22_25_55_293.jpg,D:\ML Projects\Deep Learning\Self Drive\IMG\left_2026_09_12_22_25_55_293.jpg,D:\ML Projects\Deep Learning\Self Drive\IMG\right_2026_09_12_22_25_55_293.jpg,0,1,0,30.18983
D:\ML Projects\Deep Learning\Self Drive\IMG\center_2026_09_12_22_25_55_362.jpg,D:\ML Projects\Deep Learning\Self Drive\IMG\left_2026_09_12_22_25_55_362.jpg,D:\ML Projects\Deep Learning\Self Drive\IMG\right_2026_09_12_22_25_55_362.jpg,0,1,0,30.18999
D:\ML Projects\Deep Learning\Self Drive\IMG\center_2026_09_12_22_25_55_435.jpg,D:\ML Projects\Deep Learning\Self Drive\IMG\left_2026_09_12_22_25_55_435.jpg,D:\ML Projects\Deep Learning\Self Drive\IMG\right_2026_09_12_22_25_55_435.jpg,0,1,0,30.19002
D:\ML Projects\Deep Learning\Self Drive\IMG\center_2026_09_12_22_25_55_512.jpg,D:\ML Projects\Deep Learning\Self Drive\IMG\left_2026_09_12_22_25_55_512.jpg,D:\ML Projects\Deep Learning\Self Drive\IMG\right_2026_09_12_22_25_55_512.jpg,-0.15,1,0,30.18447
D:\ML Projects\Deep Learning\Self Drive\IMG\center_2026_09_12_22_25_55_589.jpg,D:\ML Projects\Deep Learning\Self Drive\IMG\left_2026_09_12_22_25_55_589.jpg,D:\ML Projects\Deep Learning\Self Drive\IMG\right_2026_09_12_22_25_55_589.jpg,-0.35,1,0,30.16336
D:\ML Projects\Deep Learning\Self Drive\IMG\center_2026_09_12_22_25_55_665.jpg,D:\ML Projects\Deep Learning\Self Drive\IMG\left_2026_09_12_22_25_55_665.jpg,D:\ML Projects\Deep Learning\Self Drive\IMG\right_2026_09_12_22_25_55_665.jpg,0,1,0,30.18825
D:\ML Projects\Deep Learning\Self Drive\IMG\center_2026_09_12_22_25_55_738.jpg,D:\ML Projects\Deep Learning\Self Drive\IMG\left_2026_09_12_22_25_55_738.jpg,D:\ML Projects\Deep Learning\Self Drive\IMG\right_2026_09_12_22_25_55_738.jpg,0,1,0,30.19005
D:\ML Projects\Deep Learning\Self Drive\IMG\center_2026_09_12_22_25_55_817.jpg,D:\ML Projects\Deep Learning\Self Drive\IMG\left_2026_09_12_22_25_55_817.jpg,D:\ML Projects\Deep Learning\Self Drive\IMG\right_2026_09_12_22_25_55_817.jpg,0,1,0,30.19003
D:\ML Projects\Deep Learning\Self Drive\IMG\center_2026_09_12_22_25_55_953.jpg,D:\ML Projects\Deep Learning\Self Drive\IMG\left_2026_09_12_22_25_55_953.jpg,D:\ML Projects\Deep Learning\Self Drive\IMG\right_2026_09_12_22_25_55_953.jpg,0,1,0,30.19036
D:\ML Projects\Deep Learning\Self Drive\IMG\center_2026_09_12_22_25_56_031.jpg,D:\ML Projects\Deep Learning\Self Drive\IMG\left_2026_09_12_22_25_56_031.jpg,D:\ML Projects\Deep Learning\Self Drive\IMG\right_2026_09_12_22_25_56_031.jpg,0,1,0,30.19023
D:\ML Projects\Deep Learning\Self Drive\IMG\center_2026_09_12_22_25_56_101.jpg,D:\ML Projects\Deep Learning\Self Drive\IMG\left_2026_09_12_22_25_56_101.jpg,D:\ML Projects\Deep Learning\Self Drive\IMG\right_2026_09_12_22_25_56_101.jpg,0,1,0,30.19015
D:\ML Projects\Deep Learning\Self Drive\IMG\center_2026_09_12_22_25_56_223.jpg,D:\ML Projects\Deep Learning\Self Drive\IMG\left_2026_09_12_22_25_56_223.jpg,D:\ML Projects\Deep Learning\Self Drive\IMG\right_2026_09_12_22_25_56_223.jpg,0,1,0,30.19012
D:\ML Projects\Deep Learning\Self Drive\IMG\center_2026_09_12_22_25_56_344.jpg,D:\ML Projects\Deep Learning\Self Drive\IMG\left_2026_09_12_22_25_56_344.jpg,D:\ML Projects\Deep Learning\Self Drive\IMG\right_2026_09_12_22_25_56_344.jpg,0,1,0,30.19016
D:\ML Projects\Deep Learning\Self Drive\IMG\center_2026_09_12_22_25_56_466.jpg,D:\ML Projects\Deep Learning\Self Drive\IMG\left_2026_09_12_22_25_56_466.jpg,D:\ML Projects\Deep Learning\Self Drive\IMG\right_2026_09_12_22_25_56_466.jpg,0,1,0,30.19018
D:\ML Projects\Deep Learning\Self Drive\IMG\center_2026_09_12_22_25_56_586.jpg,D:\ML Projects\Deep Learning\Self Drive\IMG\left_2026_09_12_22_25_56_586.jpg,D:\ML Projects\Deep Learning\Self Drive\IMG\right_2026_09_12_22_25_56_586.jpg,0,1,0,30.19097
D:\ML Projects\Deep Learning\Self Drive\IMG\center_2026_09_12_22_25_56_704.jpg,D:\ML Projects\Deep Learning\Self Drive\IMG\left_2026_09_12_22_25_56_704.jpg,D:\ML Projects\Deep Learning\Self Drive\IMG\right_2026_09_12_22_25_56_704.jpg,-0.3,1,0,30.16887
D:\ML Projects\Deep Learning\Self Drive\IMG\center_2026_09_12_22_25_56_778.jpg,D:\ML Projects\Deep Learning\Self Drive\IMG\left_2026_09_12_22_25_56_778.jpg,D:\ML Projects\Deep Learning\Self Drive\IMG\right_2026_09_12_22_25_56_778.jpg,0,1,0,30.19064
D:\ML Projects\Deep Learning\Self Drive\IMG\center_2026_09_12_22_25_56_850.jpg,D:\ML Projects\Deep Learning\Self Drive\IMG\left_2026_09_12_22_25_56_850.jpg,D:\ML Projects\Deep Learning\Self Drive\IMG\right_2026_09_12_22_25_56_850.jpg,0,1,0,30.19049
D:\ML Projects\Deep Learning\Self Drive\IMG\center_2026_09_12_22_25_56_981.jpg,D:\ML Projects\Deep Learning\Self Drive\IMG\left_2026_09_12_22_25_56_981.jpg,D:\ML Projects\Deep Learning\Self Drive\IMG\right_2026_09_12_22_25_56_981.jpg,0,1,0,30.19041
D:\ML Projects\Deep Learning\Self Drive\IMG\center_2026_09_12_22_25_57_061.jpg,D:\ML Projects\Deep Learning\Self Drive\IMG\left_2026_09_12_22_25_57_061.jpg,D:\ML Projects\Deep Learning\Self Drive\IMG\right_2026_09_12_22_25_57_061.jpg,0,1,0,30.19042
D:\ML Projects\Deep Learning\Self Drive\IMG\center_2026_09_12_22_25_57_131.jpg,D:\ML Projects\Deep Learning\Self Drive\IMG\left_2026_09_12_22_25_57_131.jpg,D:\ML Projects\Deep Learning\Self Drive\IMG\right_2026_09_12_22_25_57_131.jpg,-0.15,1,0,30.18442
D:\ML Projects\Deep Learning\Self Drive\IMG\center_2026_09_12_22_25_57_201.jpg,D:\ML Projects\Deep Learning\Self Drive\IMG\left_2026_09_12_22_25_57_201.jpg,D:\ML Projects\Deep Learning\Self Drive\IMG\right_2026_09_12_22_25_57_201.jpg,-0.35,1,0,30.16337
D:\ML Projects\Deep Learning\Self Drive\IMG\center_2026_09_12_22_25_57_271.jpg,D:\ML Projects\Deep Learning\Self Drive\IMG\left_2026_09_12_22_25_57_271.jpg,D:\ML Projects\Deep Learning\Self Drive\IMG\right_2026_09_12_22_25_57_271.jpg,0,1,0,30.18833
D:\ML Projects\Deep Learning\Self Drive\IMG\center_2026_09_12_22_25_57_343.jpg,D:\ML Projects\Deep Learning\Self Drive\IMG\left_2026_09_12_22_25_57_343.jpg,D:\ML Projects\Deep Learning\Self Drive\IMG\right_2026_09_12_22_25_57_343.jpg,-0.2,1,0,30.18413
D:\ML Projects\Deep Learning\Self Drive\IMG\center_2026_09_12_22_25_57_411.jpg,D:\ML Projects\Deep Learning\Self Drive\IMG\left_2026_09_12_22_25_57_411.jpg,D:\ML Projects\Deep Learning\Self Drive\IMG\right_2026_09_12_22_25_57_411.jpg,-0.35,1,0,30.16877
D:\ML Projects\Deep Learning\Self Drive\IMG\center_2026_09_12_22_25_57_543.jpg,D:\ML Projects\Deep Learning\Self Drive\IMG\left_2026_09_12_22_25_57_543.jpg,D:\ML Projects\Deep Learning\Self Drive\IMG\right_2026_09_12_22_25_57_543.jpg,0,1,0,30.19001
D:\ML Projects\Deep Learning\Self Drive\IMG\center_2026_09_12_22_25_57_668.jpg,D:\ML Projects\Deep Learning\Self Drive\IMG\left_2026_09_12_22_25_57_668.jpg,D:\ML Projects\Deep Learning\Self Drive\IMG\right_2026_09_12_22_25_57_668.jpg,0,1,0,30.19079
D:\ML Projects\Deep Learning\Self Drive\IMG\center_2026_09_12_22_25_57_792.jpg,D:\ML Projects\Deep Learning\Self Drive\IMG\left_2026_09_12_22_25_57_792.jpg,D:\ML Projects\Deep Learning\Self Drive\IMG\right_2026_09_12_22_25_57_792.jpg,0,1,0,30.19043
D:\ML Projects\Deep Learning\Self Drive\IMG\center_2026_09_12_22_25_57_902.jpg,D:\ML Projects\Deep Learning\Self Drive\IMG\left_2026_09_12_22_25_57_902.jpg,D:\ML Projects\Deep Learning\Self Drive\IMG\right_2026_09_12_22_25_57_902.jpg,0,1,0,30.19039
D:\ML Projects\Deep Learning\Self Drive\IMG\center_2026_09_12_22_25_58_040.jpg,D:\ML Projects\Deep Learning\Self Drive\IMG\left_2026_09_12_22_25_58_040.jpg,D:\ML Projects\Deep Learning\Self Drive\IMG\right_2026_09_12_22_25_58_040.jpg,-0.35,1,0,30.16305
D:\ML Projects\Deep Learning\Self Drive\IMG\center_2026_09_12_22_25_58_170.jpg,D:\ML Projects\Deep Learning\Self Drive\IMG\left_2026_09_12_22_25_58_170.jpg,D:\ML Projects\Deep Learning\Self Drive\IMG\right_2026_09_12_22_25_58_170.jpg,0,1,0,30.18959
D:\ML Projects\Deep Learning\Self Drive\IMG\center_2026_09_12_22_25_58_240.jpg,D:\ML Projects\Deep Learning\Self Drive\IMG\left_2026_09_12_22_25_58_240.jpg,D:\ML Projects\Deep Learning\Self Drive\IMG\right_2026_09_12_22_25_58_240.jpg,0,1,0,30.19061
D:\ML Projects\Deep Learning\Self Drive\IMG\center_2026_09_12_22_25_58_315.jpg,D:\ML Projects\Deep Learning\Self Drive\IMG\left_2026_09_12_22_25_58_315.jpg,D:\ML Projects\Deep Learning\Self Drive\IMG\right_2026_09_12_22_25_58_315.jpg,-0.2,1,0,30.18136
D:\ML Projects\Deep Learning\Self Drive\IMG\center_2026_09_12_22_25_58_391.jpg,D:\ML Projects\Deep Learning\Self Drive\IMG\left_2026_09_12_22_25_58_391.jpg,D:\ML Projects\Deep Learning\Self Drive\IMG\right_2026_09_12_22_25_58_391.jpg,-0.35,1,0,30.16459
D:\ML Projects\Deep Learning\Self Drive\IMG\center_2026_09_12_22_25_58_462.jpg,D:\ML Projects\Deep Learning\Self Drive\IMG\left_2026_09_12_22_25_58_462.jpg,D:\ML Projects\Deep Learning\Self Drive\IMG\right_2026_09_12_22_25_58_462.jpg,0,1,0,30.19005
D:\ML Projects\Deep Learning\Self Drive\IMG\center_2026_09_12_22_25_58_555.jpg,D:\ML Projects\Deep Learning\Self Drive\IMG\left_2026_09_12_22_25_58_555.jpg,D:\ML Projects\Deep Learning\Self Drive\IMG\right_2026_09_12_22_25_58_555.jpg,0,1,0,30.19036
D:\ML Projects\Deep Learning\Self Drive\IMG\center_2026_09_12_22_25_58_634.jpg,D:\ML Projects\Deep Learning\Self Drive\IMG\left_2026_09_12_22_25_58_634.jpg,D:\ML Projects\Deep Learning\Self Drive\IMG\right_2026_09_12_22_25_58_634.jpg,-0.2,1,0,30.18164
D:\ML Projects\Deep Learning\Self Drive\IMG\center_2026_09_12_22_25_58_709.jpg,D:\ML Projects\Deep Learning\Self Drive\IMG\left_2026_09_12_22_25_58_709.jpg,D:\ML Projects\Deep Learning\Self Drive\IMG\right_2026_09_12_22_25_58_709.jpg,-0.35,1,0,30.16488
D:\ML Projects\Deep Learning\Self Drive\IMG\center_2026_09_12_22_25_58_780.jpg,D:\ML Projects\Deep Learning\Self Drive\IMG\left_2026_09_12_22_25_58_780.jpg,D:\ML Projects\Deep Learning\Self Drive\IMG\right_2026_09_12_22_25_58_780.jpg,0,1,0,30.18957
D:\ML Projects\Deep Learning\Self Drive\IMG\center_2026_09_12_22_25_58_853.jpg,D:\ML Projects\Deep Learning\Self Drive\IMG\left_2026_09_12_22_25_58_853.jpg,D:\ML Projects\Deep Learning\Self Drive\IMG\right_2026_09_12_22_25_58_853.jpg,0,1,0,30.18999
D:\ML Projects\Deep Learning\Self Drive\IMG\center_2026_09_12_22_25_58_934.jpg,D:\ML Projects\Deep Learning\Self Drive\IMG\left_2026_09_12_22_25_58_934.jpg,D:\ML Projects\Deep Learning\Self Drive\IMG\right_2026_09_12_22_25_58_934.jpg,-0.25,1,0,30.17781
D:\ML Projects\Deep Learning\Self Drive\IMG\center_2026_09_12_22_25_59_063.jpg,D:\ML Projects\Deep Learning\Self Drive\IMG\left_2026_09_12_22_25_59_063.jpg,D:\ML Projects\Deep Learning\Self Drive\IMG\right_2026_09_12_22_25_59_063.jpg,0,1,0,30.18774
D:\ML Projects\Deep Learning\Self Drive\IMG\center_2026_09_12_22_25_59_194.jpg,D:\ML Projects\Deep Learning\Self Drive\IMG\left_2026_09_12_22_25_59_194.jpg,D:\ML Projects\Deep Learning\Self Drive\IMG\right_2026_09_12_22_25_59_194.jpg,0,1,0,30.1906
D:\ML Projects\Deep Learning\Self Drive\IMG\center_2026_09_12_22_25_59_277.jpg,D:\ML Projects\Deep Learning\Self Drive\IMG\left_2026_09_12_22_25_59_277.jpg,D:\ML Projects\Deep Learning\Self Drive\IMG\right_2026_09_12_22_25_59_277.jpg,0,1,0,30.19049
D:\ML Projects\Deep Learning\Self Drive\IMG\center_2026_09_12_22_25_59_359.jpg,D:\ML Projects\Deep Learning\Self Drive\IMG\left_2026_09_12_22_25_59_359.jpg,D:\ML Projects\Deep Learning\Self Drive\IMG\right_2026_09_12_22_25_59_359.jpg,-0.2,1,0,30.18071
D:\ML Projects\Deep Learning\Self Drive\IMG\center_2026_09_12_22_25_59_480.jpg,D:\ML Projects\Deep Learning\Self Drive\IMG\left_2026_09_12_22_25_59_480.jpg,D:\ML Projects\Deep Learning\Self Drive\IMG\right_2026_09_12_22_25_59_480.jpg,0,1,0,30.19036
D:\ML Projects\Deep Learning\Self Drive\IMG\center_2026_09_12_22_25_59_548.jpg,D:\ML Projects\Deep Learning\Self Drive\IMG\left_2026_09_12_22_25_59_548.jpg,D:\ML Projects\Deep Learning\Self Drive\IMG\right_2026_09_12_22_25_59_548.jpg,0,1,0,30.19039
D:\ML Projects\Deep Learning\Self Drive\IMG\center_2026_09_12_22_25_59_679.jpg,D:\ML Projects\Deep Learning\Self Drive\IMG\left_2026_09_12_22_25_59_679.jpg,D:\ML Projects\Deep Learning\Self Drive\IMG\right_2026_09_12_22_25_59_679.jpg,-0.35,1,0,30.16381
D:\ML Projects\Deep Learning\Self Drive\IMG\center_2026_09_12_22_25_59_777.jpg,D:\ML Projects\Deep Learning\Self Drive\IMG\left_2026_09_12_22_25_59_777.jpg,D:\ML Projects\Deep Learning\Self Drive\IMG\right_2026_09_12_22_25_59_777.jpg,0,1,0,30.18557
D:\ML Projects\Deep Learning\Self Drive\IMG\center_2026_09_12_22_25_59_885.jpg,D:\ML Projects\Deep Learning\Self Drive\IMG\left_2026_09_12_22_25_59_885.jpg,D:\ML Projects\Deep Learning\Self Drive\IMG\right_2026_09_12_22_25_59_885.jpg,0,1,0,30.19031
D:\ML Projects\Deep Learning\Self Drive\IMG\center_2026_09_12_22_25_59_962.jpg,D:\ML Projects\Deep Learning\Self Drive\IMG\left_2026_09_12_22_25_59_962.jpg,D:\ML Projects\Deep Learning\Self Drive\IMG\right_2026_09_12_22_25_59_962.jpg,0,1,0,30.19031
D:\ML Projects\Deep Learning\Self Drive\IMG\center_2026_09_12_22_26_00_084.jpg,D:\ML Projects\Deep Learning\Self Drive\IMG\left_2026_09_12_22_26_00_084.jpg,D:\ML Projects\Deep Learning\Self Drive\IMG\right_2026_09_12_22_26_00_084.jpg,-0.15,1,0,30.18505
D:\ML Projects\Deep Learning\Self Drive\IMG\center_2026_09_12_22_26_00_184.jpg,D:\ML Projects\Deep Learning\Self Drive\IMG\left_2026_09_12_22_26_00_184.jpg,D:\ML Projects\Deep Learning\Self Drive\IMG\right_2026_09_12_22_26_00_184.jpg,0,1,0,30.19055
D:\ML Projects\Deep Learning\Self Drive\IMG\center_2026_09_12_22_26_00_307.jpg,D:\ML Projects\Deep Learning\Self Drive\IMG\left_2026_09_12_22_26_00_307.jpg,D:\ML Projects\Deep Learning\Self Drive\IMG\right_2026_09_12_22_26_00_307.jpg,0,1,0,30.19024
D:\ML Projects\Deep Learning\Self Drive\IMG\center_2026_09_12_22_26_00_415.jpg,D:\ML Projects\Deep Learning\Self Drive\IMG\left_2026_09_12_22_26_00_415.jpg,D:\ML Projects\Deep Learning\Self Drive\IMG\right_2026_09_12_22_26_00_415.jpg,-0.15,1,0,30.18523
D:\ML Projects\Deep Learning\Self Drive\IMG\center_2026_09_12_22_26_00_525.jpg,D:\ML Projects\Deep Learning\Self Drive\IMG\left_2026_09_12_22_26_00_525.jpg,D:\ML Projects\Deep Learning\Self Drive\IMG\right_2026_09_12_22_26_00_525.jpg,-0.4,1,0,30.1584
D:\ML Projects\Deep Learning\Self Drive\IMG\center_2026_09_12_22_26_00_641.jpg,D:\ML Projects\Deep Learning\Self Drive\IMG\left_2026_09_12_22_26_00_641.jpg,D:\ML Projects\Deep Learning\Self Drive\IMG\right_2026_09_12_22_26_00_641.jpg,0,1,0,30.18965
D:\ML Projects\Deep Learning\Self Drive\IMG\center_2026_09_12_22_26_00_754.jpg,D:\ML Projects\Deep Learning\Self Drive\IMG\left_2026_09_12_22_26_00_754.jpg,D:\ML Projects\Deep Learning\Self Drive\IMG\right_2026_09_12_22_26_00_754.jpg,-0.15,1,0,30.1862
D:\ML Projects\Deep Learning\Self Drive\IMG\center_2026_09_12_22_26_00_865.jpg,D:\ML Projects\Deep Learning\Self Drive\IMG\left_2026_09_12_22_26_00_865.jpg,D:\ML Projects\Deep Learning\Self Drive\IMG\right_2026_09_12_22_26_00_865.jpg,-0.4,1,0,30.15953
D:\ML Projects\Deep Learning\Self Drive\IMG\center_2026_09_12_22_26_00_982.jpg,D:\ML Projects\Deep Learning\Self Drive\IMG\left_2026_09_12_22_26_00_982.jpg,D:\ML Projects\Deep Learning\Self Drive\IMG\right_2026_09_12_22_26_00_982.jpg,0,1,0,30.1842
D:\ML Projects\Deep Learning\Self Drive\IMG\center_2026_09_12_22_26_01_095.jpg,D:\ML Projects\Deep Learning\Self Drive\IMG\left_2026_09_12_22_26_01_095.jpg,D:\ML Projects\Deep Learning\Self Drive\IMG\right_2026_09_12_22_26_01_095.jpg,0,1,0,30.18988
D:\ML Projects\Deep Learning\Self Drive\IMG\center_2026_09_12_22_26_01_209.jpg,D:\ML Projects\Deep Learning\Self Drive\IMG\left_2026_09_12_22_26_01_209.jpg,D:\ML Projects\Deep Learning\Self Drive\IMG\right_2026_09_12_22_26_01_209.jpg,-0.15,1,0,30.18645
D:\ML Projects\Deep Learning\Self Drive\IMG\center_2026_09_12_22_26_01_315.jpg,D:\ML Projects\Deep Learning\Self Drive\IMG\left_2026_09_12_22_26_01_315.jpg,D:\ML Projects\Deep Learning\Self Drive\IMG\right_2026_09_12_22_26_01_315.jpg,-0.45,1,0,30.15338
D:\ML Projects\Deep Learning\Self Drive\IMG\center_2026_09_12_22_26_01_429.jpg,D:\ML Projects\Deep Learning\Self Drive\IMG\left_2026_09_12_22_26_01_429.jpg,D:\ML Projects\Deep Learning\Self Drive\IMG\right_2026_09_12_22_26_01_429.jpg,0,1,0,30.18893
D:\ML Projects\Deep Learning\Self Drive\IMG\center_2026_09_12_22_26_01_538.jpg,D:\ML Projects\Deep Learning\Self Drive\IMG\left_2026_09_12_22_26_01_538.jpg,D:\ML Projects\Deep Learning\Self Drive\IMG\right_2026_09_12_22_26_01_538.jpg,0,1,0,30.19022
D:\ML Projects\Deep Learning\Self Drive\IMG\center_2026_09_12_22_26_01_654.jpg,D:\ML Projects\Deep Learning\Self Drive\IMG\left_2026_09_12_22_26_01_654.jpg,D:\ML Projects\Deep Learning\Self Drive\IMG\right_2026_09_12_22_26_01_654.jpg,-0.3,1,0,30.17116
D:\ML Projects\Deep Learning\Self Drive\IMG\center_2026_09_12_22_26_01_767.jpg,D:\ML Projects\Deep Learning\Self Drive\IMG\left_2026_09_12_22_26_01_767.jpg,D:\ML Projects\Deep Learning\Self Drive\IMG\right_2026_09_12_22_26_01_767.jpg,-0.5500001,1,0,30.1404
D:\ML Projects\Deep Learning\Self Drive\IMG\center_2026_09_12_22_26_01_883.jpg,D:\ML Projects\Deep Learning\Self Drive\IMG\left_2026_09_12_22_26_01_883.jpg,D:\ML Projects\Deep Learning\Self Drive\IMG\right_2026_09_12_22_26_01_883.jpg,0,1,0,30.18868
D:\ML Projects\Deep Learning\Self Drive\IMG\center_2026_09_12_22_26_02_002.jpg,D:\ML Projects\Deep Learning\Self Drive\IMG\left_2026_09_12_22_26_02_002.jpg,D:\ML Projects\Deep Learning\Self Drive\IMG\right_2026_09_12_22_26_02_002.jpg,-0.15,1,0,30.18718
D:\ML Projects\Deep Learning\Self Drive\IMG\center_2026_09_12_22_26_02_078.jpg,D:\ML Projects\Deep Learning\Self Drive\IMG\left_2026_09_12_22_26_02_078.jpg,D:\ML Projects\Deep Learning\Self Drive\IMG\right_2026_09_12_22_26_02_078.jpg,-0.35,1,0,30.16677
D:\ML Projects\Deep Learning\Self Drive\IMG\center_2026_09_12_22_26_02_146.jpg,D:\ML Projects\Deep Learning\Self Drive\IMG\left_2026_09_12_22_26_02_146.jpg,D:\ML Projects\Deep Learning\Self Drive\IMG\right_2026_09_12_22_26_02_146.jpg,-0.5000001,1,0,30.14777
D:\ML Projects\Deep Learning\Self Drive\IMG\center_2026_09_12_22_26_02_274.jpg,D:\ML Projects\Deep Learning\Self Drive\IMG\left_2026_09_12_22_26_02_274.jpg,D:\ML Projects\Deep Learning\Self Drive\IMG\right_2026_09_12_22_26_02_274.jpg,0,1,0,30.18906
D:\ML Projects\Deep Learning\Self Drive\IMG\center_2026_09_12_22_26_02_399.jpg,D:\ML Projects\Deep Learning\Self Drive\IMG\left_2026_09_12_22_26_02_399.jpg,D:\ML Projects\Deep Learning\Self Drive\IMG\right_2026_09_12_22_26_02_399.jpg,0,1,0,30.19027
D:\ML Projects\Deep Learning\Self Drive\IMG\center_2026_09_12_22_26_02_521.jpg,D:\ML Projects\Deep Learning\Self Drive\IMG\left_2026_09_12_22_26_02_521.jpg,D:\ML Projects\Deep Learning\Self Drive\IMG\right_2026_09_12_22_26_02_521.jpg,0,1,0,30.19036
D:\ML Projects\Deep Learning\Self Drive\IMG\center_2026_09_12_22_26_02_645.jpg,D:\ML Projects\Deep Learning\Self Drive\IMG\left_2026_09_12_22_26_02_645.jpg,D:\ML Projects\Deep Learning\Self Drive\IMG\right_2026_09_12_22_26_02_645.jpg,0,1,0,30.19031
D:\ML Projects\Deep Learning\Self Drive\IMG\center_2026_09_12_22_26_02_772.jpg,D:\ML Projects\Deep Learning\Self Drive\IMG\left_2026_09_12_22_26_02_772.jpg,D:\ML Projects\Deep Learning\Self Drive\IMG\right_2026_09_12_22_26_02_772.jpg,0,1,0,30.19031
D:\ML Projects\Deep Learning\Self Drive\IMG\center_2026_09_12_22_26_02_847.jpg,D:\ML Projects\Deep Learning\Self Drive\IMG\left_2026_09_12_22_26_02_847.jpg,D:\ML Projects\Deep Learning\Self Drive\IMG\right_2026_09_12_22_26_02_847.jpg,0,1,0,30.19028
D:\ML Projects\Deep Learning\Self Drive\IMG\center_2026_09_12_22_26_02_918.jpg,D:\ML Projects\Deep Learning\Self Drive\IMG\left_2026_09_12_22_26_02_918.jpg,D:\ML Projects\Deep Learning\Self Drive\IMG\right_2026_09_12_22_26_02_918.jpg,0,1,0,30.19029
D:\ML Projects\Deep Learning\Self Drive\IMG\center_2026_09_12_22_26_02_984.jpg,D:\ML Projects\Deep Learning\Self Drive\IMG\left_2026_09_12_22_26_02_984.jpg,D:\ML Projects\Deep Learning\Self Drive\IMG\right_2026_09_12_22_26_02_984.jpg,0,1,0,30.19012
D:\ML Projects\Deep Learning\Self Drive\IMG\center_2026_09_12_22_26_03_070.jpg,D:\ML Projects\Deep Learning\Self Drive\IMG\left_2026_09_12_22_26_03_070.jpg,D:\ML Projects\Deep Learning\Self Drive\IMG\right_2026_09_12_22_26_03_070.jpg,-0.2,1,0,30.17977
D:\ML Projects\Deep Learning\Self Drive\IMG\center_2026_09_12_22_26_03_150.jpg,D:\ML Projects\Deep Learning\Self Drive\IMG\left_2026_09_12_22_26_03_150.jpg,D:\ML Projects\Deep Learning\Self Drive\IMG\right_2026_09_12_22_26_03_150.jpg,0,1,0,30.19029
D:\ML Projects\Deep Learning\Self Drive\IMG\center_2026_09_12_22_26_03_284.jpg,D:\ML Projects\Deep Learning\Self Drive\IMG\left_2026_09_12_22_26_03_284.jpg,D:\ML Projects\Deep Learning\Self Drive\IMG\right_2026_09_12_22_26_03_284.jpg,0,1,0,30.19027
D:\ML Projects\Deep Learning\Self Drive\IMG\center_2026_09_12_22_26_03_408.jpg,D:\ML Projects\Deep Learning\Self Drive\IMG\left_2026_09_12_22_26_03_408.jpg,D:\ML Projects\Deep Learning\Self Drive\IMG\right_2026_09_12_22_26_03_408.jpg,0,1,0,30.19029
D:\ML Projects\Deep Learning\Self Drive\IMG\center_2026_09_12_22_26_03_527.jpg,D:\ML Projects\Deep Learning\Self Drive\IMG\left_2026_09_12_22_26_03_527.jpg,D:\ML Projects\Deep Learning\Self Drive\IMG\right_2026_09_12_22_26_03_527.jpg,-0.3,1,0,30.16947
D:\ML Projects\Deep Learning\Self Drive\IMG\center_2026_09_12_22_26_03_648.jpg,D:\ML Projects\Deep Learning\Self Drive\IMG\left_2026_09_12_22_26_03_648.jpg,D:\ML Projects\Deep Learning\Self Drive\IMG\right_2026_09_12_22_26_03_648.jpg,0,1,0,30.18653
D:\ML Projects\Deep Learning\Self Drive\IMG\center_2026_09_12_22_26_03_782.jpg,D:\ML Projects\Deep Learning\Self Drive\IMG\left_2026_09_12_22_26_03_782.jpg,D:\ML Projects\Deep Learning\Self Drive\IMG\right_2026_09_12_22_26_03_782.jpg,-0.2,1,0,30.18413
D:\ML Projects\Deep Learning\Self Drive\IMG\center_2026_09_12_22_26_03_910.jpg,D:\ML Projects\Deep Learning\Self Drive\IMG\left_2026_09_12_22_26_03_910.jpg,D:\ML Projects\Deep Learning\Self Drive\IMG\right_2026_09_12_22_26_03_910.jpg,0,1,0,30.18969
D:\ML Projects\Deep Learning\Self Drive\IMG\center_2026_09_12_22_26_04_048.jpg,D:\ML Projects\Deep Learning\Self Drive\IMG\left_2026_09_12_22_26_04_048.jpg,D:\ML Projects\Deep Learning\Self Drive\IMG\right_2026_09_12_22_26_04_048.jpg,0,1,0,30.19033
D:\ML Projects\Deep Learning\Self Drive\IMG\center_2026_09_12_22_26_04_165.jpg,D:\ML Projects\Deep Learning\Self Drive\IMG\left_2026_09_12_22_26_04_165.jpg,D:\ML Projects\Deep Learning\Self Drive\IMG\right_2026_09_12_22_26_04_165.jpg,0,1,0,30.19026
D:\ML Projects\Deep Learning\Self Drive\IMG\center_2026_09_12_22_26_04_287.jpg,D:\ML Projects\Deep Learning\Self Drive\IMG\left_2026_09_12_22_26_04_287.jpg,D:\ML Projects\Deep Learning\Self Drive\IMG\right_2026_09_12_22_26_04_287.jpg,-0.15,1,0,30.18431
D:\ML Projects\Deep Learning\Self Drive\IMG\center_2026_09_12_22_26_04_406.jpg,D:\ML Projects\Deep Learning\Self Drive\IMG\left_2026_09_12_22_26_04_406.jpg,D:\ML Projects\Deep Learning\Self Drive\IMG\right_2026_09_12_22_26_04_406.jpg,0,1,0,30.18884
D:\ML Projects\Deep Learning\Self Drive\IMG\center_2026_09_12_22_26_04_526.jpg,D:\ML Projects\Deep Learning\Self Drive\IMG\left_2026_09_12_22_26_04_526.jpg,D:\ML Projects\Deep Learning\Self Drive\IMG\right_2026_09_12_22_26_04_526.jpg,0,1,0,30.19022
D:\ML Projects\Deep Learning\Self Drive\IMG\center_2026_09_12_22_26_04_645.jpg,D:\ML Projects\Deep Learning\Self Drive\IMG\left_2026_09_12_22_26_04_645.jpg,D:\ML Projects\Deep Learning\Self Drive\IMG\right_2026_09_12_22_26_04_645.jpg,0,1,0,30.19019
D:\ML Projects\Deep Learning\Self Drive\IMG\center_2026_09_12_22_26_04_769.jpg,D:\ML Projects\Deep Learning\Self Drive\IMG\left_2026_09_12_22_26_04_769.jpg,D:\ML Projects\Deep Learning\Self Drive\IMG\right_2026_09_12_22_26_04_769.jpg,0,1,0,30.1903
D:\ML Projects\Deep Learning\Self Drive\IMG\center_2026_09_12_22_26_04_893.jpg,D:\ML Projects\Deep Learning\Self Drive\IMG\left_2026_09_12_22_26_04_893.jpg,D:\ML Projects\Deep Learning\Self Drive\IMG\right_2026_09_12_22_26_04_893.jpg,-0.2,1,0,30.1799
D:\ML Projects\Deep Learning\Self Drive\IMG\center_2026_09_12_22_26_05_024.jpg,D:\ML Projects\Deep Learning\Self Drive\IMG\left_2026_09_12_22_26_05_024.jpg,D:\ML Projects\Deep Learning\Self Drive\IMG\right_2026_09_12_22_26_05_024.jpg,0,1,0,30.18825
D:\ML Projects\Deep Learning\Self Drive\IMG\center_2026_09_12_22_26_05_105.jpg,D:\ML Projects\Deep Learning\Self Drive\IMG\left_2026_09_12_22_26_05_105.jpg,D:\ML Projects\Deep Learning\Self Drive\IMG\right_2026_09_12_22_26_05_105.jpg,0,1,0,30.18999
D:\ML Projects\Deep Learning\Self Drive\IMG\center_2026_09_12_22_26_05_175.jpg,D:\ML Projects\Deep Learning\Self Drive\IMG\left_2026_09_12_22_26_05_175.jpg,D:\ML Projects\Deep Learning\Self Drive\IMG\right_2026_09_12_22_26_05_175.jpg,0,1,0,30.19022
D:\ML Projects\Deep Learning\Self Drive\IMG\center_2026_09_12_22_26_05_306.jpg,D:\ML Projects\Deep Learning\Self Drive\IMG\left_2026_09_12_22_26_05_306.jpg,D:\ML Projects\Deep Learning\Self Drive\IMG\right_2026_09_12_22_26_05_306.jpg,0,1,0,30.1903
D:\ML Projects\Deep Learning\Self Drive\IMG\center_2026_09_12_22_26_05_425.jpg,D:\ML Projects\Deep Learning\Self Drive\IMG\left_2026_09_12_22_26_05_425.jpg,D:\ML Projects\Deep Learning\Self Drive\IMG\right_2026_09_12_22_26_05_425.jpg,0,1,0,30.19004
D:\ML Projects\Deep Learning\Self Drive\IMG\center_2026_09_12_22_26_05_546.jpg,D:\ML Projects\Deep Learning\Self Drive\IMG\left_2026_09_12_22_26_05_546.jpg,D:\ML Projects\Deep Learning\Self Drive\IMG\right_2026_09_12_22_26_05_546.jpg,-0.3,1,0,30.16935
D:\ML Projects\Deep Learning\Self Drive\IMG\center_2026_09_12_22_26_05_675.jpg,D:\ML Projects\Deep Learning\Self Drive\IMG\left_2026_09_12_22_26_05_675.jpg,D:\ML Projects\Deep Learning\Self Drive\IMG\right_2026_09_12_22_26_05_675.jpg,0,1,0,30.1901
D:\ML Projects\Deep Learning\Self Drive\IMG\center_2026_09_12_22_26_05_819.jpg,D:\ML Projects\Deep Learning\Self Drive\IMG\left_2026_09_12_22_26_05_819.jpg,D:\ML Projects\Deep Learning\Self Drive\IMG\right_2026_09_12_22_26_05_819.jpg,0,1,0,30.19029
D:\ML Projects\Deep Learning\Self Drive\IMG\center_2026_09_12_22_26_05_891.jpg,D:\ML Projects\Deep Learning\Self Drive\IMG\left_2026_09_12_22_26_05_891.jpg,D:\ML Projects\Deep Learning\Self Drive\IMG\right_2026_09_12_22_26_05_891.jpg,0,1,0,30.19029
D:\ML Projects\Deep Learning\Self Drive\IMG\center_2026_09_12_22_26_06_011.jpg,D:\ML Projects\Deep Learning\Self Drive\IMG\left_2026_09_12_22_26_06_011.jpg,D:\ML Projects\Deep Learning\Self Drive\IMG\right_2026_09_12_22_26_06_011.jpg,0,1,0,30.19043
D:\ML Projects\Deep Learning\Self Drive\IMG\center_2026_09_12_22_26_06_080.jpg,D:\ML Projects\Deep Learning\Self Drive\IMG\left_2026_09_12_22_26_06_080.jpg,D:\ML Projects\Deep Learning\Self Drive\IMG\right_2026_09_12_22_26_06_080.jpg,0,1,0,30.19032
D:\ML Projects\Deep Learning\Self Drive\IMG\center_2026_09_12_22_26_06_197.jpg,D:\ML Projects\Deep Learning\Self Drive\IMG\left_2026_09_12_22_26_06_197.jpg,D:\ML Projects\Deep Learning\Self Drive\IMG\right_2026_09_12_22_26_06_197.jpg,-0.15,1,0,30.18431
D:\ML Projects\Deep Learning\Self Drive\IMG\center_2026_09_12_22_26_06_304.jpg,D:\ML Projects\Deep Learning\Self Drive\IMG\left_2026_09_12_22_26_06_304.jpg,D:\ML Projects\Deep Learning\Self Drive\IMG\right_2026_09_12_22_26_06_304.jpg,0,1,0,30.1893
D:\ML Projects\Deep Learning\Self Drive\IMG\center_2026_09_12_22_26_06_415.jpg,D:\ML Projects\Deep Learning\Self Drive\IMG\left_2026_09_12_22_26_06_415.jpg,D:\ML Projects\Deep Learning\Self Drive\IMG\right_2026_09_12_22_26_06_415.jpg,0,1,0,30.19028
D:\ML Projects\Deep Learning\Self Drive\IMG\center_2026_09_12_22_26_06_532.jpg,D:\ML Projects\Deep Learning\Self Drive\IMG\left_2026_09_12_22_26_06_532.jpg,D:\ML Projects\Deep Learning\Self Drive\IMG\right_2026_09_12_22_26_06_532.jpg,0,1,0,30.19032
D:\ML Projects\Deep Learning\Self Drive\IMG\center_2026_09_12_22_26_06_638.jpg,D:\ML Projects\Deep Learning\Self Drive\IMG\left_2026_09_12_22_26_06_638.jpg,D:\ML Projects\Deep Learning\Self Drive\IMG\right_2026_09_12_22_26_06_638.jpg,0,1,0,30.19031
D:\ML Projects\Deep Learning\Self Drive\IMG\center_2026_09_12_22_26_06_745.jpg,D:\ML Projects\Deep Learning\Self Drive\IMG\left_2026_09_12_22_26_06_745.jpg,D:\ML Projects\Deep Learning\Self Drive\IMG\right_2026_09_12_22_26_06_745.jpg,0,1,0,30.19029
D:\ML Projects\Deep Learning\Self Drive\IMG\center_2026_09_12_22_26_06_879.jpg,D:\ML Projects\Deep Learning\Self Drive\IMG\left_2026_09_12_22_26_06_879.jpg,D:\ML Projects\Deep Learning\Self Drive\IMG\right_2026_09_12_22_26_06_879.jpg,0,1,0,30.19028
D:\ML Projects\Deep Learning\Self Drive\IMG\center_2026_09_12_22_26_06_996.jpg,D:\ML Projects\Deep Learning\Self Drive\IMG\left_2026_09_12_22_26_06_996.jpg,D:\ML Projects\Deep Learning\Self Drive\IMG\right_2026_09_12_22_26_06_996.jpg,0,1,0,30.19034
D:\ML Projects\Deep Learning\Self Drive\IMG\center_2026_09_12_22_26_07_068.jpg,D:\ML Projects\Deep Learning\Self Drive\IMG\left_2026_09_12_22_26_07_068.jpg,D:\ML Projects\Deep Learning\Self Drive\IMG\right_2026_09_12_22_26_07_068.jpg,0,1,0,30.19016
D:\ML Projects\Deep Learning\Self Drive\IMG\center_2026_09_12_22_26_07_192.jpg,D:\ML Projects\Deep Learning\Self Drive\IMG\left_2026_09_12_22_26_07_192.jpg,D:\ML Projects\Deep Learning\Self Drive\IMG\right_2026_09_12_22_26_07_192.jpg,0,1,0,30.19028
D:\ML Projects\Deep Learning\Self Drive\IMG\center_2026_09_12_22_26_07_325.jpg,D:\ML Projects\Deep Learning\Self Drive\IMG\left_2026_09_12_22_26_07_325.jpg,D:\ML Projects\Deep Learning\Self Drive\IMG\right_2026_09_12_22_26_07_325.jpg,0,1,0,30.1903
D:\ML Projects\Deep Learning\Self Drive\IMG\center_2026_09_12_22_26_07_464.jpg,D:\ML Projects\Deep Learning\Self Drive\IMG\left_2026_09_12_22_26_07_464.jpg,D:\ML Projects\Deep Learning\Self Drive\IMG\right_2026_09_12_22_26_07_464.jpg,0,1,0,30.19031
D:\ML Projects\Deep Learning\Self Drive\IMG\center_2026_09_12_22_26_07_534.jpg,D:\ML Projects\Deep Learning\Self Drive\IMG\left_2026_09_12_22_26_07_534.jpg,D:\ML Projects\Deep Learning\Self Drive\IMG\right_2026_09_12_22_26_07_534.jpg,0,1,0,30.1903
D:\ML Projects\Deep Learning\Self Drive\IMG\center_2026_09_12_22_26_07_607.jpg,D:\ML Projects\Deep Learning\Self Drive\IMG\left_2026_09_12_22_26_07_607.jpg,D:\ML Projects\Deep Learning\Self Drive\IMG\right_2026_09_12_22_26_07_607.jpg,-0.2,1,0,30.17984
D:\ML Projects\Deep Learning\Self Drive\IMG\center_2026_09_12_22_26_07_678.jpg,D:\ML Projects\Deep Learning\Self Drive\IMG\left_2026_09_12_22_26_07_678.jpg,D:\ML Projects\Deep Learning\Self Drive\IMG\right_2026_09_12_22_26_07_678.jpg,0,1,0,30.1903
D:\ML Projects\Deep Learning\Self Drive\IMG\center_2026_09_12_22_26_07_755.jpg,D:\ML Projects\Deep Learning\Self Drive\IMG\left_2026_09_12_22_26_07_755.jpg,D:\ML Projects\Deep Learning\Self Drive\IMG\right_2026_09_12_22_26_07_755.jpg,0,1,0,30.19025
D:\ML Projects\Deep Learning\Self Drive\IMG\center_2026_09_12_22_26_07_859.jpg,D:\ML Projects\Deep Learning\Self Drive\IMG\left_2026_09_12_22_26_07_859.jpg,D:\ML Projects\Deep Learning\Self Drive\IMG\right_2026_09_12_22_26_07_859.jpg,0,1,0,30.1903
D:\ML Projects\Deep Learning\Self Drive\IMG\center_2026_09_12_22_26_07_958.jpg,D:\ML Projects\Deep Learning\Self Drive\IMG\left_2026_09_12_22_26_07_958.jpg,D:\ML Projects\Deep Learning\Self Drive\IMG\right_2026_09_12_22_26_07_958.jpg,0,1,0,30.19031
D:\ML Projects\Deep Learning\Self Drive\IMG\center_2026_09_12_22_26_08_062.jpg,D:\ML Projects\Deep Learning\Self Drive\IMG\left_2026_09_12_22_26_08_062.jpg,D:\ML Projects\Deep Learning\Self Drive\IMG\right_2026_09_12_22_26_08_062.jpg,-0.25,1,0,30.17494
D:\ML Projects\Deep Learning\Self Drive\IMG\center_2026_09_12_22_26_08_159.jpg,D:\ML Projects\Deep Learning\Self Drive\IMG\left_2026_09_12_22_26_08_159.jpg,D:\ML Projects\Deep Learning\Self Drive\IMG\right_2026_09_12_22_26_08_159.jpg,0,1,0,30.18998
D:\ML Projects\Deep Learning\Self Drive\IMG\center_2026_09_12_22_26_08_249.jpg,D:\ML Projects\Deep Learning\Self Drive\IMG\left_2026_09_12_22_26_08_249.jpg,D:\ML Projects\Deep Learning\Self Drive\IMG\right_2026_09_12_22_26_08_249.jpg,-0.2,1,0,30.182
D:\ML Projects\Deep Learning\Self Drive\IMG\center_2026_09_12_22_26_08_317.jpg,D:\ML Projects\Deep Learning\Self Drive\IMG\left_2026_09_12_22_26_08_317.jpg,D:\ML Projects\Deep Learning\Self Drive\IMG\right_2026_09_12_22_26_08_317.jpg,-0.4,1,0,30.1594
D:\ML Projects\Deep Learning\Self Drive\IMG\center_2026_09_12_22_26_08_453.jpg,D:\ML Projects\Deep Learning\Self Drive\IMG\left_2026_09_12_22_26_08_453.jpg,D:\ML Projects\Deep Learning\Self Drive\IMG\right_2026_09_12_22_26_08_453.jpg,0,1,0,30.18983
D:\ML Projects\Deep Learning\Self Drive\IMG\center_2026_09_12_22_26_08_561.jpg,D:\ML Projects\Deep Learning\Self Drive\IMG\left_2026_09_12_22_26_08_561.jpg,D:\ML Projects\Deep Learning\Self Drive\IMG\right_2026_09_12_22_26_08_561.jpg,0,1,0,30.19027
D:\ML Projects\Deep Learning\Self Drive\IMG\center_2026_09_12_22_26_08_664.jpg,D:\ML Projects\Deep Learning\Self Drive\IMG\left_2026_09_12_22_26_08_664.jpg,D:\ML Projects\Deep Learning\Self Drive\IMG\right_2026_09_12_22_26_08_664.jpg,0,1,0,30.19032
D:\ML Projects\Deep Learning\Self Drive\IMG\center_2026_09_12_22_26_08_764.jpg,D:\ML Projects\Deep Learning\Self Drive\IMG\left_2026_09_12_22_26_08_764.jpg,D:\ML Projects\Deep Learning\Self Drive\IMG\right_2026_09_12_22_26_08_764.jpg,0,1,0,30.19026
D:\ML Projects\Deep Learning\Self Drive\IMG\center_2026_09_12_22_26_08_870.jpg,D:\ML Projects\Deep Learning\Self Drive\IMG\left_2026_09_12_22_26_08_870.jpg,D:\ML Projects\Deep Learning\Self Drive\IMG\right_2026_09_12_22_26_08_870.jpg,0,1,0,30.19033
D:\ML Projects\Deep Learning\Self Drive\IMG\center_2026_09_12_22_26_08_967.jpg,D:\ML Projects\Deep Learning\Self Drive\IMG\left_2026_09_12_22_26_08_967.jpg,D:\ML Projects\Deep Learning\Self Drive\IMG\right_2026_09_12_22_26_08_967.jpg,0,1,0,30.19028
D:\ML Projects\Deep Learning\Self Drive\IMG\center_2026_09_12_22_26_09_089.jpg,D:\ML Projects\Deep Learning\Self Drive\IMG\left_2026_09_12_22_26_09_089.jpg,D:\ML Projects\Deep Learning\Self Drive\IMG\right_2026_09_12_22_26_09_089.jpg,0,1,0,30.1903
D:\ML Projects\Deep Learning\Self Drive\IMG\center_2026_09_12_22_26_09_193.jpg,D:\ML Projects\Deep Learning\Self Drive\IMG\left_2026_09_12_22_26_09_193.jpg,D:\ML Projects\Deep Learning\Self Drive\IMG\right_2026_09_12_22_26_09_193.jpg,0,1,0,30.1903
D:\ML Projects\Deep Learning\Self Drive\IMG\center_2026_09_12_22_26_09_300.jpg,D:\ML Projects\Deep Learning\Self Drive\IMG\left_2026_09_12_22_26_09_300.jpg,D:\ML Projects\Deep Learning\Self Drive\IMG\right_2026_09_12_22_26_09_300.jpg,0,1,0,30.19031
D:\ML Projects\Deep Learning\Self Drive\IMG\center_2026_09_12_22_26_09_409.jpg,D:\ML Projects\Deep Learning\Self Drive\IMG\left_2026_09_12_22_26_09_409.jpg,D:\ML Projects\Deep Learning\Self Drive\IMG\right_2026_09_12_22_26_09_409.jpg,0,1,0,30.19028
D:\ML Projects\Deep Learning\Self Drive\IMG\center_2026_09_12_22_26_09_519.jpg,D:\ML Projects\Deep Learning\Self Drive\IMG\left_2026_09_12_22_26_09_519.jpg,D:\ML Projects\Deep Learning\Self Drive\IMG\right_2026_09_12_22_26_09_519.jpg,0,1,0,30.19031
D:\ML Projects\Deep Learning\Self Drive\IMG\center_2026_09_12_22_26_09_623.jpg,D:\ML Projects\Deep Learning\Self Drive\IMG\left_2026_09_12_22_26_09_623.jpg,D:\ML Projects\Deep Learning\Self Drive\IMG\right_2026_09_12_22_26_09_623.jpg,-0.15,1,0,30.18421
D:\ML Projects\Deep Learning\Self Drive\IMG\center_2026_09_12_22_26_09_744.jpg,D:\ML Projects\Deep Learning\Self Drive\IMG\left_2026_09_12_22_26_09_744.jpg,D:\ML Projects\Deep Learning\Self Drive\IMG\right_2026_09_12_22_26_09_744.jpg,0,1,0,30.1903
D:\ML Projects\Deep Learning\Self Drive\IMG\center_2026_09_12_22_26_09_868.jpg,D:\ML Projects\Deep Learning\Self Drive\IMG\left_2026_09_12_22_26_09_868.jpg,D:\ML Projects\Deep Learning\Self Drive\IMG\right_2026_09_12_22_26_09_868.jpg,0,1,0,30.1903
D:\ML Projects\Deep Learning\Self Drive\IMG\center_2026_09_12_22_26_09_993.jpg,D:\ML Projects\Deep Learning\Self Drive\IMG\left_2026_09_12_22_26_09_993.jpg,D:\ML Projects\Deep Learning\Self Drive\IMG\right_2026_09_12_22_26_09_993.jpg,0,1,0,30.1903
D:\ML Projects\Deep Learning\Self Drive\IMG\center_2026_09_12_22_26_10_076.jpg,D:\ML Projects\Deep Learning\Self Drive\IMG\left_2026_09_12_22_26_10_076.jpg,D:\ML Projects\Deep Learning\Self Drive\IMG\right_2026_09_12_22_26_10_076.jpg,0,1,0,30.19028
D:\ML Projects\Deep Learning\Self Drive\IMG\center_2026_09_12_22_26_10_145.jpg,D:\ML Projects\Deep Learning\Self Drive\IMG\left_2026_09_12_22_26_10_145.jpg,D:\ML Projects\Deep Learning\Self Drive\IMG\right_2026_09_12_22_26_10_145.jpg,0,1,0,30.19031
D:\ML Projects\Deep Learning\Self Drive\IMG\center_2026_09_12_22_26_10_276.jpg,D:\ML Projects\Deep Learning\Self Drive\IMG\left_2026_09_12_22_26_10_276.jpg,D:\ML Projects\Deep Learning\Self Drive\IMG\right_2026_09_12_22_26_10_276.jpg,-0.2,1,0,30.15532
D:\ML Projects\Deep Learning\Self Drive\IMG\center_2026_09_12_22_26_10_402.jpg,D:\ML Projects\Deep Learning\Self Drive\IMG\left_2026_09_12_22_26_10_402.jpg,D:\ML Projects\Deep Learning\Self Drive\IMG\right_2026_09_12_22_26_10_402.jpg,0,1,0,30.41915
D:\ML Projects\Deep Learning\Self Drive\IMG\center_2026_09_12_22_26_10_473.jpg,D:\ML Projects\Deep Learning\Self Drive\IMG\left_2026_09_12_22_26_10_473.jpg,D:\ML Projects\Deep Learning\Self Drive\IMG\right_2026_09_12_22_26_10_473.jpg,0,1,0,30.12695
D:\ML Projects\Deep Learning\Self Drive\IMG\center_2026_09_12_22_26_10_602.jpg,D:\ML Projects\Deep Learning\Self Drive\IMG\left_2026_09_12_22_26_10_602.jpg,D:\ML Projects\Deep Learning\Self Drive\IMG\right_2026_09_12_22_26_10_602.jpg,0,1,0,30.18929
D:\ML Projects\Deep Learning\Self Drive\IMG\center_2026_09_12_22_26_10_671.jpg,D:\ML Projects\Deep Learning\Self Drive\IMG\left_2026_09_12_22_26_10_671.jpg,D:\ML Projects\Deep Learning\Self Drive\IMG\right_2026_09_12_22_26_10_671.jpg,0,1,0,30.18995
D:\ML Projects\Deep Learning\Self Drive\IMG\center_2026_09_12_22_26_10_805.jpg,D:\ML Projects\Deep Learning\Self Drive\IMG\left_2026_09_12_22_26_10_805.jpg,D:\ML Projects\Deep Learning\Self Drive\IMG\right_2026_09_12_22_26_10_805.jpg,0,1,0,30.19006
D:\ML Projects\Deep Learning\Self Drive\IMG\center_2026_09_12_22_26_10_942.jpg,D:\ML Projects\Deep Learning\Self Drive\IMG\left_2026_09_12_22_26_10_942.jpg,D:\ML Projects\Deep Learning\Self Drive\IMG\right_2026_09_12_22_26_10_942.jpg,0,1,0,30.18999
D:\ML Projects\Deep Learning\Self Drive\IMG\center_2026_09_12_22_26_11_076.jpg,D:\ML Projects\Deep Learning\Self Drive\IMG\left_2026_09_12_22_26_11_076.jpg,D:\ML Projects\Deep Learning\Self Drive\IMG\right_2026_09_12_22_26_11_076.jpg,0,1,0,30.19001
D:\ML Projects\Deep Learning\Self Drive\IMG\center_2026_09_12_22_26_11_202.jpg,D:\ML Projects\Deep Learning\Self Drive\IMG\left_2026_09_12_22_26_11_202.jpg,D:\ML Projects\Deep Learning\Self Drive\IMG\right_2026_09_12_22_26_11_202.jpg,0,1,0,30.18994
D:\ML Projects\Deep Learning\Self Drive\IMG\center_2026_09_12_22_26_11_313.jpg,D:\ML Projects\Deep Learning\Self Drive\IMG\left_2026_09_12_22_26_11_313.jpg,D:\ML Projects\Deep Learning\Self Drive\IMG\right_2026_09_12_22_26_11_313.jpg,0,1,0,30.18996
D:\ML Projects\Deep Learning\Self Drive\IMG\center_2026_09_12_22_26_11_423.jpg,D:\ML Projects\Deep Learning\Self Drive\IMG\left_2026_09_12_22_26_11_423.jpg,D:\ML Projects\Deep Learning\Self Drive\IMG\right_2026_09_12_22_26_11_423.jpg,0,1,0,30.18997
D:\ML Projects\Deep Learning\Self Drive\IMG\center_2026_09_12_22_26_11_529.jpg,D:\ML Projects\Deep Learning\Self Drive\IMG\left_2026_09_12_22_26_11_529.jpg,D:\ML Projects\Deep Learning\Self Drive\IMG\right_2026_09_12_22_26_11_529.jpg,0,1,0,30.18996
D:\ML Projects\Deep Learning\Self Drive\IMG\center_2026_09_12_22_26_11_635.jpg,D:\ML Projects\Deep Learning\Self Drive\IMG\left_2026_09_12_22_26_11_635.jpg,D:\ML Projects\Deep Learning\Self Drive\IMG\right_2026_09_12_22_26_11_635.jpg,0,1,0,30.18998
D:\ML Projects\Deep Learning\Self Drive\IMG\center_2026_09_12_22_26_11_744.jpg,D:\ML Projects\Deep Learning\Self Drive\IMG\left_2026_09_12_22_26_11_744.jpg,D:\ML Projects\Deep Learning\Self Drive\IMG\right_2026_09_12_22_26_11_744.jpg,0,1,0,30.18996
D:\ML Projects\Deep Learning\Self Drive\IMG\center_2026_09_12_22_26_11_850.jpg,D:\ML Projects\Deep Learning\Self Drive\IMG\left_2026_09_12_22_26_11_850.jpg,D:\ML Projects\Deep Learning\Self Drive\IMG\right_2026_09_12_22_26_11_850.jpg,0,1,0,30.18998
D:\ML Projects\Deep Learning\Self Drive\IMG\center_2026_09_12_22_26_11_960.jpg,D:\ML Projects\Deep Learning\Self Drive\IMG\left_2026_09_12_22_26_11_960.jpg,D:\ML Projects\Deep Learning\Self Drive\IMG\right_2026_09_12_22_26_11_960.jpg,0,1,0,30.18995
D:\ML Projects\Deep Learning\Self Drive\IMG\center_2026_09_12_22_26_12_098.jpg,D:\ML Projects\Deep Learning\Self Drive\IMG\left_2026_09_12_22_26_12_098.jpg,D:\ML Projects\Deep Learning\Self Drive\IMG\right_2026_09_12_22_26_12_098.jpg,0,1,0,30.18998
D:\ML Projects\Deep Learning\Self Drive\IMG\center_2026_09_12_22_26_12_211.jpg,D:\ML Projects\Deep Learning\Self Drive\IMG\left_2026_09_12_22_26_12_211.jpg,D:\ML Projects\Deep Learning\Self Drive\IMG\right_2026_09_12_22_26_12_211.jpg,0,1,0,30.18995
D:\ML Projects\Deep Learning\Self Drive\IMG\center_2026_09_12_22_26_12_327.jpg,D:\ML Projects\Deep Learning\Self Drive\IMG\left_2026_09_12_22_26_12_327.jpg,D:\ML Projects\Deep Learning\Self Drive\IMG\right_2026_09_12_22_26_12_327.jpg,0,1,0,30.18996
D:\ML Projects\Deep Learning\Self Drive\IMG\center_2026_09_12_22_26_12_437.jpg,D:\ML Projects\Deep Learning\Self Drive\IMG\left_2026_09_12_22_26_12_437.jpg,D:\ML Projects\Deep Learning\Self Drive\IMG\right_2026_09_12_22_26_12_437.jpg,0,1,0,30.18998
D:\ML Projects\Deep Learning\Self Drive\IMG\center_2026_09_12_22_26_12_554.jpg,D:\ML Projects\Deep Learning\Self Drive\IMG\left_2026_09_12_22_26_12_554.jpg,D:\ML Projects\Deep Learning\Self Drive\IMG\right_2026_09_12_22_26_12_554.jpg,0,1,0,30.18997
D:\ML Projects\Deep Learning\Self Drive\IMG\center_2026_09_12_22_26_12_674.jpg,D:\ML Projects\Deep Learning\Self Drive\IMG\left_2026_09_12_22_26_12_674.jpg,D:\ML Projects\Deep Learning\Self Drive\IMG\right_2026_09_12_22_26_12_674.jpg,0,1,0,30.18996
D:\ML Projects\Deep Learning\Self Drive\IMG\center_2026_09_12_22_26_12_792.jpg,D:\ML Projects\Deep Learning\Self Drive\IMG\left_2026_09_12_22_26_12_792.jpg,D:\ML Projects\Deep Learning\Self Drive\IMG\right_2026_09_12_22_26_12_792.jpg,0,1,0,30.18997
D:\ML Projects\Deep Learning\Self Drive\IMG\center_2026_09_12_22_26_12_908.jpg,D:\ML Projects\Deep Learning\Self Drive\IMG\left_2026_09_12_22_26_12_908.jpg,D:\ML Projects\Deep Learning\Self Drive\IMG\right_2026_09_12_22_26_12_908.jpg,0,1,0,30.18999
D:\ML Projects\Deep Learning\Self Drive\IMG\center_2026_09_12_22_26_13_033.jpg,D:\ML Projects\Deep Learning\Self Drive\IMG\left_2026_09_12_22_26_13_033.jpg,D:\ML Projects\Deep Learning\Self Drive\IMG\right_2026_09_12_22_26_13_033.jpg,0,1,0,30.18996
D:\ML Projects\Deep Learning\Self Drive\IMG\center_2026_09_12_22_26_13_116.jpg,D:\ML Projects\Deep Learning\Self Drive\IMG\left_2026_09_12_22_26_13_116.jpg,D:\ML Projects\Deep Learning\Self Drive\IMG\right_2026_09_12_22_26_13_116.jpg,0,1,0,30.18998
D:\ML Projects\Deep Learning\Self Drive\IMG\center_2026_09_12_22_26_13_239.jpg,D:\ML Projects\Deep Learning\Self Drive\IMG\left_2026_09_12_22_26_13_239.jpg,D:\ML Projects\Deep Learning\Self Drive\IMG\right_2026_09_12_22_26_13_239.jpg,0,1,0,30.18998
D:\ML Projects\Deep Learning\Self Drive\IMG\center_2026_09_12_22_26_13_367.jpg,D:\ML Projects\Deep Learning\Self Drive\IMG\left_2026_09_12_22_26_13_367.jpg,D:\ML Projects\Deep Learning\Self Drive\IMG\right_2026_09_12_22_26_13_367.jpg,0,1,0,30.18999
D:\ML Projects\Deep Learning\Self Drive\IMG\center_2026_09_12_22_26_13_491.jpg,D:\ML Projects\Deep Learning\Self Drive\IMG\left_2026_09_12_22_26_13_491.jpg,D:\ML Projects\Deep Learning\Self Drive\IMG\right_2026_09_12_22_26_13_491.jpg,0,1,0,30.18997
D:\ML Projects\Deep Learning\Self Drive\IMG\center_2026_09_12_22_26_13_610.jpg,D:\ML Projects\Deep Learning\Self Drive\IMG\left_2026_09_12_22_26_13_610.jpg,D:\ML Projects\Deep Learning\Self Drive\IMG\right_2026_09_12_22_26_13_610.jpg,0,1,0,30.18994
D:\ML Projects\Deep Learning\Self Drive\IMG\center_2026_09_12_22_26_13_735.jpg,D:\ML Projects\Deep Learning\Self Drive\IMG\left_2026_09_12_22_26_13_735.jpg,D:\ML Projects\Deep Learning\Self Drive\IMG\right_2026_09_12_22_26_13_735.jpg,0,1,0,30.18998
D:\ML Projects\Deep Learning\Self Drive\IMG\center_2026_09_12_22_26_13_803.jpg,D:\ML Projects\Deep Learning\Self Drive\IMG\left_2026_09_12_22_26_13_803.jpg,D:\ML Projects\Deep Learning\Self Drive\IMG\right_2026_09_12_22_26_13_803.jpg,0,1,0,30.18995
D:\ML Projects\Deep Learning\Self Drive\IMG\center_2026_09_12_22_26_13_870.jpg,D:\ML Projects\Deep Learning\Self Drive\IMG\left_2026_09_12_22_26_13_870.jpg,D:\ML Projects\Deep Learning\Self Drive\IMG\right_2026_09_12_22_26_13_870.jpg,0,1,0,30.18998
D:\ML Projects\Deep Learning\Self Drive\IMG\center_2026_09_12_22_26_14_003.jpg,D:\ML Projects\Deep Learning\Self Drive\IMG\left_2026_09_12_22_26_14_003.jpg,D:\ML Projects\Deep Learning\Self Drive\IMG\right_2026_09_12_22_26_14_003.jpg,0,1,0,30.18997
D:\ML Projects\Deep Learning\Self Drive\IMG\center_2026_09_12_22_26_14_083.jpg,D:\ML Projects\Deep Learning\Self Drive\IMG\left_2026_09_12_22_26_14_083.jpg,D:\ML Projects\Deep Learning\Self Drive\IMG\right_2026_09_12_22_26_14_083.jpg,0,1,0,30.18997
D:\ML Projects\Deep Learning\Self Drive\IMG\center_2026_09_12_22_26_14_158.jpg,D:\ML Projects\Deep Learning\Self Drive\IMG\left_2026_09_12_22_26_14_158.jpg,D:\ML Projects\Deep Learning\Self Drive\IMG\right_2026_09_12_22_26_14_158.jpg,0,1,0,30.18998
D:\ML Projects\Deep Learning\Self Drive\IMG\center_2026_09_12_22_26_14_280.jpg,D:\ML Projects\Deep Learning\Self Drive\IMG\left_2026_09_12_22_26_14_280.jpg,D:\ML Projects\Deep Learning\Self Drive\IMG\right_2026_09_12_22_26_14_280.jpg,0,1,0,30.18998
D:\ML Projects\Deep Learning\Self Drive\IMG\center_2026_09_12_22_26_14_409.jpg,D:\ML Projects\Deep Learning\Self Drive\IMG\left_2026_09_12_22_26_14_409.jpg,D:\ML Projects\Deep Learning\Self Drive\IMG\right_2026_09_12_22_26_14_409.jpg,0,1,0,30.18994
D:\ML Projects\Deep Learning\Self Drive\IMG\center_2026_09_12_22_26_14_536.jpg,D:\ML Projects\Deep Learning\Self Drive\IMG\left_2026_09_12_22_26_14_536.jpg,D:\ML Projects\Deep Learning\Self Drive\IMG\right_2026_09_12_22_26_14_536.jpg,0,1,0,30.18997
D:\ML Projects\Deep Learning\Self Drive\IMG\center_2026_09_12_22_26_14_604.jpg,D:\ML Projects\Deep Learning\Self Drive\IMG\left_2026_09_12_22_26_14_604.jpg,D:\ML Projects\Deep Learning\Self Drive\IMG\right_2026_09_12_22_26_14_604.jpg,0,1,0,30.18995
D:\ML Projects\Deep Learning\Self Drive\IMG\center_2026_09_12_22_26_14_729.jpg,D:\ML Projects\Deep Learning\Self Drive\IMG\left_2026_09_12_22_26_14_729.jpg,D:\ML Projects\Deep Learning\Self Drive\IMG\right_2026_09_12_22_26_14_729.jpg,0,1,0,30.18997
D:\ML Projects\Deep Learning\Self Drive\IMG\center_2026_09_12_22_26_14_854.jpg,D:\ML Projects\Deep Learning\Self Drive\IMG\left_2026_09_12_22_26_14_854.jpg,D:\ML Projects\Deep Learning\Self Drive\IMG\right_2026_09_12_22_26_14_854.jpg,0,1,0,30.18995
D:\ML Projects\Deep Learning\Self Drive\IMG\center_2026_09_12_22_26_14_986.jpg,D:\ML Projects\Deep Learning\Self Drive\IMG\left_2026_09_12_22_26_14_986.jpg,D:\ML Projects\Deep Learning\Self Drive\IMG\right_2026_09_12_22_26_14_986.jpg,0,1,0,30.18995
D:\ML Projects\Deep Learning\Self Drive\IMG\center_2026_09_12_22_26_15_056.jpg,D:\ML Projects\Deep Learning\Self Drive\IMG\left_2026_09_12_22_26_15_056.jpg,D:\ML Projects\Deep Learning\Self Drive\IMG\right_2026_09_12_22_26_15_056.jpg,0,1,0,30.18993
D:\ML Projects\Deep Learning\Self Drive\IMG\center_2026_09_12_22_26_15_138.jpg,D:\ML Projects\Deep Learning\Self Drive\IMG\left_2026_09_12_22_26_15_138.jpg,D:\ML Projects\Deep Learning\Self Drive\IMG\right_2026_09_12_22_26_15_138.jpg,0,1,0,30.18995
D:\ML Projects\Deep Learning\Self Drive\IMG\center_2026_09_12_22_26_15_268.jpg,D:\ML Projects\Deep Learning\Self Drive\IMG\left_2026_09_12_22_26_15_268.jpg,D:\ML Projects\Deep Learning\Self Drive\IMG\right_2026_09_12_22_26_15_268.jpg,0,1,0,30.18995
D:\ML Projects\Deep Learning\Self Drive\IMG\center_2026_09_12_22_26_15_398.jpg,D:\ML Projects\Deep Learning\Self Drive\IMG\left_2026_09_12_22_26_15_398.jpg,D:\ML Projects\Deep Learning\Self Drive\IMG\right_2026_09_12_22_26_15_398.jpg,0,1,0,30.18994
D:\ML Projects\Deep Learning\Self Drive\IMG\center_2026_09_12_22_26_15_467.jpg,D:\ML Projects\Deep Learning\Self Drive\IMG\left_2026_09_12_22_26_15_467.jpg,D:\ML Projects\Deep Learning\Self Drive\IMG\right_2026_09_12_22_26_15_467.jpg,0,1,0,30.18998
D:\ML Projects\Deep Learning\Self Drive\IMG\center_2026_09_12_22_26_15_594.jpg,D:\ML Projects\Deep Learning\Self Drive\IMG\left_2026_09_12_22_26_15_594.jpg,D:\ML Projects\Deep Learning\Self Drive\IMG\right_2026_09_12_22_26_15_594.jpg,0,1,0,30.18995
D:\ML Projects\Deep Learning\Self Drive\IMG\center_2026_09_12_22_26_15_726.jpg,D:\ML Projects\Deep Learning\Self Drive\IMG\left_2026_09_12_22_26_15_726.jpg,D:\ML Projects\Deep Learning\Self Drive\IMG\right_2026_09_12_22_26_15_726.jpg,0,1,0,30.18994
D:\ML Projects\Deep Learning\Self Drive\IMG\center_2026_09_12_22_26_15_792.jpg,D:\ML Projects\Deep Learning\Self Drive\IMG\left_2026_09_12_22_26_15_792.jpg,D:\ML Projects\Deep Learning\Self Drive\IMG\right_2026_09_12_22_26_15_792.jpg,0,1,0,30.18995
D:\ML Projects\Deep Learning\Self Drive\IMG\center_2026_09_12_22_26_15_862.jpg,D:\ML Projects\Deep Learning\Self Drive\IMG\left_2026_09_12_22_26_15_862.jpg,D:\ML Projects\Deep Learning\Self Drive\IMG\right_2026_09_12_22_26_15_862.jpg,0,1,0,30.18996
D:\ML Projects\Deep Learning\Self Drive\IMG\center_2026_09_12_22_26_15_999.jpg,D:\ML Projects\Deep Learning\Self Drive\IMG\left_2026_09_12_22_26_15_999.jpg,D:\ML Projects\Deep Learning\Self Drive\IMG\right_2026_09_12_22_26_15_999.jpg,0,1,0,30.19
D:\ML Projects\Deep Learning\Self Drive\IMG\center_2026_09_12_22_26_16_069.jpg,D:\ML Projects\Deep Learning\Self Drive\IMG\left_2026_09_12_22_26_16_069.jpg,D:\ML Projects\Deep Learning\Self Drive\IMG\right_2026_09_12_22_26_16_069.jpg,0,1,0,30.18995
D:\ML Projects\Deep Learning\Self Drive\IMG\center_2026_09_12_22_26_16_161.jpg,D:\ML Projects\Deep Learning\Self Drive\IMG\left_2026_09_12_22_26_16_161.jpg,D:\ML Projects\Deep Learning\Self Drive\IMG\right_2026_09_12_22_26_16_161.jpg,0,1,0,30.18998
D:\ML Projects\Deep Learning\Self Drive\IMG\center_2026_09_12_22_26_16_237.jpg,D:\ML Projects\Deep Learning\Self Drive\IMG\left_2026_09_12_22_26_16_237.jpg,D:\ML Projects\Deep Learning\Self Drive\IMG\right_2026_09_12_22_26_16_237.jpg,0,1,0,30.18998
D:\ML Projects\Deep Learning\Self Drive\IMG\center_2026_09_12_22_26_16_312.jpg,D:\ML Projects\Deep Learning\Self Drive\IMG\left_2026_09_12_22_26_16_312.jpg,D:\ML Projects\Deep Learning\Self Drive\IMG\right_2026_09_12_22_26_16_312.jpg,0,1,0,30.18996
D:\ML Projects\Deep Learning\Self Drive\IMG\center_2026_09_12_22_26_16_386.jpg,D:\ML Projects\Deep Learning\Self Drive\IMG\left_2026_09_12_22_26_16_386.jpg,D:\ML Projects\Deep Learning\Self Drive\IMG\right_2026_09_12_22_26_16_386.jpg,0,1,0,30.18995
D:\ML Projects\Deep Learning\Self Drive\IMG\center_2026_09_12_22_26_16_455.jpg,D:\ML Projects\Deep Learning\Self Drive\IMG\left_2026_09_12_22_26_16_455.jpg,D:\ML Projects\Deep Learning\Self Drive\IMG\right_2026_09_12_22_26_16_455.jpg,0,1,0,30.18996
D:\ML Projects\Deep Learning\Self Drive\IMG\center_2026_09_12_22_26_16_590.jpg,D:\ML Projects\Deep Learning\Self Drive\IMG\left_2026_09_12_22_26_16_590.jpg,D:\ML Projects\Deep Learning\Self Drive\IMG\right_2026_09_12_22_26_16_590.jpg,0,1,0,30.18998
D:\ML Projects\Deep Learning\Self Drive\IMG\center_2026_09_12_22_26_16_722.jpg,D:\ML Projects\Deep Learning\Self Drive\IMG\left_2026_09_12_22_26_16_722.jpg,D:\ML Projects\Deep Learning\Self Drive\IMG\right_2026_09_12_22_26_16_722.jpg,0,1,0,30.18995
D:\ML Projects\Deep Learning\Self Drive\IMG\center_2026_09_12_22_26_16_849.jpg,D:\ML Projects\Deep Learning\Self Drive\IMG\left_2026_09_12_22_26_16_849.jpg,D:\ML Projects\Deep Learning\Self Drive\IMG\right_2026_09_12_22_26_16_849.jpg,0,1,0,30.18998
D:\ML Projects\Deep Learning\Self Drive\IMG\center_2026_09_12_22_26_16_983.jpg,D:\ML Projects\Deep Learning\Self Drive\IMG\left_2026_09_12_22_26_16_983.jpg,D:\ML Projects\Deep Learning\Self Drive\IMG\right_2026_09_12_22_26_16_983.jpg,0,1,0,30.18995
D:\ML Projects\Deep Learning\Self Drive\IMG\center_2026_09_12_22_26_17_051.jpg,D:\ML Projects\Deep Learning\Self Drive\IMG\left_2026_09_12_22_26_17_051.jpg,D:\ML Projects\Deep Learning\Self Drive\IMG\right_2026_09_12_22_26_17_051.jpg,0,1,0,30.18999
D:\ML Projects\Deep Learning\Self Drive\IMG\center_2026_09_12_22_26_17_137.jpg,D:\ML Projects\Deep Learning\Self Drive\IMG\left_2026_09_12_22_26_17_137.jpg,D:\ML Projects\Deep Learning\Self Drive\IMG\right_2026_09_12_22_26_17_137.jpg,0,1,0,30.18995
D:\ML Projects\Deep Learning\Self Drive\IMG\center_2026_09_12_22_26_17_269.jpg,D:\ML Projects\Deep Learning\Self Drive\IMG\left_2026_09_12_22_26_17_269.jpg,D:\ML Projects\Deep Learning\Self Drive\IMG\right_2026_09_12_22_26_17_269.jpg,0,1,0,30.18993
D:\ML Projects\Deep Learning\Self Drive\IMG\center_2026_09_12_22_26_17_341.jpg,D:\ML Projects\Deep Learning\Self Drive\IMG\left_2026_09_12_22_26_17_341.jpg,D:\ML Projects\Deep Learning\Self Drive\IMG\right_2026_09_12_22_26_17_341.jpg,0,1,0,30.18995
D:\ML Projects\Deep Learning\Self Drive\IMG\center_2026_09_12_22_26_17_411.jpg,D:\ML Projects\Deep Learning\Self Drive\IMG\left_2026_09_12_22_26_17_411.jpg,D:\ML Projects\Deep Learning\Self Drive\IMG\right_2026_09_12_22_26_17_411.jpg,0,1,0,30.18999
D:\ML Projects\Deep Learning\Self Drive\IMG\center_2026_09_12_22_26_17_485.jpg,D:\ML Projects\Deep Learning\Self Drive\IMG\left_2026_09_12_22_26_17_485.jpg,D:\ML Projects\Deep Learning\Self Drive\IMG\right_2026_09_12_22_26_17_485.jpg,0,1,0,30.18996
D:\ML Projects\Deep Learning\Self Drive\IMG\center_2026_09_12_22_26_17_558.jpg,D:\ML Projects\Deep Learning\Self Drive\IMG\left_2026_09_12_22_26_17_558.jpg,D:\ML Projects\Deep Learning\Self Drive\IMG\right_2026_09_12_22_26_17_558.jpg,0,1,0,30.18996
D:\ML Projects\Deep Learning\Self Drive\IMG\center_2026_09_12_22_26_17_627.jpg,D:\ML Projects\Deep Learning\Self Drive\IMG\left_2026_09_12_22_26_17_627.jpg,D:\ML Projects\Deep Learning\Self Drive\IMG\right_2026_09_12_22_26_17_627.jpg,0,1,0,30.18995
D:\ML Projects\Deep Learning\Self Drive\IMG\center_2026_09_12_22_26_17_699.jpg,D:\ML Projects\Deep Learning\Self Drive\IMG\left_2026_09_12_22_26_17_699.jpg,D:\ML Projects\Deep Learning\Self Drive\IMG\right_2026_09_12_22_26_17_699.jpg,0,1,0,30.18996
D:\ML Projects\Deep Learning\Self Drive\IMG\center_2026_09_12_22_26_17_772.jpg,D:\ML Projects\Deep Learning\Self Drive\IMG\left_2026_09_12_22_26_17_772.jpg,D:\ML Projects\Deep Learning\Self Drive\IMG\right_2026_09_12_22_26_17_772.jpg,0,1,0,30.18995
D:\ML Projects\Deep Learning\Self Drive\IMG\center_2026_09_12_22_26_17_864.jpg,D:\ML Projects\Deep Learning\Self Drive\IMG\left_2026_09_12_22_26_17_864.jpg,D:\ML Projects\Deep Learning\Self Drive\IMG\right_2026_09_12_22_26_17_864.jpg,0,1,0,30.18997
D:\ML Projects\Deep Learning\Self Drive\IMG\center_2026_09_12_22_26_17_955.jpg,D:\ML Projects\Deep Learning\Self Drive\IMG\left_2026_09_12_22_26_17_955.jpg,D:\ML Projects\Deep Learning\Self Drive\IMG\right_2026_09_12_22_26_17_955.jpg,0,1,0,30.18996
D:\ML Projects\Deep Learning\Self Drive\IMG\center_2026_09_12_22_26_18_029.jpg,D:\ML Projects\Deep Learning\Self Drive\IMG\left_2026_09_12_22_26_18_029.jpg,D:\ML Projects\Deep Learning\Self Drive\IMG\right_2026_09_12_22_26_18_029.jpg,0,1,0,30.18998
D:\ML Projects\Deep Learning\Self Drive\IMG\center_2026_09_12_22_26_18_128.jpg,D:\ML Projects\Deep Learning\Self Drive\IMG\left_2026_09_12_22_26_18_128.jpg,D:\ML Projects\Deep Learning\Self Drive\IMG\right_2026_09_12_22_26_18_128.jpg,0,1,0,30.18998
D:\ML Projects\Deep Learning\Self Drive\IMG\center_2026_09_12_22_26_18_211.jpg,D:\ML Projects\Deep Learning\Self Drive\IMG\left_2026_09_12_22_26_18_211.jpg,D:\ML Projects\Deep Learning\Self Drive\IMG\right_2026_09_12_22_26_18_211.jpg,0,1,0,30.18998
D:\ML Projects\Deep Learning\Self Drive\IMG\center_2026_09_12_22_26_18_296.jpg,D:\ML Projects\Deep Learning\Self Drive\IMG\left_2026_09_12_22_26_18_296.jpg,D:\ML Projects\Deep Learning\Self Drive\IMG\right_2026_09_12_22_26_18_296.jpg,0,1,0,30.48717
D:\ML Projects\Deep Learning\Self Drive\IMG\center_2026_09_12_22_26_18_413.jpg,D:\ML Projects\Deep Learning\Self Drive\IMG\left_2026_09_12_22_26_18_413.jpg,D:\ML Projects\Deep Learning\Self Drive\IMG\right_2026_09_12_22_26_18_413.jpg,0,1,0,30.23992
D:\ML Projects\Deep Learning\Self Drive\IMG\center_2026_09_12_22_26_18_456.jpg,D:\ML Projects\Deep Learning\Self Drive\IMG\left_2026_09_12_22_26_18_456.jpg,D:\ML Projects\Deep Learning\Self Drive\IMG\right_2026_09_12_22_26_18_456.jpg,0,1,0,30.07476
D:\ML Projects\Deep Learning\Self Drive\IMG\center_2026_09_12_22_26_18_576.jpg,D:\ML Projects\Deep Learning\Self Drive\IMG\left_2026_09_12_22_26_18_576.jpg,D:\ML Projects\Deep Learning\Self Drive\IMG\right_2026_09_12_22_26_18_576.jpg,-0.15,1,0,30.5429
D:\ML Projects\Deep Learning\Self Drive\IMG\center_2026_09_12_22_26_18_661.jpg,D:\ML Projects\Deep Learning\Self Drive\IMG\left_2026_09_12_22_26_18_661.jpg,D:\ML Projects\Deep Learning\Self Drive\IMG\right_2026_09_12_22_26_18_661.jpg,0,1,0,30.1904
D:\ML Projects\Deep Learning\Self Drive\IMG\center_2026_09_12_22_26_18_706.jpg,D:\ML Projects\Deep Learning\Self Drive\IMG\left_2026_09_12_22_26_18_706.jpg,D:\ML Projects\Deep Learning\Self Drive\IMG\right_2026_09_12_22_26_18_706.jpg,0,1,0,30.18917
D:\ML Projects\Deep Learning\Self Drive\IMG\center_2026_09_12_22_26_18_790.jpg,D:\ML Projects\Deep Learning\Self Drive\IMG\left_2026_09_12_22_26_18_790.jpg,D:\ML Projects\Deep Learning\Self Drive\IMG\right_2026_09_12_22_26_18_790.jpg,0,1,0,30.19055
D:\ML Projects\Deep Learning\Self Drive\IMG\center_2026_09_12_22_26_18_873.jpg,D:\ML Projects\Deep Learning\Self Drive\IMG\left_2026_09_12_22_26_18_873.jpg,D:\ML Projects\Deep Learning\Self Drive\IMG\right_2026_09_12_22_26_18_873.jpg,0,1,0,30.19055
D:\ML Projects\Deep Learning\Self Drive\IMG\center_2026_09_12_22_26_18_963.jpg,D:\ML Projects\Deep Learning\Self Drive\IMG\left_2026_09_12_22_26_18_963.jpg,D:\ML Projects\Deep Learning\Self Drive\IMG\right_2026_09_12_22_26_18_963.jpg,-0.25,1,0,30.17507
D:\ML Projects\Deep Learning\Self Drive\IMG\center_2026_09_12_22_26_19_052.jpg,D:\ML Projects\Deep Learning\Self Drive\IMG\left_2026_09_12_22_26_19_052.jpg,D:\ML Projects\Deep Learning\Self Drive\IMG\right_2026_09_12_22_26_19_052.jpg,0,1,0,30.19014
D:\ML Projects\Deep Learning\Self Drive\IMG\center_2026_09_12_22_26_19_158.jpg,D:\ML Projects\Deep Learning\Self Drive\IMG\left_2026_09_12_22_26_19_158.jpg,D:\ML Projects\Deep Learning\Self Drive\IMG\right_2026_09_12_22_26_19_158.jpg,0,1,0,30.19026
D:\ML Projects\Deep Learning\Self Drive\IMG\center_2026_09_12_22_26_19_241.jpg,D:\ML Projects\Deep Learning\Self Drive\IMG\left_2026_09_12_22_26_19_241.jpg,D:\ML Projects\Deep Learning\Self Drive\IMG\right_2026_09_12_22_26_19_241.jpg,-0.2,1,0,30.18088
D:\ML Projects\Deep Learning\Self Drive\IMG\center_2026_09_12_22_26_19_330.jpg,D:\ML Projects\Deep Learning\Self Drive\IMG\left_2026_09_12_22_26_19_330.jpg,D:\ML Projects\Deep Learning\Self Drive\IMG\right_2026_09_12_22_26_19_330.jpg,-0.4,1,0,30.15839
D:\ML Projects\Deep Learning\Self Drive\IMG\center_2026_09_12_22_26_19_414.jpg,D:\ML Projects\Deep Learning\Self Drive\IMG\left_2026_09_12_22_26_19_414.jpg,D:\ML Projects\Deep Learning\Self Drive\IMG\right_2026_09_12_22_26_19_414.jpg,0,1,0,30.18919
D:\ML Projects\Deep Learning\Self Drive\IMG\center_2026_09_12_22_26_19_495.jpg,D:\ML Projects\Deep Learning\Self Drive\IMG\left_2026_09_12_22_26_19_495.jpg,D:\ML Projects\Deep Learning\Self Drive\IMG\right_2026_09_12_22_26_19_495.jpg,0,1,0,30.19011
D:\ML Projects\Deep Learning\Self Drive\IMG\center_2026_09_12_22_26_19_580.jpg,D:\ML Projects\Deep Learning\Self Drive\IMG\left_2026_09_12_22_26_19_580.jpg,D:\ML Projects\Deep Learning\Self Drive\IMG\right_2026_09_12_22_26_19_580.jpg,0,1,0,30.19026
D:\ML Projects\Deep Learning\Self Drive\IMG\center_2026_09_12_22_26_19_662.jpg,D:\ML Projects\Deep Learning\Self Drive\IMG\left_2026_09_12_22_26_19_662.jpg,D:\ML Projects\Deep Learning\Self Drive\IMG\right_2026_09_12_22_26_19_662.jpg,0,1,0,30.19029
D:\ML Projects\Deep Learning\Self Drive\IMG\center_2026_09_12_22_26_19_744.jpg,D:\ML Projects\Deep Learning\Self Drive\IMG\left_2026_09_12_22_26_19_744.jpg,D:\ML Projects\Deep Learning\Self Drive\IMG\right_2026_09_12_22_26_19_744.jpg,-0.2,1,0,30.18043
D:\ML Projects\Deep Learning\Self Drive\IMG\center_2026_09_12_22_26_19_828.jpg,D:\ML Projects\Deep Learning\Self Drive\IMG\left_2026_09_12_22_26_19_828.jpg,D:\ML Projects\Deep Learning\Self Drive\IMG\right_2026_09_12_22_26_19_828.jpg,0,1,0,30.19029
D:\ML Projects\Deep Learning\Self Drive\IMG\center_2026_09_12_22_26_19_913.jpg,D:\ML Projects\Deep Learning\Self Drive\IMG\left_2026_09_12_22_26_19_913.jpg,D:\ML Projects\Deep Learning\Self Drive\IMG\right_2026_09_12_22_26_19_913.jpg,0,0.7468429,0,30.12289
D:\ML Projects\Deep Learning\Self Drive\IMG\center_2026_09_12_22_26_19_996.jpg,D:\ML Projects\Deep Learning\Self Drive\IMG\left_2026_09_12_22_26_19_996.jpg,D:\ML Projects\Deep Learning\Self Drive\IMG\right_2026_09_12_22_26_19_996.jpg,0,0.4989772,0,30.06551
D:\ML Projects\Deep Learning\Self Drive\IMG\center_2026_09_12_22_26_20_083.jpg,D:\ML Projects\Deep Learning\Self Drive\IMG\left_2026_09_12_22_26_20_083.jpg,D:\ML Projects\Deep Learning\Self Drive\IMG\right_2026_09_12_22_26_20_083.jpg,0,0.2365626,0,29.97387
D:\ML Projects\Deep Learning\Self Drive\IMG\center_2026_09_12_22_26_20_180.jpg,D:\ML Projects\Deep Learning\Self Drive\IMG\left_2026_09_12_22_26_20_180.jpg,D:\ML Projects\Deep Learning\Self Drive\IMG\right_2026_09_12_22_26_20_180.jpg,-0.25,0,0,29.68438
D:\ML Projects\Deep Learning\Self Drive\IMG\center_2026_09_12_22_26_20_252.jpg,D:\ML Projects\Deep Learning\Self Drive\IMG\left_2026_09_12_22_26_20_252.jpg,D:\ML Projects\Deep Learning\Self Drive\IMG\right_2026_09_12_22_26_20_252.jpg,0,0,0,29.50115
D:\ML Projects\Deep Learning\Self Drive\IMG\center_2026_09_12_22_26_20_325.jpg,D:\ML Projects\Deep Learning\Self Drive\IMG\left_2026_09_12_22_26_20_325.jpg,D:\ML Projects\Deep Learning\Self Drive\IMG\right_2026_09_12_22_26_20_325.jpg,0,0,0,29.26342
D:\ML Projects\Deep Learning\Self Drive\IMG\center_2026_09_12_22_26_20_400.jpg,D:\ML Projects\Deep Learning\Self Drive\IMG\left_2026_09_12_22_26_20_400.jpg,D:\ML Projects\Deep Learning\Self Drive\IMG\right_2026_09_12_22_26_20_400.jpg,0,0,0,29.02794
D:\ML Projects\Deep Learning\Self Drive\IMG\center_2026_09_12_22_26_20_475.jpg,D:\ML Projects\Deep Learning\Self Drive\IMG\left_2026_09_12_22_26_20_475.jpg,D:\ML Projects\Deep Learning\Self Drive\IMG\right_2026_09_12_22_26_20_475.jpg,0,0,0,28.79448
D:\ML Projects\Deep Learning\Self Drive\IMG\center_2026_09_12_22_26_20_547.jpg,D:\ML Projects\Deep Learning\Self Drive\IMG\left_2026_09_12_22_26_20_547.jpg,D:\ML Projects\Deep Learning\Self Drive\IMG\right_2026_09_12_22_26_20_547.jpg,-0.15,0,0,28.61253
D:\ML Projects\Deep Learning\Self Drive\IMG\center_2026_09_12_22_26_20_627.jpg,D:\ML Projects\Deep Learning\Self Drive\IMG\left_2026_09_12_22_26_20_627.jpg,D:\ML Projects\Deep Learning\Self Drive\IMG\right_2026_09_12_22_26_20_627.jpg,0,0,0,28.38133
D:\ML Projects\Deep Learning\Self Drive\IMG\center_2026_09_12_22_26_20_702.jpg,D:\ML Projects\Deep Learning\Self Drive\IMG\left_2026_09_12_22_26_20_702.jpg,D:\ML Projects\Deep Learning\Self Drive\IMG\right_2026_09_12_22_26_20_702.jpg,0,0,0,28.15294
D:\ML Projects\Deep Learning\Self Drive\IMG\center_2026_09_12_22_26_20_782.jpg,D:\ML Projects\Deep Learning\Self Drive\IMG\left_2026_09_12_22_26_20_782.jpg,D:\ML Projects\Deep Learning\Self Drive\IMG\right_2026_09_12_22_26_20_782.jpg,0,0,0,27.92654
D:\ML Projects\Deep Learning\Self Drive\IMG\center_2026_09_12_22_26_20_866.jpg,D:\ML Projects\Deep Learning\Self Drive\IMG\left_2026_09_12_22_26_20_866.jpg,D:\ML Projects\Deep Learning\Self Drive\IMG\right_2026_09_12_22_26_20_866.jpg,0,0,0,27.70196
D:\ML Projects\Deep Learning\Self Drive\IMG\center_2026_09_12_22_26_20_945.jpg,D:\ML Projects\Deep Learning\Self Drive\IMG\left_2026_09_12_22_26_20_945.jpg,D:\ML Projects\Deep Learning\Self Drive\IMG\right_2026_09_12_22_26_20_945.jpg,-0.2,0,0,27.46112
D:\ML Projects\Deep Learning\Self Drive\IMG\center_2026_09_12_22_26_21_026.jpg,D:\ML Projects\Deep Learning\Self Drive\IMG\left_2026_09_12_22_26_21_026.jpg,D:\ML Projects\Deep Learning\Self Drive\IMG\right_2026_09_12_22_26_21_026.jpg,-0.4,0,0,27.15314
D:\ML Projects\Deep Learning\Self Drive\IMG\center_2026_09_12_22_26_21_114.jpg,D:\ML Projects\Deep Learning\Self Drive\IMG\left_2026_09_12_22_26_21_114.jpg,D:\ML Projects\Deep Learning\Self Drive\IMG\right_2026_09_12_22_26_21_114.jpg,-0.6500001,0,0,26.65323
D:\ML Projects\Deep Learning\Self Drive\IMG\center_2026_09_12_22_26_21_210.jpg,D:\ML Projects\Deep Learning\Self Drive\IMG\left_2026_09_12_22_26_21_210.jpg,D:\ML Projects\Deep Learning\Self Drive\IMG\right_2026_09_12_22_26_21_210.jpg,0,0,0,26.39165
D:\ML Projects\Deep Learning\Self Drive\IMG\center_2026_09_12_22_26_21_291.jpg,D:\ML Projects\Deep Learning\Self Drive\IMG\left_2026_09_12_22_26_21_291.jpg,D:\ML Projects\Deep Learning\Self Drive\IMG\right_2026_09_12_22_26_21_291.jpg,0,0,0,26.16914
D:\ML Projects\Deep Learning\Self Drive\IMG\center_2026_09_12_22_26_21_368.jpg,D:\ML Projects\Deep Learning\Self Drive\IMG\left_2026_09_12_22_26_21_368.jpg,D:\ML Projects\Deep Learning\Self Drive\IMG\right_2026_09_12_22_26_21_368.jpg,-0.2,0,0,25.95064
D:\ML Projects\Deep Learning\Self Drive\IMG\center_2026_09_12_22_26_21_447.jpg,D:\ML Projects\Deep Learning\Self Drive\IMG\left_2026_09_12_22_26_21_447.jpg,D:\ML Projects\Deep Learning\Self Drive\IMG\right_2026_09_12_22_26_21_447.jpg,0,0.2353077,0,25.9346
D:\ML Projects\Deep Learning\Self Drive\IMG\center_2026_09_12_22_26_21_519.jpg,D:\ML Projects\Deep Learning\Self Drive\IMG\left_2026_09_12_22_26_21_519.jpg,D:\ML Projects\Deep Learning\Self Drive\IMG\right_2026_09_12_22_26_21_519.jpg,0,0.4548474,0,26.13414
D:\ML Projects\Deep Learning\Self Drive\IMG\center_2026_09_12_22_26_21_589.jpg,D:\ML Projects\Deep Learning\Self Drive\IMG\left_2026_09_12_22_26_21_589.jpg,D:\ML Projects\Deep Learning\Self Drive\IMG\right_2026_09_12_22_26_21_589.jpg,0,0.6647265,0,26.40975
D:\ML Projects\Deep Learning\Self Drive\IMG\center_2026_09_12_22_26_21_662.jpg,D:\ML Projects\Deep Learning\Self Drive\IMG\left_2026_09_12_22_26_21_662.jpg,D:\ML Projects\Deep Learning\Self Drive\IMG\right_2026_09_12_22_26_21_662.jpg,0,0.8829033,0,27.02814
D:\ML Projects\Deep Learning\Self Drive\IMG\center_2026_09_12_22_26_21_741.jpg,D:\ML Projects\Deep Learning\Self Drive\IMG\left_2026_09_12_22_26_21_741.jpg,D:\ML Projects\Deep Learning\Self Drive\IMG\right_2026_09_12_22_26_21_741.jpg,0,1,0,27.75654
D:\ML Projects\Deep Learning\Self Drive\IMG\center_2026_09_12_22_26_21_835.jpg,D:\ML Projects\Deep Learning\Self Drive\IMG\left_2026_09_12_22_26_21_835.jpg,D:\ML Projects\Deep Learning\Self Drive\IMG\right_2026_09_12_22_26_21_835.jpg,0,1,0,28.68429
D:\ML Projects\Deep Learning\Self Drive\IMG\center_2026_09_12_22_26_21_910.jpg,D:\ML Projects\Deep Learning\Self Drive\IMG\left_2026_09_12_22_26_21_910.jpg,D:\ML Projects\Deep Learning\Self Drive\IMG\right_2026_09_12_22_26_21_910.jpg,0,1,0,29.23726
D:\ML Projects\Deep Learning\Self Drive\IMG\center_2026_09_12_22_26_21_979.jpg,D:\ML Projects\Deep Learning\Self Drive\IMG\left_2026_09_12_22_26_21_979.jpg,D:\ML Projects\Deep Learning\Self Drive\IMG\right_2026_09_12_22_26_21_979.jpg,-0.2,1,0,29.94756
D:\ML Projects\Deep Learning\Self Drive\IMG\center_2026_09_12_22_26_22_119.jpg,D:\ML Projects\Deep Learning\Self Drive\IMG\left_2026_09_12_22_26_22_119.jpg,D:\ML Projects\Deep Learning\Self Drive\IMG\right_2026_09_12_22_26_22_119.jpg,0,1,0,30.18957
D:\ML Projects\Deep Learning\Self Drive\IMG\center_2026_09_12_22_26_22_194.jpg,D:\ML Projects\Deep Learning\Self Drive\IMG\left_2026_09_12_22_26_22_194.jpg,D:\ML Projects\Deep Learning\Self Drive\IMG\right_2026_09_12_22_26_22_194.jpg,0,1,0,30.19041
D:\ML Projects\Deep Learning\Self Drive\IMG\center_2026_09_12_22_26_22_326.jpg,D:\ML Projects\Deep Learning\Self Drive\IMG\left_2026_09_12_22_26_22_326.jpg,D:\ML Projects\Deep Learning\Self Drive\IMG\right_2026_09_12_22_26_22_326.jpg,-0.15,1,0,30.18534
D:\ML Projects\Deep Learning\Self Drive\IMG\center_2026_09_12_22_26_22_397.jpg,D:\ML Projects\Deep Learning\Self Drive\IMG\left_2026_09_12_22_26_22_397.jpg,D:\ML Projects\Deep Learning\Self Drive\IMG\right_2026_09_12_22_26_22_397.jpg,-0.35,1,0,30.16482
D:\ML Projects\Deep Learning\Self Drive\IMG\center_2026_09_12_22_26_22_466.jpg,D:\ML Projects\Deep Learning\Self Drive\IMG\left_2026_09_12_22_26_22_466.jpg,D:\ML Projects\Deep Learning\Self Drive\IMG\right_2026_09_12_22_26_22_466.jpg,0,1,0,30.18874
D:\ML Projects\Deep Learning\Self Drive\IMG\center_2026_09_12_22_26_22_535.jpg,D:\ML Projects\Deep Learning\Self Drive\IMG\left_2026_09_12_22_26_22_535.jpg,D:\ML Projects\Deep Learning\Self Drive\IMG\right_2026_09_12_22_26_22_535.jpg,0,1,0,30.19121
D:\ML Projects\Deep Learning\Self Drive\IMG\center_2026_09_12_22_26_22_608.jpg,D:\ML Projects\Deep Learning\Self Drive\IMG\left_2026_09_12_22_26_22_608.jpg,D:\ML Projects\Deep Learning\Self Drive\IMG\right_2026_09_12_22_26_22_608.jpg,-0.15,1,0,30.18676
D:\ML Projects\Deep Learning\Self Drive\IMG\center_2026_09_12_22_26_22_681.jpg,D:\ML Projects\Deep Learning\Self Drive\IMG\left_2026_09_12_22_26_22_681.jpg,D:\ML Projects\Deep Learning\Self Drive\IMG\right_2026_09_12_22_26_22_681.jpg,-0.35,1,0,30.16579
D:\ML Projects\Deep Learning\Self Drive\IMG\center_2026_09_12_22_26_22_751.jpg,D:\ML Projects\Deep Learning\Self Drive\IMG\left_2026_09_12_22_26_22_751.jpg,D:\ML Projects\Deep Learning\Self Drive\IMG\right_2026_09_12_22_26_22_751.jpg,-0.5000001,1,0,30.14568
D:\ML Projects\Deep Learning\Self Drive\IMG\center_2026_09_12_22_26_22_829.jpg,D:\ML Projects\Deep Learning\Self Drive\IMG\left_2026_09_12_22_26_22_829.jpg,D:\ML Projects\Deep Learning\Self Drive\IMG\right_2026_09_12_22_26_22_829.jpg,-0.7,1,0,30.12165
D:\ML Projects\Deep Learning\Self Drive\IMG\center_2026_09_12_22_26_22_915.jpg,D:\ML Projects\Deep Learning\Self Drive\IMG\left_2026_09_12_22_26_22_915.jpg,D:\ML Projects\Deep Learning\Self Drive\IMG\right_2026_09_12_22_26_22_915.jpg,0,1,0,30.18607
D:\ML Projects\Deep Learning\Self Drive\IMG\center_2026_09_12_22_26_22_997.jpg,D:\ML Projects\Deep Learning\Self Drive\IMG\left_2026_09_12_22_26_22_997.jpg,D:\ML Projects\Deep Learning\Self Drive\IMG\right_2026_09_12_22_26_22_997.jpg,-0.2,1,0,30.18849
D:\ML Projects\Deep Learning\Self Drive\IMG\center_2026_09_12_22_26_23_084.jpg,D:\ML Projects\Deep Learning\Self Drive\IMG\left_2026_09_12_22_26_23_084.jpg,D:\ML Projects\Deep Learning\Self Drive\IMG\right_2026_09_12_22_26_23_084.jpg,-0.4,1,0,30.16434
D:\ML Projects\Deep Learning\Self Drive\IMG\center_2026_09_12_22_26_23_189.jpg,D:\ML Projects\Deep Learning\Self Drive\IMG\left_2026_09_12_22_26_23_189.jpg,D:\ML Projects\Deep Learning\Self Drive\IMG\right_2026_09_12_22_26_23_189.jpg,-0.6500001,1,0,30.13256
D:\ML Projects\Deep Learning\Self Drive\IMG\center_2026_09_12_22_26_23_276.jpg,D:\ML Projects\Deep Learning\Self Drive\IMG\left_2026_09_12_22_26_23_276.jpg,D:\ML Projects\Deep Learning\Self Drive\IMG\right_2026_09_12_22_26_23_276.jpg,0,1,0,30.18668
D:\ML Projects\Deep Learning\Self Drive\IMG\center_2026_09_12_22_26_23_364.jpg,D:\ML Projects\Deep Learning\Self Drive\IMG\left_2026_09_12_22_26_23_364.jpg,D:\ML Projects\Deep Learning\Self Drive\IMG\right_2026_09_12_22_26_23_364.jpg,0,1,0,30.1896
D:\ML Projects\Deep Learning\Self Drive\IMG\center_2026_09_12_22_26_23_449.jpg,D:\ML Projects\Deep Learning\Self Drive\IMG\left_2026_09_12_22_26_23_449.jpg,D:\ML Projects\Deep Learning\Self Drive\IMG\right_2026_09_12_22_26_23_449.jpg,0,1,0,30.19097
D:\ML Projects\Deep Learning\Self Drive\IMG\center_2026_09_12_22_26_23_529.jpg,D:\ML Projects\Deep Learning\Self Drive\IMG\left_2026_09_12_22_26_23_529.jpg,D:\ML Projects\Deep Learning\Self Drive\IMG\right_2026_09_12_22_26_23_529.jpg,-0.2,1,0,30.18418
D:\ML Projects\Deep Learning\Self Drive\IMG\center_2026_09_12_22_26_23_607.jpg,D:\ML Projects\Deep Learning\Self Drive\IMG\left_2026_09_12_22_26_23_607.jpg,D:\ML Projects\Deep Learning\Self Drive\IMG\right_2026_09_12_22_26_23_607.jpg,-0.4,1,0,30.15872
D:\ML Projects\Deep Learning\Self Drive\IMG\center_2026_09_12_22_26_23_686.jpg,D:\ML Projects\Deep Learning\Self Drive\IMG\left_2026_09_12_22_26_23_686.jpg,D:\ML Projects\Deep Learning\Self Drive\IMG\right_2026_09_12_22_26_23_686.jpg,0,1,0,30.18733
D:\ML Projects\Deep Learning\Self Drive\IMG\center_2026_09_12_22_26_23_761.jpg,D:\ML Projects\Deep Learning\Self Drive\IMG\left_2026_09_12_22_26_23_761.jpg,D:\ML Projects\Deep Learning\Self Drive\IMG\right_2026_09_12_22_26_23_761.jpg,0,1,0,30.19201
D:\ML Projects\Deep Learning\Self Drive\IMG\center_2026_09_12_22_26_23_843.jpg,D:\ML Projects\Deep Learning\Self Drive\IMG\left_2026_09_12_22_26_23_843.jpg,D:\ML Projects\Deep Learning\Self Drive\IMG\right_2026_09_12_22_26_23_843.jpg,-0.2,1,0,30.18213
D:\ML Projects\Deep Learning\Self Drive\IMG\center_2026_09_12_22_26_23_920.jpg,D:\ML Projects\Deep Learning\Self Drive\IMG\left_2026_09_12_22_26_23_920.jpg,D:\ML Projects\Deep Learning\Self Drive\IMG\right_2026_09_12_22_26_23_920.jpg,-0.4,1,0,30.15965
D:\ML Projects\Deep Learning\Self Drive\IMG\center_2026_09_12_22_26_23_998.jpg,D:\ML Projects\Deep Learning\Self Drive\IMG\left_2026_09_12_22_26_23_998.jpg,D:\ML Projects\Deep Learning\Self Drive\IMG\right_2026_09_12_22_26_23_998.jpg,-0.6000001,1,0,30.13486
D:\ML Projects\Deep Learning\Self Drive\IMG\center_2026_09_12_22_26_24_164.jpg,D:\ML Projects\Deep Learning\Self Drive\IMG\left_2026_09_12_22_26_24_164.jpg,D:\ML Projects\Deep Learning\Self Drive\IMG\right_2026_09_12_22_26_24_164.jpg,-1,1,0,30.09321
D:\ML Projects\Deep Learning\Self Drive\IMG\center_2026_09_12_22_26_24_237.jpg,D:\ML Projects\Deep Learning\Self Drive\IMG\left_2026_09_12_22_26_24_237.jpg,D:\ML Projects\Deep Learning\Self Drive\IMG\right_2026_09_12_22_26_24_237.jpg,-1,1,0,30.11177
D:\ML Projects\Deep Learning\Self Drive\IMG\center_2026_09_12_22_26_24_324.jpg,D:\ML Projects\Deep Learning\Self Drive\IMG\left_2026_09_12_22_26_24_324.jpg,D:\ML Projects\Deep Learning\Self Drive\IMG\right_2026_09_12_22_26_24_324.jpg,-1,1,0,30.11914
D:\ML Projects\Deep Learning\Self Drive\IMG\center_2026_09_12_22_26_24_411.jpg,D:\ML Projects\Deep Learning\Self Drive\IMG\left_2026_09_12_22_26_24_411.jpg,D:\ML Projects\Deep Learning\Self Drive\IMG\right_2026_09_12_22_26_24_411.jpg,0,1,0,30.16903
D:\ML Projects\Deep Learning\Self Drive\IMG\center_2026_09_12_22_26_24_489.jpg,D:\ML Projects\Deep Learning\Self Drive\IMG\left_2026_09_12_22_26_24_489.jpg,D:\ML Projects\Deep Learning\Self Drive\IMG\right_2026_09_12_22_26_24_489.jpg,0,1,0,30.18282
D:\ML Projects\Deep Learning\Self Drive\IMG\center_2026_09_12_22_26_24_554.jpg,D:\ML Projects\Deep Learning\Self Drive\IMG\left_2026_09_12_22_26_24_554.jpg,D:\ML Projects\Deep Learning\Self Drive\IMG\right_2026_09_12_22_26_24_554.jpg,0,1,0,30.18923
D:\ML Projects\Deep Learning\Self Drive\IMG\center_2026_09_12_22_26_24_626.jpg,D:\ML Projects\Deep Learning\Self Drive\IMG\left_2026_09_12_22_26_24_626.jpg,D:\ML Projects\Deep Learning\Self Drive\IMG\right_2026_09_12_22_26_24_626.jpg,0,1,0,30.18976
D:\ML Projects\Deep Learning\Self Drive\IMG\center_2026_09_12_22_26_24_698.jpg,D:\ML Projects\Deep Learning\Self Drive\IMG\left_2026_09_12_22_26_24_698.jpg,D:\ML Projects\Deep Learning\Self Drive\IMG\right_2026_09_12_22_26_24_698.jpg,0,1,0,30.18987
D:\ML Projects\Deep Learning\Self Drive\IMG\center_2026_09_12_22_26_24_769.jpg,D:\ML Projects\Deep Learning\Self Drive\IMG\left_2026_09_12_22_26_24_769.jpg,D:\ML Projects\Deep Learning\Self Drive\IMG\right_2026_09_12_22_26_24_769.jpg,0.15,1,0,30.18409
D:\ML Projects\Deep Learning\Self Drive\IMG\center_2026_09_12_22_26_24_864.jpg,D:\ML Projects\Deep Learning\Self Drive\IMG\left_2026_09_12_22_26_24_864.jpg,D:\ML Projects\Deep Learning\Self Drive\IMG\right_2026_09_12_22_26_24_864.jpg,0.4,1,0,30.15633
D:\ML Projects\Deep Learning\Self Drive\IMG\center_2026_09_12_22_26_24_931.jpg,D:\ML Projects\Deep Learning\Self Drive\IMG\left_2026_09_12_22_26_24_931.jpg,D:\ML Projects\Deep Learning\Self Drive\IMG\right_2026_09_12_22_26_24_931.jpg,0.5500001,1,0,30.13868
D:\ML Projects\Deep Learning\Self Drive\IMG\center_2026_09_12_22_26_25_001.jpg,D:\ML Projects\Deep Learning\Self Drive\IMG\left_2026_09_12_22_26_25_001.jpg,D:\ML Projects\Deep Learning\Self Drive\IMG\right_2026_09_12_22_26_25_001.jpg,0,1,0,30.18477
D:\ML Projects\Deep Learning\Self Drive\IMG\center_2026_09_12_22_26_25_074.jpg,D:\ML Projects\Deep Learning\Self Drive\IMG\left_2026_09_12_22_26_25_074.jpg,D:\ML Projects\Deep Learning\Self Drive\IMG\right_2026_09_12_22_26_25_074.jpg,0,1,0,30.1893
D:\ML Projects\Deep Learning\Self Drive\IMG\center_2026_09_12_22_26_25_156.jpg,D:\ML Projects\Deep Learning\Self Drive\IMG\left_2026_09_12_22_26_25_156.jpg,D:\ML Projects\Deep Learning\Self Drive\IMG\right_2026_09_12_22_26_25_156.jpg,0,1,0,30.19022
D:\ML Projects\Deep Learning\Self Drive\IMG\center_2026_09_12_22_26_25_229.jpg,D:\ML Projects\Deep Learning\Self Drive\IMG\left_2026_09_12_22_26_25_229.jpg,D:\ML Projects\Deep Learning\Self Drive\IMG\right_2026_09_12_22_26_25_229.jpg,-0.15,1,0,30.18204
D:\ML Projects\Deep Learning\Self Drive\IMG\center_2026_09_12_22_26_25_304.jpg,D:\ML Projects\Deep Learning\Self Drive\IMG\left_2026_09_12_22_26_25_304.jpg,D:\ML Projects\Deep Learning\Self Drive\IMG\right_2026_09_12_22_26_25_304.jpg,0,1,0,30.19052
D:\ML Projects\Deep Learning\Self Drive\IMG\center_2026_09_12_22_26_25_374.jpg,D:\ML Projects\Deep Learning\Self Drive\IMG\left_2026_09_12_22_26_25_374.jpg,D:\ML Projects\Deep Learning\Self Drive\IMG\right_2026_09_12_22_26_25_374.jpg,0,1,0,30.19085
D:\ML Projects\Deep Learning\Self Drive\IMG\center_2026_09_12_22_26_25_509.jpg,D:\ML Projects\Deep Learning\Self Drive\IMG\left_2026_09_12_22_26_25_509.jpg,D:\ML Projects\Deep Learning\Self Drive\IMG\right_2026_09_12_22_26_25_509.jpg,0,1,0,30.1909
D:\ML Projects\Deep Learning\Self Drive\IMG\center_2026_09_12_22_26_25_582.jpg,D:\ML Projects\Deep Learning\Self Drive\IMG\left_2026_09_12_22_26_25_582.jpg,D:\ML Projects\Deep Learning\Self Drive\IMG\right_2026_09_12_22_26_25_582.jpg,-0.2,1,0,30.18017
D:\ML Projects\Deep Learning\Self Drive\IMG\center_2026_09_12_22_26_25_651.jpg,D:\ML Projects\Deep Learning\Self Drive\IMG\left_2026_09_12_22_26_25_651.jpg,D:\ML Projects\Deep Learning\Self Drive\IMG\right_2026_09_12_22_26_25_651.jpg,-0.35,1,0,30.16347
D:\ML Projects\Deep Learning\Self Drive\IMG\center_2026_09_12_22_26_25_727.jpg,D:\ML Projects\Deep Learning\Self Drive\IMG\left_2026_09_12_22_26_25_727.jpg,D:\ML Projects\Deep Learning\Self Drive\IMG\right_2026_09_12_22_26_25_727.jpg,0,1,0,30.19055
D:\ML Projects\Deep Learning\Self Drive\IMG\center_2026_09_12_22_26_25_810.jpg,D:\ML Projects\Deep Learning\Self Drive\IMG\left_2026_09_12_22_26_25_810.jpg,D:\ML Projects\Deep Learning\Self Drive\IMG\right_2026_09_12_22_26_25_810.jpg,-0.2,1,0,30.18403
D:\ML Projects\Deep Learning\Self Drive\IMG\center_2026_09_12_22_26_25_910.jpg,D:\ML Projects\Deep Learning\Self Drive\IMG\left_2026_09_12_22_26_25_910.jpg,D:\ML Projects\Deep Learning\Self Drive\IMG\right_2026_09_12_22_26_25_910.jpg,0,1,0,30.19071
D:\ML Projects\Deep Learning\Self Drive\IMG\center_2026_09_12_22_26_25_985.jpg,D:\ML Projects\Deep Learning\Self Drive\IMG\left_2026_09_12_22_26_25_985.jpg,D:\ML Projects\Deep Learning\Self Drive\IMG\right_2026_09_12_22_26_25_985.jpg,0,1,0,30.18998
D:\ML Projects\Deep Learning\Self Drive\IMG\center_2026_09_12_22_26_26_057.jpg,D:\ML Projects\Deep Learning\Self Drive\IMG\left_2026_09_12_22_26_26_057.jpg,D:\ML Projects\Deep Learning\Self Drive\IMG\right_2026_09_12_22_26_26_057.jpg,-0.2,1,0,30.18088
D:\ML Projects\Deep Learning\Self Drive\IMG\center_2026_09_12_22_26_26_155.jpg,D:\ML Projects\Deep Learning\Self Drive\IMG\left_2026_09_12_22_26_26_155.jpg,D:\ML Projects\Deep Learning\Self Drive\IMG\right_2026_09_12_22_26_26_155.jpg,-0.4,1,0,30.15872
D:\ML Projects\Deep Learning\Self Drive\IMG\center_2026_09_12_22_26_26_230.jpg,D:\ML Projects\Deep Learning\Self Drive\IMG\left_2026_09_12_22_26_26_230.jpg,D:\ML Projects\Deep Learning\Self Drive\IMG\right_2026_09_12_22_26_26_230.jpg,0,1,0,30.18894
D:\ML Projects\Deep Learning\Self Drive\IMG\center_2026_09_12_22_26_26_318.jpg,D:\ML Projects\Deep Learning\Self Drive\IMG\left_2026_09_12_22_26_26_318.jpg,D:\ML Projects\Deep Learning\Self Drive\IMG\right_2026_09_12_22_26_26_318.jpg,0,1,0,30.19007
D:\ML Projects\Deep Learning\Self Drive\IMG\center_2026_09_12_22_26_26_412.jpg,D:\ML Projects\Deep Learning\Self Drive\IMG\left_2026_09_12_22_26_26_412.jpg,D:\ML Projects\Deep Learning\Self Drive\IMG\right_2026_09_12_22_26_26_412.jpg,-0.2,1,0,30.18213
D:\ML Projects\Deep Learning\Self Drive\IMG\center_2026_09_12_22_26_26_503.jpg,D:\ML Projects\Deep Learning\Self Drive\IMG\left_2026_09_12_22_26_26_503.jpg,D:\ML Projects\Deep Learning\Self Drive\IMG\right_2026_09_12_22_26_26_503.jpg,-0.45,1,0,30.15327
D:\ML Projects\Deep Learning\Self Drive\IMG\center_2026_09_12_22_26_26_589.jpg,D:\ML Projects\Deep Learning\Self Drive\IMG\left_2026_09_12_22_26_26_589.jpg,D:\ML Projects\Deep Learning\Self Drive\IMG\right_2026_09_12_22_26_26_589.jpg,-0.6500001,1,0,30.1282
D:\ML Projects\Deep Learning\Self Drive\IMG\center_2026_09_12_22_26_26_676.jpg,D:\ML Projects\Deep Learning\Self Drive\IMG\left_2026_09_12_22_26_26_676.jpg,D:\ML Projects\Deep Learning\Self Drive\IMG\right_2026_09_12_22_26_26_676.jpg,0,1,0,30.18636
D:\ML Projects\Deep Learning\Self Drive\IMG\center_2026_09_12_22_26_26_757.jpg,D:\ML Projects\Deep Learning\Self Drive\IMG\left_2026_09_12_22_26_26_757.jpg,D:\ML Projects\Deep Learning\Self Drive\IMG\right_2026_09_12_22_26_26_757.jpg,0,1,0,30.18985
D:\ML Projects\Deep Learning\Self Drive\IMG\center_2026_09_12_22_26_26_840.jpg,D:\ML Projects\Deep Learning\Self Drive\IMG\left_2026_09_12_22_26_26_840.jpg,D:\ML Projects\Deep Learning\Self Drive\IMG\right_2026_09_12_22_26_26_840.jpg,0,1,0,30.19041
D:\ML Projects\Deep Learning\Self Drive\IMG\center_2026_09_12_22_26_26_922.jpg,D:\ML Projects\Deep Learning\Self Drive\IMG\left_2026_09_12_22_26_26_922.jpg,D:\ML Projects\Deep Learning\Self Drive\IMG\right_2026_09_12_22_26_26_922.jpg,0,1,0,30.19005
D:\ML Projects\Deep Learning\Self Drive\IMG\center_2026_09_12_22_26_27_005.jpg,D:\ML Projects\Deep Learning\Self Drive\IMG\left_2026_09_12_22_26_27_005.jpg,D:\ML Projects\Deep Learning\Self Drive\IMG\right_2026_09_12_22_26_27_005.jpg,-0.2,1,0,30.18021
D:\ML Projects\Deep Learning\Self Drive\IMG\center_2026_09_12_22_26_27_096.jpg,D:\ML Projects\Deep Learning\Self Drive\IMG\left_2026_09_12_22_26_27_096.jpg,D:\ML Projects\Deep Learning\Self Drive\IMG\right_2026_09_12_22_26_27_096.jpg,-0.45,1,0,30.1512
D:\ML Projects\Deep Learning\Self Drive\IMG\center_2026_09_12_22_26_27_199.jpg,D:\ML Projects\Deep Learning\Self Drive\IMG\left_2026_09_12_22_26_27_199.jpg,D:\ML Projects\Deep Learning\Self Drive\IMG\right_2026_09_12_22_26_27_199.jpg,0,1,0,30.18844
D:\ML Projects\Deep Learning\Self Drive\IMG\center_2026_09_12_22_26_27_287.jpg,D:\ML Projects\Deep Learning\Self Drive\IMG\left_2026_09_12_22_26_27_287.jpg,D:\ML Projects\Deep Learning\Self Drive\IMG\right_2026_09_12_22_26_27_287.jpg,0,1,0,30.18969
D:\ML Projects\Deep Learning\Self Drive\IMG\center_2026_09_12_22_26_27_366.jpg,D:\ML Projects\Deep Learning\Self Drive\IMG\left_2026_09_12_22_26_27_366.jpg,D:\ML Projects\Deep Learning\Self Drive\IMG\right_2026_09_12_22_26_27_366.jpg,0.2,1,0,30.17698
D:\ML Projects\Deep Learning\Self Drive\IMG\center_2026_09_12_22_26_27_445.jpg,D:\ML Projects\Deep Learning\Self Drive\IMG\left_2026_09_12_22_26_27_445.jpg,D:\ML Projects\Deep Learning\Self Drive\IMG\right_2026_09_12_22_26_27_445.jpg,0.4,1,0,30.15531
D:\ML Projects\Deep Learning\Self Drive\IMG\center_2026_09_12_22_26_27_525.jpg,D:\ML Projects\Deep Learning\Self Drive\IMG\left_2026_09_12_22_26_27_525.jpg,D:\ML Projects\Deep Learning\Self Drive\IMG\right_2026_09_12_22_26_27_525.jpg,0,1,0,30.18866
D:\ML Projects\Deep Learning\Self Drive\IMG\center_2026_09_12_22_26_27_607.jpg,D:\ML Projects\Deep Learning\Self Drive\IMG\left_2026_09_12_22_26_27_607.jpg,D:\ML Projects\Deep Learning\Self Drive\IMG\right_2026_09_12_22_26_27_607.jpg,0,1,0,30.18963
D:\ML Projects\Deep Learning\Self Drive\IMG\center_2026_09_12_22_26_27_689.jpg,D:\ML Projects\Deep Learning\Self Drive\IMG\left_2026_09_12_22_26_27_689.jpg,D:\ML Projects\Deep Learning\Self Drive\IMG\right_2026_09_12_22_26_27_689.jpg,0,1,0,30.18991
D:\ML Projects\Deep Learning\Self Drive\IMG\center_2026_09_12_22_26_27_778.jpg,D:\ML Projects\Deep Learning\Self Drive\IMG\left_2026_09_12_22_26_27_778.jpg,D:\ML Projects\Deep Learning\Self Drive\IMG\right_2026_09_12_22_26_27_778.jpg,0,1,0,30.19021
D:\ML Projects\Deep Learning\Self Drive\IMG\center_2026_09_12_22_26_27_865.jpg,D:\ML Projects\Deep Learning\Self Drive\IMG\left_2026_09_12_22_26_27_865.jpg,D:\ML Projects\Deep Learning\Self Drive\IMG\right_2026_09_12_22_26_27_865.jpg,0.2,1,0,30.18071
D:\ML Projects\Deep Learning\Self Drive\IMG\center_2026_09_12_22_26_27_959.jpg,D:\ML Projects\Deep Learning\Self Drive\IMG\left_2026_09_12_22_26_27_959.jpg,D:\ML Projects\Deep Learning\Self Drive\IMG\right_2026_09_12_22_26_27_959.jpg,0,1,0,30.1898
D:\ML Projects\Deep Learning\Self Drive\IMG\center_2026_09_12_22_26_28_050.jpg,D:\ML Projects\Deep Learning\Self Drive\IMG\left_2026_09_12_22_26_28_050.jpg,D:\ML Projects\Deep Learning\Self Drive\IMG\right_2026_09_12_22_26_28_050.jpg,0,1,0,30.19019
D:\ML Projects\Deep Learning\Self Drive\IMG\center_2026_09_12_22_26_28_151.jpg,D:\ML Projects\Deep Learning\Self Drive\IMG\left_2026_09_12_22_26_28_151.jpg,D:\ML Projects\Deep Learning\Self Drive\IMG\right_2026_09_12_22_26_28_151.jpg,0,1,0,30.1902
D:\ML Projects\Deep Learning\Self Drive\IMG\center_2026_09_12_22_26_28_248.jpg,D:\ML Projects\Deep Learning\Self Drive\IMG\left_2026_09_12_22_26_28_248.jpg,D:\ML Projects\Deep Learning\Self Drive\IMG\right_2026_09_12_22_26_28_248.jpg,0,1,0,30.1902
D:\ML Projects\Deep Learning\Self Drive\IMG\center_2026_09_12_22_26_28_323.jpg,D:\ML Projects\Deep Learning\Self Drive\IMG\left_2026_09_12_22_26_28_323.jpg,D:\ML Projects\Deep Learning\Self Drive\IMG\right_2026_09_12_22_26_28_323.jpg,0,1,0,30.19027
D:\ML Projects\Deep Learning\Self Drive\IMG\center_2026_09_12_22_26_28_398.jpg,D:\ML Projects\Deep Learning\Self Drive\IMG\left_2026_09_12_22_26_28_398.jpg,D:\ML Projects\Deep Learning\Self Drive\IMG\right_2026_09_12_22_26_28_398.jpg,0,1,0,30.19025
D:\ML Projects\Deep Learning\Self Drive\IMG\center_2026_09_12_22_26_28_474.jpg,D:\ML Projects\Deep Learning\Self Drive\IMG\left_2026_09_12_22_26_28_474.jpg,D:\ML Projects\Deep Learning\Self Drive\IMG\right_2026_09_12_22_26_28_474.jpg,0.2,1,0,30.17999
D:\ML Projects\Deep Learning\Self Drive\IMG\center_2026_09_12_22_26_28_554.jpg,D:\ML Projects\Deep Learning\Self Drive\IMG\left_2026_09_12_22_26_28_554.jpg,D:\ML Projects\Deep Learning\Self Drive\IMG\right_2026_09_12_22_26_28_554.jpg,0,1,0,30.19034
D:\ML Projects\Deep Learning\Self Drive\IMG\center_2026_09_12_22_26_28_628.jpg,D:\ML Projects\Deep Learning\Self Drive\IMG\left_2026_09_12_22_26_28_628.jpg,D:\ML Projects\Deep Learning\Self Drive\IMG\right_2026_09_12_22_26_28_628.jpg,0,1,0,30.1903
D:\ML Projects\Deep Learning\Self Drive\IMG\center_2026_09_12_22_26_28_699.jpg,D:\ML Projects\Deep Learning\Self Drive\IMG\left_2026_09_12_22_26_28_699.jpg,D:\ML Projects\Deep Learning\Self Drive\IMG\right_2026_09_12_22_26_28_699.jpg,0,1,0,30.19036
D:\ML Projects\Deep Learning\Self Drive\IMG\center_2026_09_12_22_26_28_776.jpg,D:\ML Projects\Deep Learning\Self Drive\IMG\left_2026_09_12_22_26_28_776.jpg,D:\ML Projects\Deep Learning\Self Drive\IMG\right_2026_09_12_22_26_28_776.jpg,0,1,0,30.19041
D:\ML Projects\Deep Learning\Self Drive\IMG\center_2026_09_12_22_26_28_856.jpg,D:\ML Projects\Deep Learning\Self Drive\IMG\left_2026_09_12_22_26_28_856.jpg,D:\ML Projects\Deep Learning\Self Drive\IMG\right_2026_09_12_22_26_28_856.jpg,0,1,0,30.19045
D:\ML Projects\Deep Learning\Self Drive\IMG\center_2026_09_12_22_26_28_937.jpg,D:\ML Projects\Deep Learning\Self Drive\IMG\left_2026_09_12_22_26_28_937.jpg,D:\ML Projects\Deep Learning\Self Drive\IMG\right_2026_09_12_22_26_28_937.jpg,0,1,0,30.19045
D:\ML Projects\Deep Learning\Self Drive\IMG\center_2026_09_12_22_26_29_017.jpg,D:\ML Projects\Deep Learning\Self Drive\IMG\left_2026_09_12_22_26_29_017.jpg,D:\ML Projects\Deep Learning\Self Drive\IMG\right_2026_09_12_22_26_29_017.jpg,0,1,0,30.19033
D:\ML Projects\Deep Learning\Self Drive\IMG\center_2026_09_12_22_26_29_099.jpg,D:\ML Projects\Deep Learning\Self Drive\IMG\left_2026_09_12_22_26_29_099.jpg,D:\ML Projects\Deep Learning\Self Drive\IMG\right_2026_09_12_22_26_29_099.jpg,0.2,1,0,30.18037
D:\ML Projects\Deep Learning\Self Drive\IMG\center_2026_09_12_22_26_29_221.jpg,D:\ML Projects\Deep Learning\Self Drive\IMG\left_2026_09_12_22_26_29_221.jpg,D:\ML Projects\Deep Learning\Self Drive\IMG\right_2026_09_12_22_26_29_221.jpg,0,1,0,30.19043
D:\ML Projects\Deep Learning\Self Drive\IMG\center_2026_09_12_22_26_29_314.jpg,D:\ML Projects\Deep Learning\Self Drive\IMG\left_2026_09_12_22_26_29_314.jpg,D:\ML Projects\Deep Learning\Self Drive\IMG\right_2026_09_12_22_26_29_314.jpg,0,1,0,30.19046
D:\ML Projects\Deep Learning\Self Drive\IMG\center_2026_09_12_22_26_29_385.jpg,D:\ML Projects\Deep Learning\Self Drive\IMG\left_2026_09_12_22_26_29_385.jpg,D:\ML Projects\Deep Learning\Self Drive\IMG\right_2026_09_12_22_26_29_385.jpg,0,1,0,30.19041
D:\ML Projects\Deep Learning\Self Drive\IMG\center_2026_09_12_22_26_29_456.jpg,D:\ML Projects\Deep Learning\Self Drive\IMG\left_2026_09_12_22_26_29_456.jpg,D:\ML Projects\Deep Learning\Self Drive\IMG\right_2026_09_12_22_26_29_456.jpg,0,1,0,30.19058
D:\ML Projects\Deep Learning\Self Drive\IMG\center_2026_09_12_22_26_29_526.jpg,D:\ML Projects\Deep Learning\Self Drive\IMG\left_2026_09_12_22_26_29_526.jpg,D:\ML Projects\Deep Learning\Self Drive\IMG\right_2026_09_12_22_26_29_526.jpg,0,1,0,30.19056
D:\ML Projects\Deep Learning\Self Drive\IMG\center_2026_09_12_22_26_29_652.jpg,D:\ML Projects\Deep Learning\Self Drive\IMG\left_2026_09_12_22_26_29_652.jpg,D:\ML Projects\Deep Learning\Self Drive\IMG\right_2026_09_12_22_26_29_652.jpg,0,1,0,30.19063
D:\ML Projects\Deep Learning\Self Drive\IMG\center_2026_09_12_22_26_29_725.jpg,D:\ML Projects\Deep Learning\Self Drive\IMG\left_2026_09_12_22_26_29_725.jpg,D:\ML Projects\Deep Learning\Self Drive\IMG\right_2026_09_12_22_26_29_725.jpg,0,1,0,30.19057
D:\ML Projects\Deep Learning\Self Drive\IMG\center_2026_09_12_22_26_29_791.jpg,D:\ML Projects\Deep Learning\Self Drive\IMG\left_2026_09_12_22_26_29_791.jpg,D:\ML Projects\Deep Learning\Self Drive\IMG\right_2026_09_12_22_26_29_791.jpg,0,1,0,30.19058
D:\ML Projects\Deep Learning\Self Drive\IMG\center_2026_09_12_22_26_29_871.jpg,D:\ML Projects\Deep Learning\Self Drive\IMG\left_2026_09_12_22_26_29_871.jpg,D:\ML Projects\Deep Learning\Self Drive\IMG\right_2026_09_12_22_26_29_871.jpg,0,0.7602226,0,30.12683
D:\ML Projects\Deep Learning\Self Drive\IMG\center_2026_09_12_22_26_29_941.jpg,D:\ML Projects\Deep Learning\Self Drive\IMG\left_2026_09_12_22_26_29_941.jpg,D:\ML Projects\Deep Learning\Self Drive\IMG\right_2026_09_12_22_26_29_941.jpg,0,0.552466,0,30.07371
D:\ML Projects\Deep Learning\Self Drive\IMG\center_2026_09_12_22_26_30_010.jpg,D:\ML Projects\Deep Learning\Self Drive\IMG\left_2026_09_12_22_26_30_010.jpg,D:\ML Projects\Deep Learning\Self Drive\IMG\right_2026_09_12_22_26_30_010.jpg,0,0.3434425,0,30.03242
D:\ML Projects\Deep Learning\Self Drive\IMG\center_2026_09_12_22_26_30_080.jpg,D:\ML Projects\Deep Learning\Self Drive\IMG\left_2026_09_12_22_26_30_080.jpg,D:\ML Projects\Deep Learning\Self Drive\IMG\right_2026_09_12_22_26_30_080.jpg,0,0.1347184,0,29.90493
D:\ML Projects\Deep Learning\Self Drive\IMG\center_2026_09_12_22_26_30_153.jpg,D:\ML Projects\Deep Learning\Self Drive\IMG\left_2026_09_12_22_26_30_153.jpg,D:\ML Projects\Deep Learning\Self Drive\IMG\right_2026_09_12_22_26_30_153.jpg,0,0,0,29.75224
D:\ML Projects\Deep Learning\Self Drive\IMG\center_2026_09_12_22_26_30_225.jpg,D:\ML Projects\Deep Learning\Self Drive\IMG\left_2026_09_12_22_26_30_225.jpg,D:\ML Projects\Deep Learning\Self Drive\IMG\right_2026_09_12_22_26_30_225.jpg,0,0.2170092,0,29.6859
D:\ML Projects\Deep Learning\Self Drive\IMG\center_2026_09_12_22_26_30_345.jpg,D:\ML Projects\Deep Learning\Self Drive\IMG\left_2026_09_12_22_26_30_345.jpg,D:\ML Projects\Deep Learning\Self Drive\IMG\right_2026_09_12_22_26_30_345.jpg,0.15,0.5769192,0,29.95984
D:\ML Projects\Deep Learning\Self Drive\IMG\center_2026_09_12_22_26_30_461.jpg,D:\ML Projects\Deep Learning\Self Drive\IMG\left_2026_09_12_22_26_30_461.jpg,D:\ML Projects\Deep Learning\Self Drive\IMG\right_2026_09_12_22_26_30_461.jpg,0,0.9225837,0,30.1652
D:\ML Projects\Deep Learning\Self Drive\IMG\center_2026_09_12_22_26_30_573.jpg,D:\ML Projects\Deep Learning\Self Drive\IMG\left_2026_09_12_22_26_30_573.jpg,D:\ML Projects\Deep Learning\Self Drive\IMG\right_2026_09_12_22_26_30_573.jpg,0,1,0,30.19073
D:\ML Projects\Deep Learning\Self Drive\IMG\center_2026_09_12_22_26_30_680.jpg,D:\ML Projects\Deep Learning\Self Drive\IMG\left_2026_09_12_22_26_30_680.jpg,D:\ML Projects\Deep Learning\Self Drive\IMG\right_2026_09_12_22_26_30_680.jpg,0,1,0,30.19024
D:\ML Projects\Deep Learning\Self Drive\IMG\center_2026_09_12_22_26_30_791.jpg,D:\ML Projects\Deep Learning\Self Drive\IMG\left_2026_09_12_22_26_30_791.jpg,D:\ML Projects\Deep Learning\Self Drive\IMG\right_2026_09_12_22_26_30_791.jpg,0,1,0,30.19034
D:\ML Projects\Deep Learning\Self Drive\IMG\center_2026_09_12_22_26_30_908.jpg,D:\ML Projects\Deep Learning\Self Drive\IMG\left_2026_09_12_22_26_30_908.jpg,D:\ML Projects\Deep Learning\Self Drive\IMG\right_2026_09_12_22_26_30_908.jpg,0.3,1,0,30.16957
D:\ML Projects\Deep Learning\Self Drive\IMG\center_2026_09_12_22_26_31_022.jpg,D:\ML Projects\Deep Learning\Self Drive\IMG\left_2026_09_12_22_26_31_022.jpg,D:\ML Projects\Deep Learning\Self Drive\IMG\right_2026_09_12_22_26_31_022.jpg,0,1,0,30.19002
D:\ML Projects\Deep Learning\Self Drive\IMG\center_2026_09_12_22_26_31_129.jpg,D:\ML Projects\Deep Learning\Self Drive\IMG\left_2026_09_12_22_26_31_129.jpg,D:\ML Projects\Deep Learning\Self Drive\IMG\right_2026_09_12_22_26_31_129.jpg,0,1,0,30.1902
D:\ML Projects\Deep Learning\Self Drive\IMG\center_2026_09_12_22_26_31_210.jpg,D:\ML Projects\Deep Learning\Self Drive\IMG\left_2026_09_12_22_26_31_210.jpg,D:\ML Projects\Deep Learning\Self Drive\IMG\right_2026_09_12_22_26_31_210.jpg,0,1,0,30.19028
D:\ML Projects\Deep Learning\Self Drive\IMG\center_2026_09_12_22_26_31_324.jpg,D:\ML Projects\Deep Learning\Self Drive\IMG\left_2026_09_12_22_26_31_324.jpg,D:\ML Projects\Deep Learning\Self Drive\IMG\right_2026_09_12_22_26_31_324.jpg,0.15,1,0,30.18452
D:\ML Projects\Deep Learning\Self Drive\IMG\center_2026_09_12_22_26_31_441.jpg,D:\ML Projects\Deep Learning\Self Drive\IMG\left_2026_09_12_22_26_31_441.jpg,D:\ML Projects\Deep Learning\Self Drive\IMG\right_2026_09_12_22_26_31_441.jpg,0,1,0,30.1889
D:\ML Projects\Deep Learning\Self Drive\IMG\center_2026_09_12_22_26_31_557.jpg,D:\ML Projects\Deep Learning\Self Drive\IMG\left_2026_09_12_22_26_31_557.jpg,D:\ML Projects\Deep Learning\Self Drive\IMG\right_2026_09_12_22_26_31_557.jpg,0,1,0,30.1902
D:\ML Projects\Deep Learning\Self Drive\IMG\center_2026_09_12_22_26_31_673.jpg,D:\ML Projects\Deep Learning\Self Drive\IMG\left_2026_09_12_22_26_31_673.jpg,D:\ML Projects\Deep Learning\Self Drive\IMG\right_2026_09_12_22_26_31_673.jpg,0.15,1,0,30.18531
D:\ML Projects\Deep Learning\Self Drive\IMG\center_2026_09_12_22_26_31_784.jpg,D:\ML Projects\Deep Learning\Self Drive\IMG\left_2026_09_12_22_26_31_784.jpg,D:\ML Projects\Deep Learning\Self Drive\IMG\right_2026_09_12_22_26_31_784.jpg,0,1,0,30.18939
D:\ML Projects\Deep Learning\Self Drive\IMG\center_2026_09_12_22_26_31_901.jpg,D:\ML Projects\Deep Learning\Self Drive\IMG\left_2026_09_12_22_26_31_901.jpg,D:\ML Projects\Deep Learning\Self Drive\IMG\right_2026_09_12_22_26_31_901.jpg,0,1,0,30.19021
D:\ML Projects\Deep Learning\Self Drive\IMG\center_2026_09_12_22_26_32_022.jpg,D:\ML Projects\Deep Learning\Self Drive\IMG\left_2026_09_12_22_26_32_022.jpg,D:\ML Projects\Deep Learning\Self Drive\IMG\right_2026_09_12_22_26_32_022.jpg,0,1,0,30.18998
D:\ML Projects\Deep Learning\Self Drive\IMG\center_2026_09_12_22_26_32_149.jpg,D:\ML Projects\Deep Learning\Self Drive\IMG\left_2026_09_12_22_26_32_149.jpg,D:\ML Projects\Deep Learning\Self Drive\IMG\right_2026_09_12_22_26_32_149.jpg,0.3,1,0,30.16812
D:\ML Projects\Deep Learning\Self Drive\IMG\center_2026_09_12_22_26_32_230.jpg,D:\ML Projects\Deep Learning\Self Drive\IMG\left_2026_09_12_22_26_32_230.jpg,D:\ML Projects\Deep Learning\Self Drive\IMG\right_2026_09_12_22_26_32_230.jpg,0.5000001,0.7615069,0,30.08199
D:\ML Projects\Deep Learning\Self Drive\IMG\center_2026_09_12_22_26_32_347.jpg,D:\ML Projects\Deep Learning\Self Drive\IMG\left_2026_09_12_22_26_32_347.jpg,D:\ML Projects\Deep Learning\Self Drive\IMG\right_2026_09_12_22_26_32_347.jpg,0,0.4103269,0,30.04532
D:\ML Projects\Deep Learning\Self Drive\IMG\center_2026_09_12_22_26_32_462.jpg,D:\ML Projects\Deep Learning\Self Drive\IMG\left_2026_09_12_22_26_32_462.jpg,D:\ML Projects\Deep Learning\Self Drive\IMG\right_2026_09_12_22_26_32_462.jpg,0,0.0633169,0,29.87269
D:\ML Projects\Deep Learning\Self Drive\IMG\center_2026_09_12_22_26_32_579.jpg,D:\ML Projects\Deep Learning\Self Drive\IMG\left_2026_09_12_22_26_32_579.jpg,D:\ML Projects\Deep Learning\Self Drive\IMG\right_2026_09_12_22_26_32_579.jpg,0.3,0,0,29.47638
D:\ML Projects\Deep Learning\Self Drive\IMG\center_2026_09_12_22_26_32_696.jpg,D:\ML Projects\Deep Learning\Self Drive\IMG\left_2026_09_12_22_26_32_696.jpg,D:\ML Projects\Deep Learning\Self Drive\IMG\right_2026_09_12_22_26_32_696.jpg,0,0,0,29.11672
D:\ML Projects\Deep Learning\Self Drive\IMG\center_2026_09_12_22_26_32_808.jpg,D:\ML Projects\Deep Learning\Self Drive\IMG\left_2026_09_12_22_26_32_808.jpg,D:\ML Projects\Deep Learning\Self Drive\IMG\right_2026_09_12_22_26_32_808.jpg,0.25,0,0,28.79908
D:\ML Projects\Deep Learning\Self Drive\IMG\center_2026_09_12_22_26_32_927.jpg,D:\ML Projects\Deep Learning\Self Drive\IMG\left_2026_09_12_22_26_32_927.jpg,D:\ML Projects\Deep Learning\Self Drive\IMG\right_2026_09_12_22_26_32_927.jpg,0.5500001,0,0,28.2613
D:\ML Projects\Deep Learning\Self Drive\IMG\center_2026_09_12_22_26_32_992.jpg,D:\ML Projects\Deep Learning\Self Drive\IMG\left_2026_09_12_22_26_32_992.jpg,D:\ML Projects\Deep Learning\Self Drive\IMG\right_2026_09_12_22_26_32_992.jpg,0.7,0,0,27.91789
D:\ML Projects\Deep Learning\Self Drive\IMG\center_2026_09_12_22_26_33_127.jpg,D:\ML Projects\Deep Learning\Self Drive\IMG\left_2026_09_12_22_26_33_127.jpg,D:\ML Projects\Deep Learning\Self Drive\IMG\right_2026_09_12_22_26_33_127.jpg,0,0,0,27.23477
D:\ML Projects\Deep Learning\Self Drive\IMG\center_2026_09_12_22_26_33_202.jpg,D:\ML Projects\Deep Learning\Self Drive\IMG\left_2026_09_12_22_26_33_202.jpg,D:\ML Projects\Deep Learning\Self Drive\IMG\right_2026_09_12_22_26_33_202.jpg,0,0,0,26.99978
D:\ML Projects\Deep Learning\Self Drive\IMG\center_2026_09_12_22_26_33_327.jpg,D:\ML Projects\Deep Learning\Self Drive\IMG\left_2026_09_12_22_26_33_327.jpg,D:\ML Projects\Deep Learning\Self Drive\IMG\right_2026_09_12_22_26_33_327.jpg,0,0,0,26.67455
D:\ML Projects\Deep Learning\Self Drive\IMG\center_2026_09_12_22_26_33_442.jpg,D:\ML Projects\Deep Learning\Self Drive\IMG\left_2026_09_12_22_26_33_442.jpg,D:\ML Projects\Deep Learning\Self Drive\IMG\right_2026_09_12_22_26_33_442.jpg,0,0,0,26.35419
D:\ML Projects\Deep Learning\Self Drive\IMG\center_2026_09_12_22_26_33_555.jpg,D:\ML Projects\Deep Learning\Self Drive\IMG\left_2026_09_12_22_26_33_555.jpg,D:\ML Projects\Deep Learning\Self Drive\IMG\right_2026_09_12_22_26_33_555.jpg,0,0.3360045,0,26.35548
D:\ML Projects\Deep Learning\Self Drive\IMG\center_2026_09_12_22_26_33_667.jpg,D:\ML Projects\Deep Learning\Self Drive\IMG\left_2026_09_12_22_26_33_667.jpg,D:\ML Projects\Deep Learning\Self Drive\IMG\right_2026_09_12_22_26_33_667.jpg,0.15,0.6781949,0,26.76538
D:\ML Projects\Deep Learning\Self Drive\IMG\center_2026_09_12_22_26_33_774.jpg,D:\ML Projects\Deep Learning\Self Drive\IMG\left_2026_09_12_22_26_33_774.jpg,D:\ML Projects\Deep Learning\Self Drive\IMG\right_2026_09_12_22_26_33_774.jpg,0.45,0.9969944,0,27.59931
D:\ML Projects\Deep Learning\Self Drive\IMG\center_2026_09_12_22_26_33_889.jpg,D:\ML Projects\Deep Learning\Self Drive\IMG\left_2026_09_12_22_26_33_889.jpg,D:\ML Projects\Deep Learning\Self Drive\IMG\right_2026_09_12_22_26_33_889.jpg,0.7,1,0,28.27262
D:\ML Projects\Deep Learning\Self Drive\IMG\center_2026_09_12_22_26_33_997.jpg,D:\ML Projects\Deep Learning\Self Drive\IMG\left_2026_09_12_22_26_33_997.jpg,D:\ML Projects\Deep Learning\Self Drive\IMG\right_2026_09_12_22_26_33_997.jpg,1,0.6816252,0,28.61399
D:\ML Projects\Deep Learning\Self Drive\IMG\center_2026_09_12_22_26_34_112.jpg,D:\ML Projects\Deep Learning\Self Drive\IMG\left_2026_09_12_22_26_34_112.jpg,D:\ML Projects\Deep Learning\Self Drive\IMG\right_2026_09_12_22_26_34_112.jpg,1,0.3318543,0,28.49795
D:\ML Projects\Deep Learning\Self Drive\IMG\center_2026_09_12_22_26_34_240.jpg,D:\ML Projects\Deep Learning\Self Drive\IMG\left_2026_09_12_22_26_34_240.jpg,D:\ML Projects\Deep Learning\Self Drive\IMG\right_2026_09_12_22_26_34_240.jpg,0,0,0,28.13072
D:\ML Projects\Deep Learning\Self Drive\IMG\center_2026_09_12_22_26_34_359.jpg,D:\ML Projects\Deep Learning\Self Drive\IMG\left_2026_09_12_22_26_34_359.jpg,D:\ML Projects\Deep Learning\Self Drive\IMG\right_2026_09_12_22_26_34_359.jpg,0,0.3575037,0,28.08605
D:\ML Projects\Deep Learning\Self Drive\IMG\center_2026_09_12_22_26_34_474.jpg,D:\ML Projects\Deep Learning\Self Drive\IMG\left_2026_09_12_22_26_34_474.jpg,D:\ML Projects\Deep Learning\Self Drive\IMG\right_2026_09_12_22_26_34_474.jpg,0.3,0.7030284,0,28.56463
D:\ML Projects\Deep Learning\Self Drive\IMG\center_2026_09_12_22_26_34_588.jpg,D:\ML Projects\Deep Learning\Self Drive\IMG\left_2026_09_12_22_26_34_588.jpg,D:\ML Projects\Deep Learning\Self Drive\IMG\right_2026_09_12_22_26_34_588.jpg,0,1,0,29.31568
D:\ML Projects\Deep Learning\Self Drive\IMG\center_2026_09_12_22_26_34_706.jpg,D:\ML Projects\Deep Learning\Self Drive\IMG\left_2026_09_12_22_26_34_706.jpg,D:\ML Projects\Deep Learning\Self Drive\IMG\right_2026_09_12_22_26_34_706.jpg,0.15,1,0,30.18895
D:\ML Projects\Deep Learning\Self Drive\IMG\center_2026_09_12_22_26_34_827.jpg,D:\ML Projects\Deep Learning\Self Drive\IMG\left_2026_09_12_22_26_34_827.jpg,D:\ML Projects\Deep Learning\Self Drive\IMG\right_2026_09_12_22_26_34_827.jpg,0.45,1,0,30.15477
D:\ML Projects\Deep Learning\Self Drive\IMG\center_2026_09_12_22_26_34_950.jpg,D:\ML Projects\Deep Learning\Self Drive\IMG\left_2026_09_12_22_26_34_950.jpg,D:\ML Projects\Deep Learning\Self Drive\IMG\right_2026_09_12_22_26_34_950.jpg,0,1,0,30.18939
D:\ML Projects\Deep Learning\Self Drive\IMG\center_2026_09_12_22_26_35_068.jpg,D:\ML Projects\Deep Learning\Self Drive\IMG\left_2026_09_12_22_26_35_068.jpg,D:\ML Projects\Deep Learning\Self Drive\IMG\right_2026_09_12_22_26_35_068.jpg,0,1,0,30.18964
D:\ML Projects\Deep Learning\Self Drive\IMG\center_2026_09_12_22_26_35_135.jpg,D:\ML Projects\Deep Learning\Self Drive\IMG\left_2026_09_12_22_26_35_135.jpg,D:\ML Projects\Deep Learning\Self Drive\IMG\right_2026_09_12_22_26_35_135.jpg,0.2,1,0,30.18154
D:\ML Projects\Deep Learning\Self Drive\IMG\center_2026_09_12_22_26_35_211.jpg,D:\ML Projects\Deep Learning\Self Drive\IMG\left_2026_09_12_22_26_35_211.jpg,D:\ML Projects\Deep Learning\Self Drive\IMG\right_2026_09_12_22_26_35_211.jpg,0.35,1,0,30.16499
D:\ML Projects\Deep Learning\Self Drive\IMG\center_2026_09_12_22_26_35_337.jpg,D:\ML Projects\Deep Learning\Self Drive\IMG\left_2026_09_12_22_26_35_337.jpg,D:\ML Projects\Deep Learning\Self Drive\IMG\right_2026_09_12_22_26_35_337.jpg,0,1,0,30.19009
D:\ML Projects\Deep Learning\Self Drive\IMG\center_2026_09_12_22_26_35_443.jpg,D:\ML Projects\Deep Learning\Self Drive\IMG\left_2026_09_12_22_26_35_443.jpg,D:\ML Projects\Deep Learning\Self Drive\IMG\right_2026_09_12_22_26_35_443.jpg,0,1,0,30.19029
D:\ML Projects\Deep Learning\Self Drive\IMG\center_2026_09_12_22_26_35_576.jpg,D:\ML Projects\Deep Learning\Self Drive\IMG\left_2026_09_12_22_26_35_576.jpg,D:\ML Projects\Deep Learning\Self Drive\IMG\right_2026_09_12_22_26_35_576.jpg,0,1,0,30.19012
D:\ML Projects\Deep Learning\Self Drive\IMG\center_2026_09_12_22_26_35_711.jpg,D:\ML Projects\Deep Learning\Self Drive\IMG\left_2026_09_12_22_26_35_711.jpg,D:\ML Projects\Deep Learning\Self Drive\IMG\right_2026_09_12_22_26_35_711.jpg,0,1,0,30.19029
D:\ML Projects\Deep Learning\Self Drive\IMG\center_2026_09_12_22_26_35_842.jpg,D:\ML Projects\Deep Learning\Self Drive\IMG\left_2026_09_12_22_26_35_842.jpg,D:\ML Projects\Deep Learning\Self Drive\IMG\right_2026_09_12_22_26_35_842.jpg,0,1,0,30.1903
D:\ML Projects\Deep Learning\Self Drive\IMG\center_2026_09_12_22_26_35_909.jpg,D:\ML Projects\Deep Learning\Self Drive\IMG\left_2026_09_12_22_26_35_909.jpg,D:\ML Projects\Deep Learning\Self Drive\IMG\right_2026_09_12_22_26_35_909.jpg,0.15,1,0,30.18404
D:\ML Projects\Deep Learning\Self Drive\IMG\center_2026_09_12_22_26_35_980.jpg,D:\ML Projects\Deep Learning\Self Drive\IMG\left_2026_09_12_22_26_35_980.jpg,D:\ML Projects\Deep Learning\Self Drive\IMG\right_2026_09_12_22_26_35_980.jpg,0,1,0,30.19032
D:\ML Projects\Deep Learning\Self Drive\IMG\center_2026_09_12_22_26_36_120.jpg,D:\ML Projects\Deep Learning\Self Drive\IMG\left_2026_09_12_22_26_36_120.jpg,D:\ML Projects\Deep Learning\Self Drive\IMG\right_2026_09_12_22_26_36_120.jpg,0,1,0,30.19007
D:\ML Projects\Deep Learning\Self Drive\IMG\center_2026_09_12_22_26_36_247.jpg,D:\ML Projects\Deep Learning\Self Drive\IMG\left_2026_09_12_22_26_36_247.jpg,D:\ML Projects\Deep Learning\Self Drive\IMG\right_2026_09_12_22_26_36_247.jpg,0,1,0,30.1903
D:\ML Projects\Deep Learning\Self Drive\IMG\center_2026_09_12_22_26_36_362.jpg,D:\ML Projects\Deep Learning\Self Drive\IMG\left_2026_09_12_22_26_36_362.jpg,D:\ML Projects\Deep Learning\Self Drive\IMG\right_2026_09_12_22_26_36_362.jpg,0.3,1,0,30.16937
D:\ML Projects\Deep Learning\Self Drive\IMG\center_2026_09_12_22_26_36_432.jpg,D:\ML Projects\Deep Learning\Self Drive\IMG\left_2026_09_12_22_26_36_432.jpg,D:\ML Projects\Deep Learning\Self Drive\IMG\right_2026_09_12_22_26_36_432.jpg,0,1,0,30.18884
D:\ML Projects\Deep Learning\Self Drive\IMG\center_2026_09_12_22_26_36_540.jpg,D:\ML Projects\Deep Learning\Self Drive\IMG\left_2026_09_12_22_26_36_540.jpg,D:\ML Projects\Deep Learning\Self Drive\IMG\right_2026_09_12_22_26_36_540.jpg,0,1,0,30.19019
D:\ML Projects\Deep Learning\Self Drive\IMG\center_2026_09_12_22_26_36_646.jpg,D:\ML Projects\Deep Learning\Self Drive\IMG\left_2026_09_12_22_26_36_646.jpg,D:\ML Projects\Deep Learning\Self Drive\IMG\right_2026_09_12_22_26_36_646.jpg,0.25,1,0,30.17635
D:\ML Projects\Deep Learning\Self Drive\IMG\center_2026_09_12_22_26_36_754.jpg,D:\ML Projects\Deep Learning\Self Drive\IMG\left_2026_09_12_22_26_36_754.jpg,D:\ML Projects\Deep Learning\Self Drive\IMG\right_2026_09_12_22_26_36_754.jpg,0,1,0,30.19015
D:\ML Projects\Deep Learning\Self Drive\IMG\center_2026_09_12_22_26_36_862.jpg,D:\ML Projects\Deep Learning\Self Drive\IMG\left_2026_09_12_22_26_36_862.jpg,D:\ML Projects\Deep Learning\Self Drive\IMG\right_2026_09_12_22_26_36_862.jpg,0,1,0,30.19027
D:\ML Projects\Deep Learning\Self Drive\IMG\center_2026_09_12_22_26_36_983.jpg,D:\ML Projects\Deep Learning\Self Drive\IMG\left_2026_09_12_22_26_36_983.jpg,D:\ML Projects\Deep Learning\Self Drive\IMG\right_2026_09_12_22_26_36_983.jpg,0,1,0,30.19031
D:\ML Projects\Deep Learning\Self Drive\IMG\center_2026_09_12_22_26_37_110.jpg,D:\ML Projects\Deep Learning\Self Drive\IMG\left_2026_09_12_22_26_37_110.jpg,D:\ML Projects\Deep Learning\Self Drive\IMG\right_2026_09_12_22_26_37_110.jpg,0.15,1,0,30.18431
D:\ML Projects\Deep Learning\Self Drive\IMG\center_2026_09_12_22_26_37_243.jpg,D:\ML Projects\Deep Learning\Self Drive\IMG\left_2026_09_12_22_26_37_243.jpg,D:\ML Projects\Deep Learning\Self Drive\IMG\right_2026_09_12_22_26_37_243.jpg,0,1,0,30.18992
D:\ML Projects\Deep Learning\Self Drive\IMG\center_2026_09_12_22_26_37_366.jpg,D:\ML Projects\Deep Learning\Self Drive\IMG\left_2026_09_12_22_26_37_366.jpg,D:\ML Projects\Deep Learning\Self Drive\IMG\right_2026_09_12_22_26_37_366.jpg,0,1,0,30.19026
D:\ML Projects\Deep Learning\Self Drive\IMG\center_2026_09_12_22_26_37_436.jpg,D:\ML Projects\Deep Learning\Self Drive\IMG\left_2026_09_12_22_26_37_436.jpg,D:\ML Projects\Deep Learning\Self Drive\IMG\right_2026_09_12_22_26_37_436.jpg,0,1,0,30.1903
D:\ML Projects\Deep Learning\Self Drive\IMG\center_2026_09_12_22_26_37_557.jpg,D:\ML Projects\Deep Learning\Self Drive\IMG\left_2026_09_12_22_26_37_557.jpg,D:\ML Projects\Deep Learning\Self Drive\IMG\right_2026_09_12_22_26_37_557.jpg,0,1,0,30.19027
D:\ML Projects\Deep Learning\Self Drive\IMG\center_2026_09_12_22_26_37_628.jpg,D:\ML Projects\Deep Learning\Self Drive\IMG\left_2026_09_12_22_26_37_628.jpg,D:\ML Projects\Deep Learning\Self Drive\IMG\right_2026_09_12_22_26_37_628.jpg,0,1,0,30.19029
D:\ML Projects\Deep Learning\Self Drive\IMG\center_2026_09_12_22_26_37_712.jpg,D:\ML Projects\Deep Learning\Self Drive\IMG\left_2026_09_12_22_26_37_712.jpg,D:\ML Projects\Deep Learning\Self Drive\IMG\right_2026_09_12_22_26_37_712.jpg,0,1,0,30.19028
D:\ML Projects\Deep Learning\Self Drive\IMG\center_2026_09_12_22_26_37_799.jpg,D:\ML Projects\Deep Learning\Self Drive\IMG\left_2026_09_12_22_26_37_799.jpg,D:\ML Projects\Deep Learning\Self Drive\IMG\right_2026_09_12_22_26_37_799.jpg,-0.25,1,0,30.17475
D:\ML Projects\Deep Learning\Self Drive\IMG\center_2026_09_12_22_26_37_907.jpg,D:\ML Projects\Deep Learning\Self Drive\IMG\left_2026_09_12_22_26_37_907.jpg,D:\ML Projects\Deep Learning\Self Drive\IMG\right_2026_09_12_22_26_37_907.jpg,0,1,0,30.18995
D:\ML Projects\Deep Learning\Self Drive\IMG\center_2026_09_12_22_26_38_011.jpg,D:\ML Projects\Deep Learning\Self Drive\IMG\left_2026_09_12_22_26_38_011.jpg,D:\ML Projects\Deep Learning\Self Drive\IMG\right_2026_09_12_22_26_38_011.jpg,0,1,0,30.19026
D:\ML Projects\Deep Learning\Self Drive\IMG\center_2026_09_12_22_26_38_119.jpg,D:\ML Projects\Deep Learning\Self Drive\IMG\left_2026_09_12_22_26_38_119.jpg,D:\ML Projects\Deep Learning\Self Drive\IMG\right_2026_09_12_22_26_38_119.jpg,0,1,0,30.19029
D:\ML Projects\Deep Learning\Self Drive\IMG\center_2026_09_12_22_26_38_220.jpg,D:\ML Projects\Deep Learning\Self Drive\IMG\left_2026_09_12_22_26_38_220.jpg,D:\ML Projects\Deep Learning\Self Drive\IMG\right_2026_09_12_22_26_38_220.jpg,0,1,0,30.19031
D:\ML Projects\Deep Learning\Self Drive\IMG\center_2026_09_12_22_26_38_313.jpg,D:\ML Projects\Deep Learning\Self Drive\IMG\left_2026_09_12_22_26_38_313.jpg,D:\ML Projects\Deep Learning\Self Drive\IMG\right_2026_09_12_22_26_38_313.jpg,0,1,0,30.1903
D:\ML Projects\Deep Learning\Self Drive\IMG\center_2026_09_12_22_26_38_399.jpg,D:\ML Projects\Deep Learning\Self Drive\IMG\left_2026_09_12_22_26_38_399.jpg,D:\ML Projects\Deep Learning\Self Drive\IMG\right_2026_09_12_22_26_38_399.jpg,0,1,0,30.19028
D:\ML Projects\Deep Learning\Self Drive\IMG\center_2026_09_12_22_26_38_487.jpg,D:\ML Projects\Deep Learning\Self Drive\IMG\left_2026_09_12_22_26_38_487.jpg,D:\ML Projects\Deep Learning\Self Drive\IMG\right_2026_09_12_22_26_38_487.jpg,0,1,0,30.19032
D:\ML Projects\Deep Learning\Self Drive\IMG\center_2026_09_12_22_26_38_569.jpg,D:\ML Projects\Deep Learning\Self Drive\IMG\left_2026_09_12_22_26_38_569.jpg,D:\ML Projects\Deep Learning\Self Drive\IMG\right_2026_09_12_22_26_38_569.jpg,0,1,0,30.19028
D:\ML Projects\Deep Learning\Self Drive\IMG\center_2026_09_12_22_26_38_647.jpg,D:\ML Projects\Deep Learning\Self Drive\IMG\left_2026_09_12_22_26_38_647.jpg,D:\ML Projects\Deep Learning\Self Drive\IMG\right_2026_09_12_22_26_38_647.jpg,0,1,0,30.19029
D:\ML Projects\Deep Learning\Self Drive\IMG\center_2026_09_12_22_26_38_727.jpg,D:\ML Projects\Deep Learning\Self Drive\IMG\left_2026_09_12_22_26_38_727.jpg,D:\ML Projects\Deep Learning\Self Drive\IMG\right_2026_09_12_22_26_38_727.jpg,0,1,0,30.19029
D:\ML Projects\Deep Learning\Self Drive\IMG\center_2026_09_12_22_26_38_806.jpg,D:\ML Projects\Deep Learning\Self Drive\IMG\left_2026_09_12_22_26_38_806.jpg,D:\ML Projects\Deep Learning\Self Drive\IMG\right_2026_09_12_22_26_38_806.jpg,0,1,0,30.19029
D:\ML Projects\Deep Learning\Self Drive\IMG\center_2026_09_12_22_26_38_887.jpg,D:\ML Projects\Deep Learning\Self Drive\IMG\left_2026_09_12_22_26_38_887.jpg,D:\ML Projects\Deep Learning\Self Drive\IMG\right_2026_09_12_22_26_38_887.jpg,-0.2,1,0,30.17983
D:\ML Projects\Deep Learning\Self Drive\IMG\center_2026_09_12_22_26_38_954.jpg,D:\ML Projects\Deep Learning\Self Drive\IMG\left_2026_09_12_22_26_38_954.jpg,D:\ML Projects\Deep Learning\Self Drive\IMG\right_2026_09_12_22_26_38_954.jpg,-0.4,1,0,30.15752
D:\ML Projects\Deep Learning\Self Drive\IMG\center_2026_09_12_22_26_39_083.jpg,D:\ML Projects\Deep Learning\Self Drive\IMG\left_2026_09_12_22_26_39_083.jpg,D:\ML Projects\Deep Learning\Self Drive\IMG\right_2026_09_12_22_26_39_083.jpg,0,1,0,30.1896
D:\ML Projects\Deep Learning\Self Drive\IMG\center_2026_09_12_22_26_39_181.jpg,D:\ML Projects\Deep Learning\Self Drive\IMG\left_2026_09_12_22_26_39_181.jpg,D:\ML Projects\Deep Learning\Self Drive\IMG\right_2026_09_12_22_26_39_181.jpg,0,1,0,30.1902
D:\ML Projects\Deep Learning\Self Drive\IMG\center_2026_09_12_22_26_39_285.jpg,D:\ML Projects\Deep Learning\Self Drive\IMG\left_2026_09_12_22_26_39_285.jpg,D:\ML Projects\Deep Learning\Self Drive\IMG\right_2026_09_12_22_26_39_285.jpg,0,1,0,30.19028
D:\ML Projects\Deep Learning\Self Drive\IMG\center_2026_09_12_22_26_39_393.jpg,D:\ML Projects\Deep Learning\Self Drive\IMG\left_2026_09_12_22_26_39_393.jpg,D:\ML Projects\Deep Learning\Self Drive\IMG\right_2026_09_12_22_26_39_393.jpg,0,1,0,30.19029
D:\ML Projects\Deep Learning\Self Drive\IMG\center_2026_09_12_22_26_39_515.jpg,D:\ML Projects\Deep Learning\Self Drive\IMG\left_2026_09_12_22_26_39_515.jpg,D:\ML Projects\Deep Learning\Self Drive\IMG\right_2026_09_12_22_26_39_515.jpg,0,1,0,30.1903
D:\ML Projects\Deep Learning\Self Drive\IMG\center_2026_09_12_22_26_39_651.jpg,D:\ML Projects\Deep Learning\Self Drive\IMG\left_2026_09_12_22_26_39_651.jpg,D:\ML Projects\Deep Learning\Self Drive\IMG\right_2026_09_12_22_26_39_651.jpg,0,1,0,30.19032
D:\ML Projects\Deep Learning\Self Drive\IMG\center_2026_09_12_22_26_39_754.jpg,D:\ML Projects\Deep Learning\Self Drive\IMG\left_2026_09_12_22_26_39_754.jpg,D:\ML Projects\Deep Learning\Self Drive\IMG\right_2026_09_12_22_26_39_754.jpg,0,1,0,30.1903
D:\ML Projects\Deep Learning\Self Drive\IMG\center_2026_09_12_22_26_39_821.jpg,D:\ML Projects\Deep Learning\Self Drive\IMG\left_2026_09_12_22_26_39_821.jpg,D:\ML Projects\Deep Learning\Self Drive\IMG\right_2026_09_12_22_26_39_821.jpg,0,1,0,30.19009
D:\ML Projects\Deep Learning\Self Drive\IMG\center_2026_09_12_22_26_39_945.jpg,D:\ML Projects\Deep Learning\Self Drive\IMG\left_2026_09_12_22_26_39_945.jpg,D:\ML Projects\Deep Learning\Self Drive\IMG\right_2026_09_12_22_26_39_945.jpg,0,1,0,30.19018
D:\ML Projects\Deep Learning\Self Drive\IMG\center_2026_09_12_22_26_40_064.jpg,D:\ML Projects\Deep Learning\Self Drive\IMG\left_2026_09_12_22_26_40_064.jpg,D:\ML Projects\Deep Learning\Self Drive\IMG\right_2026_09_12_22_26_40_064.jpg,0,1,0,30.19011
D:\ML Projects\Deep Learning\Self Drive\IMG\center_2026_09_12_22_26_40_186.jpg,D:\ML Projects\Deep Learning\Self Drive\IMG\left_2026_09_12_22_26_40_186.jpg,D:\ML Projects\Deep Learning\Self Drive\IMG\right_2026_09_12_22_26_40_186.jpg,0,1,0,30.19013
D:\ML Projects\Deep Learning\Self Drive\IMG\center_2026_09_12_22_26_40_309.jpg,D:\ML Projects\Deep Learning\Self Drive\IMG\left_2026_09_12_22_26_40_309.jpg,D:\ML Projects\Deep Learning\Self Drive\IMG\right_2026_09_12_22_26_40_309.jpg,0,1,0,30.19069
D:\ML Projects\Deep Learning\Self Drive\IMG\center_2026_09_12_22_26_40_438.jpg,D:\ML Projects\Deep Learning\Self Drive\IMG\left_2026_09_12_22_26_40_438.jpg,D:\ML Projects\Deep Learning\Self Drive\IMG\right_2026_09_12_22_26_40_438.jpg,0,1,0,30.19033
D:\ML Projects\Deep Learning\Self Drive\IMG\center_2026_09_12_22_26_40_567.jpg,D:\ML Projects\Deep Learning\Self Drive\IMG\left_2026_09_12_22_26_40_567.jpg,D:\ML Projects\Deep Learning\Self Drive\IMG\right_2026_09_12_22_26_40_567.jpg,0,1,0,30.19016
D:\ML Projects\Deep Learning\Self Drive\IMG\center_2026_09_12_22_26_40_696.jpg,D:\ML Projects\Deep Learning\Self Drive\IMG\left_2026_09_12_22_26_40_696.jpg,D:\ML Projects\Deep Learning\Self Drive\IMG\right_2026_09_12_22_26_40_696.jpg,0,1,0,30.19033
D:\ML Projects\Deep Learning\Self Drive\IMG\center_2026_09_12_22_26_40_828.jpg,D:\ML Projects\Deep Learning\Self Drive\IMG\left_2026_09_12_22_26_40_828.jpg,D:\ML Projects\Deep Learning\Self Drive\IMG\right_2026_09_12_22_26_40_828.jpg,0,1,0,30.19031
D:\ML Projects\Deep Learning\Self Drive\IMG\center_2026_09_12_22_26_40_902.jpg,D:\ML Projects\Deep Learning\Self Drive\IMG\left_2026_09_12_22_26_40_902.jpg,D:\ML Projects\Deep Learning\Self Drive\IMG\right_2026_09_12_22_26_40_902.jpg,-0.2,1,0,30.18034
D:\ML Projects\Deep Learning\Self Drive\IMG\center_2026_09_12_22_26_41_046.jpg,D:\ML Projects\Deep Learning\Self Drive\IMG\left_2026_09_12_22_26_41_046.jpg,D:\ML Projects\Deep Learning\Self Drive\IMG\right_2026_09_12_22_26_41_046.jpg,0,1,0,30.18953
D:\ML Projects\Deep Learning\Self Drive\IMG\center_2026_09_12_22_26_41_171.jpg,D:\ML Projects\Deep Learning\Self Drive\IMG\left_2026_09_12_22_26_41_171.jpg,D:\ML Projects\Deep Learning\Self Drive\IMG\right_2026_09_12_22_26_41_171.jpg,0,1,0,30.19049
D:\ML Projects\Deep Learning\Self Drive\IMG\center_2026_09_12_22_26_41_304.jpg,D:\ML Projects\Deep Learning\Self Drive\IMG\left_2026_09_12_22_26_41_304.jpg,D:\ML Projects\Deep Learning\Self Drive\IMG\right_2026_09_12_22_26_41_304.jpg,-0.2,1,0,30.18068
D:\ML Projects\Deep Learning\Self Drive\IMG\center_2026_09_12_22_26_41_371.jpg,D:\ML Projects\Deep Learning\Self Drive\IMG\left_2026_09_12_22_26_41_371.jpg,D:\ML Projects\Deep Learning\Self Drive\IMG\right_2026_09_12_22_26_41_371.jpg,-0.35,1,0,30.16431
D:\ML Projects\Deep Learning\Self Drive\IMG\center_2026_09_12_22_26_41_507.jpg,D:\ML Projects\Deep Learning\Self Drive\IMG\left_2026_09_12_22_26_41_507.jpg,D:\ML Projects\Deep Learning\Self Drive\IMG\right_2026_09_12_22_26_41_507.jpg,0,1,0,30.18977
D:\ML Projects\Deep Learning\Self Drive\IMG\center_2026_09_12_22_26_41_636.jpg,D:\ML Projects\Deep Learning\Self Drive\IMG\left_2026_09_12_22_26_41_636.jpg,D:\ML Projects\Deep Learning\Self Drive\IMG\right_2026_09_12_22_26_41_636.jpg,-0.2,1,0,30.18148
D:\ML Projects\Deep Learning\Self Drive\IMG\center_2026_09_12_22_26_41_769.jpg,D:\ML Projects\Deep Learning\Self Drive\IMG\left_2026_09_12_22_26_41_769.jpg,D:\ML Projects\Deep Learning\Self Drive\IMG\right_2026_09_12_22_26_41_769.jpg,-0.5000001,1,0,30.14649
D:\ML Projects\Deep Learning\Self Drive\IMG\center_2026_09_12_22_26_41_895.jpg,D:\ML Projects\Deep Learning\Self Drive\IMG\left_2026_09_12_22_26_41_895.jpg,D:\ML Projects\Deep Learning\Self Drive\IMG\right_2026_09_12_22_26_41_895.jpg,0,1,0,30.17834
D:\ML Projects\Deep Learning\Self Drive\IMG\center_2026_09_12_22_26_41_975.jpg,D:\ML Projects\Deep Learning\Self Drive\IMG\left_2026_09_12_22_26_41_975.jpg,D:\ML Projects\Deep Learning\Self Drive\IMG\right_2026_09_12_22_26_41_975.jpg,0,1,0,30.18777
D:\ML Projects\Deep Learning\Self Drive\IMG\center_2026_09_12_22_26_42_100.jpg,D:\ML Projects\Deep Learning\Self Drive\IMG\left_2026_09_12_22_26_42_100.jpg,D:\ML Projects\Deep Learning\Self Drive\IMG\right_2026_09_12_22_26_42_100.jpg,-0.15,1,0,30.18717
D:\ML Projects\Deep Learning\Self Drive\IMG\center_2026_09_12_22_26_42_170.jpg,D:\ML Projects\Deep Learning\Self Drive\IMG\left_2026_09_12_22_26_42_170.jpg,D:\ML Projects\Deep Learning\Self Drive\IMG\right_2026_09_12_22_26_42_170.jpg,-0.3,1,0,30.17265
D:\ML Projects\Deep Learning\Self Drive\IMG\center_2026_09_12_22_26_42_306.jpg,D:\ML Projects\Deep Learning\Self Drive\IMG\left_2026_09_12_22_26_42_306.jpg,D:\ML Projects\Deep Learning\Self Drive\IMG\right_2026_09_12_22_26_42_306.jpg,0,1,0,30.19014
D:\ML Projects\Deep Learning\Self Drive\IMG\center_2026_09_12_22_26_42_376.jpg,D:\ML Projects\Deep Learning\Self Drive\IMG\left_2026_09_12_22_26_42_376.jpg,D:\ML Projects\Deep Learning\Self Drive\IMG\right_2026_09_12_22_26_42_376.jpg,0,1,0,30.19
D:\ML Projects\Deep Learning\Self Drive\IMG\center_2026_09_12_22_26_42_505.jpg,D:\ML Projects\Deep Learning\Self Drive\IMG\left_2026_09_12_22_26_42_505.jpg,D:\ML Projects\Deep Learning\Self Drive\IMG\right_2026_09_12_22_26_42_505.jpg,0,1,0,30.18843
D:\ML Projects\Deep Learning\Self Drive\IMG\center_2026_09_12_22_26_42_574.jpg,D:\ML Projects\Deep Learning\Self Drive\IMG\left_2026_09_12_22_26_42_574.jpg,D:\ML Projects\Deep Learning\Self Drive\IMG\right_2026_09_12_22_26_42_574.jpg,-0.2,1,0,30.18019
D:\ML Projects\Deep Learning\Self Drive\IMG\center_2026_09_12_22_26_42_648.jpg,D:\ML Projects\Deep Learning\Self Drive\IMG\left_2026_09_12_22_26_42_648.jpg,D:\ML Projects\Deep Learning\Self Drive\IMG\right_2026_09_12_22_26_42_648.jpg,-0.35,1,0,30.16324
D:\ML Projects\Deep Learning\Self Drive\IMG\center_2026_09_12_22_26_42_803.jpg,D:\ML Projects\Deep Learning\Self Drive\IMG\left_2026_09_12_22_26_42_803.jpg,D:\ML Projects\Deep Learning\Self Drive\IMG\right_2026_09_12_22_26_42_803.jpg,0,1,0,30.18872
D:\ML Projects\Deep Learning\Self Drive\IMG\center_2026_09_12_22_26_42_882.jpg,D:\ML Projects\Deep Learning\Self Drive\IMG\left_2026_09_12_22_26_42_882.jpg,D:\ML Projects\Deep Learning\Self Drive\IMG\right_2026_09_12_22_26_42_882.jpg,0,1,0,30.18987
D:\ML Projects\Deep Learning\Self Drive\IMG\center_2026_09_12_22_26_42_999.jpg,D:\ML Projects\Deep Learning\Self Drive\IMG\left_2026_09_12_22_26_42_999.jpg,D:\ML Projects\Deep Learning\Self Drive\IMG\right_2026_09_12_22_26_42_999.jpg,-0.3,1,0,30.1725
D:\ML Projects\Deep Learning\Self Drive\IMG\center_2026_09_12_22_26_43_075.jpg,D:\ML Projects\Deep Learning\Self Drive\IMG\left_2026_09_12_22_26_43_075.jpg,D:\ML Projects\Deep Learning\Self Drive\IMG\right_2026_09_12_22_26_43_075.jpg,-0.5000001,1,0,30.14725
D:\ML Projects\Deep Learning\Self Drive\IMG\center_2026_09_12_22_26_43_217.jpg,D:\ML Projects\Deep Learning\Self Drive\IMG\left_2026_09_12_22_26_43_217.jpg,D:\ML Projects\Deep Learning\Self Drive\IMG\right_2026_09_12_22_26_43_217.jpg,0,1,0,30.18957
D:\ML Projects\Deep Learning\Self Drive\IMG\center_2026_09_12_22_26_43_310.jpg,D:\ML Projects\Deep Learning\Self Drive\IMG\left_2026_09_12_22_26_43_310.jpg,D:\ML Projects\Deep Learning\Self Drive\IMG\right_2026_09_12_22_26_43_310.jpg,0,1,0,30.19064
D:\ML Projects\Deep Learning\Self Drive\IMG\center_2026_09_12_22_26_43_441.jpg,D:\ML Projects\Deep Learning\Self Drive\IMG\left_2026_09_12_22_26_43_441.jpg,D:\ML Projects\Deep Learning\Self Drive\IMG\right_2026_09_12_22_26_43_441.jpg,-0.35,1,0,30.16509
D:\ML Projects\Deep Learning\Self Drive\IMG\center_2026_09_12_22_26_43_507.jpg,D:\ML Projects\Deep Learning\Self Drive\IMG\left_2026_09_12_22_26_43_507.jpg,D:\ML Projects\Deep Learning\Self Drive\IMG\right_2026_09_12_22_26_43_507.jpg,-0.5000001,1,0,30.14755
D:\ML Projects\Deep Learning\Self Drive\IMG\center_2026_09_12_22_26_43_580.jpg,D:\ML Projects\Deep Learning\Self Drive\IMG\left_2026_09_12_22_26_43_580.jpg,D:\ML Projects\Deep Learning\Self Drive\IMG\right_2026_09_12_22_26_43_580.jpg,-0.7,1,0,30.12127
D:\ML Projects\Deep Learning\Self Drive\IMG\center_2026_09_12_22_26_43_654.jpg,D:\ML Projects\Deep Learning\Self Drive\IMG\left_2026_09_12_22_26_43_654.jpg,D:\ML Projects\Deep Learning\Self Drive\IMG\right_2026_09_12_22_26_43_654.jpg,0,1,0,30.18269
D:\ML Projects\Deep Learning\Self Drive\IMG\center_2026_09_12_22_26_43_723.jpg,D:\ML Projects\Deep Learning\Self Drive\IMG\left_2026_09_12_22_26_43_723.jpg,D:\ML Projects\Deep Learning\Self Drive\IMG\right_2026_09_12_22_26_43_723.jpg,0,1,0,30.18975
D:\ML Projects\Deep Learning\Self Drive\IMG\center_2026_09_12_22_26_43_800.jpg,D:\ML Projects\Deep Learning\Self Drive\IMG\left_2026_09_12_22_26_43_800.jpg,D:\ML Projects\Deep Learning\Self Drive\IMG\right_2026_09_12_22_26_43_800.jpg,-0.2,1,0,30.18641
D:\ML Projects\Deep Learning\Self Drive\IMG\center_2026_09_12_22_26_43_883.jpg,D:\ML Projects\Deep Learning\Self Drive\IMG\left_2026_09_12_22_26_43_883.jpg,D:\ML Projects\Deep Learning\Self Drive\IMG\right_2026_09_12_22_26_43_883.jpg,-0.4,1,0,30.16307
D:\ML Projects\Deep Learning\Self Drive\IMG\center_2026_09_12_22_26_44_023.jpg,D:\ML Projects\Deep Learning\Self Drive\IMG\left_2026_09_12_22_26_44_023.jpg,D:\ML Projects\Deep Learning\Self Drive\IMG\right_2026_09_12_22_26_44_023.jpg,0,1,0,30.19082
D:\ML Projects\Deep Learning\Self Drive\IMG\center_2026_09_12_22_26_44_102.jpg,D:\ML Projects\Deep Learning\Self Drive\IMG\left_2026_09_12_22_26_44_102.jpg,D:\ML Projects\Deep Learning\Self Drive\IMG\right_2026_09_12_22_26_44_102.jpg,-0.2,1,0,30.18346
D:\ML Projects\Deep Learning\Self Drive\IMG\center_2026_09_12_22_26_44_176.jpg,D:\ML Projects\Deep Learning\Self Drive\IMG\left_2026_09_12_22_26_44_176.jpg,D:\ML Projects\Deep Learning\Self Drive\IMG\right_2026_09_12_22_26_44_176.jpg,-0.4,1,0,30.15578
D:\ML Projects\Deep Learning\Self Drive\IMG\center_2026_09_12_22_26_44_247.jpg,D:\ML Projects\Deep Learning\Self Drive\IMG\left_2026_09_12_22_26_44_247.jpg,D:\ML Projects\Deep Learning\Self Drive\IMG\right_2026_09_12_22_26_44_247.jpg,0,1,0,30.18844
D:\ML Projects\Deep Learning\Self Drive\IMG\center_2026_09_12_22_26_44_334.jpg,D:\ML Projects\Deep Learning\Self Drive\IMG\left_2026_09_12_22_26_44_334.jpg,D:\ML Projects\Deep Learning\Self Drive\IMG\right_2026_09_12_22_26_44_334.jpg,0,1,0,30.1904
D:\ML Projects\Deep Learning\Self Drive\IMG\center_2026_09_12_22_26_44_406.jpg,D:\ML Projects\Deep Learning\Self Drive\IMG\left_2026_09_12_22_26_44_406.jpg,D:\ML Projects\Deep Learning\Self Drive\IMG\right_2026_09_12_22_26_44_406.jpg,0,1,0,30.19073
D:\ML Projects\Deep Learning\Self Drive\IMG\center_2026_09_12_22_26_44_474.jpg,D:\ML Projects\Deep Learning\Self Drive\IMG\left_2026_09_12_22_26_44_474.jpg,D:\ML Projects\Deep Learning\Self Drive\IMG\right_2026_09_12_22_26_44_474.jpg,-0.2,1,0,30.18079
D:\ML Projects\Deep Learning\Self Drive\IMG\center_2026_09_12_22_26_44_548.jpg,D:\ML Projects\Deep Learning\Self Drive\IMG\left_2026_09_12_22_26_44_548.jpg,D:\ML Projects\Deep Learning\Self Drive\IMG\right_2026_09_12_22_26_44_548.jpg,-0.35,1,0,30.16422
D:\ML Projects\Deep Learning\Self Drive\IMG\center_2026_09_12_22_26_44_623.jpg,D:\ML Projects\Deep Learning\Self Drive\IMG\left_2026_09_12_22_26_44_623.jpg,D:\ML Projects\Deep Learning\Self Drive\IMG\right_2026_09_12_22_26_44_623.jpg,-0.5500001,1,0,30.13985
D:\ML Projects\Deep Learning\Self Drive\IMG\center_2026_09_12_22_26_44_692.jpg,D:\ML Projects\Deep Learning\Self Drive\IMG\left_2026_09_12_22_26_44_692.jpg,D:\ML Projects\Deep Learning\Self Drive\IMG\right_2026_09_12_22_26_44_692.jpg,-0.7,1,0,30.12145
D:\ML Projects\Deep Learning\Self Drive\IMG\center_2026_09_12_22_26_44_770.jpg,D:\ML Projects\Deep Learning\Self Drive\IMG\left_2026_09_12_22_26_44_770.jpg,D:\ML Projects\Deep Learning\Self Drive\IMG\right_2026_09_12_22_26_44_770.jpg,0,1,0,30.18257
D:\ML Projects\Deep Learning\Self Drive\IMG\center_2026_09_12_22_26_44_845.jpg,D:\ML Projects\Deep Learning\Self Drive\IMG\left_2026_09_12_22_26_44_845.jpg,D:\ML Projects\Deep Learning\Self Drive\IMG\right_2026_09_12_22_26_44_845.jpg,0,1,0,30.18894
D:\ML Projects\Deep Learning\Self Drive\IMG\center_2026_09_12_22_26_44_927.jpg,D:\ML Projects\Deep Learning\Self Drive\IMG\left_2026_09_12_22_26_44_927.jpg,D:\ML Projects\Deep Learning\Self Drive\IMG\right_2026_09_12_22_26_44_927.jpg,-0.2,1,0,30.18549
D:\ML Projects\Deep Learning\Self Drive\IMG\center_2026_09_12_22_26_45_001.jpg,D:\ML Projects\Deep Learning\Self Drive\IMG\left_2026_09_12_22_26_45_001.jpg,D:\ML Projects\Deep Learning\Self Drive\IMG\right_2026_09_12_22_26_45_001.jpg,-0.4,1,0,30.16261
D:\ML Projects\Deep Learning\Self Drive\IMG\center_2026_09_12_22_26_45_074.jpg,D:\ML Projects\Deep Learning\Self Drive\IMG\left_2026_09_12_22_26_45_074.jpg,D:\ML Projects\Deep Learning\Self Drive\IMG\right_2026_09_12_22_26_45_074.jpg,-0.5500001,1,0,30.1429
D:\ML Projects\Deep Learning\Self Drive\IMG\center_2026_09_12_22_26_45_162.jpg,D:\ML Projects\Deep Learning\Self Drive\IMG\left_2026_09_12_22_26_45_162.jpg,D:\ML Projects\Deep Learning\Self Drive\IMG\right_2026_09_12_22_26_45_162.jpg,-0.8000001,1,0,30.11167
D:\ML Projects\Deep Learning\Self Drive\IMG\center_2026_09_12_22_26_45_238.jpg,D:\ML Projects\Deep Learning\Self Drive\IMG\left_2026_09_12_22_26_45_238.jpg,D:\ML Projects\Deep Learning\Self Drive\IMG\right_2026_09_12_22_26_45_238.jpg,0,1,0,30.17892
D:\ML Projects\Deep Learning\Self Drive\IMG\center_2026_09_12_22_26_45_333.jpg,D:\ML Projects\Deep Learning\Self Drive\IMG\left_2026_09_12_22_26_45_333.jpg,D:\ML Projects\Deep Learning\Self Drive\IMG\right_2026_09_12_22_26_45_333.jpg,0,1,0,30.18827
D:\ML Projects\Deep Learning\Self Drive\IMG\center_2026_09_12_22_26_45_409.jpg,D:\ML Projects\Deep Learning\Self Drive\IMG\left_2026_09_12_22_26_45_409.jpg,D:\ML Projects\Deep Learning\Self Drive\IMG\right_2026_09_12_22_26_45_409.jpg,0,1,0,30.19011
D:\ML Projects\Deep Learning\Self Drive\IMG\center_2026_09_12_22_26_45_485.jpg,D:\ML Projects\Deep Learning\Self Drive\IMG\left_2026_09_12_22_26_45_485.jpg,D:\ML Projects\Deep Learning\Self Drive\IMG\right_2026_09_12_22_26_45_485.jpg,-0.2,1,0,30.18334
D:\ML Projects\Deep Learning\Self Drive\IMG\center_2026_09_12_22_26_45_561.jpg,D:\ML Projects\Deep Learning\Self Drive\IMG\left_2026_09_12_22_26_45_561.jpg,D:\ML Projects\Deep Learning\Self Drive\IMG\right_2026_09_12_22_26_45_561.jpg,-0.4,1,0,30.16049
D:\ML Projects\Deep Learning\Self Drive\IMG\center_2026_09_12_22_26_45_674.jpg,D:\ML Projects\Deep Learning\Self Drive\IMG\left_2026_09_12_22_26_45_674.jpg,D:\ML Projects\Deep Learning\Self Drive\IMG\right_2026_09_12_22_26_45_674.jpg,0,1,0,30.18939
D:\ML Projects\Deep Learning\Self Drive\IMG\center_2026_09_12_22_26_45_775.jpg,D:\ML Projects\Deep Learning\Self Drive\IMG\left_2026_09_12_22_26_45_775.jpg,D:\ML Projects\Deep Learning\Self Drive\IMG\right_2026_09_12_22_26_45_775.jpg,0,1,0,30.19027
D:\ML Projects\Deep Learning\Self Drive\IMG\center_2026_09_12_22_26_45_872.jpg,D:\ML Projects\Deep Learning\Self Drive\IMG\left_2026_09_12_22_26_45_872.jpg,D:\ML Projects\Deep Learning\Self Drive\IMG\right_2026_09_12_22_26_45_872.jpg,0,1,0,30.18805
D:\ML Projects\Deep Learning\Self Drive\IMG\center_2026_09_12_22_26_45_959.jpg,D:\ML Projects\Deep Learning\Self Drive\IMG\left_2026_09_12_22_26_45_959.jpg,D:\ML Projects\Deep Learning\Self Drive\IMG\right_2026_09_12_22_26_45_959.jpg,0,1,0,30.19038
D:\ML Projects\Deep Learning\Self Drive\IMG\center_2026_09_12_22_26_46_042.jpg,D:\ML Projects\Deep Learning\Self Drive\IMG\left_2026_09_12_22_26_46_042.jpg,D:\ML Projects\Deep Learning\Self Drive\IMG\right_2026_09_12_22_26_46_042.jpg,0,1,0,30.18942
D:\ML Projects\Deep Learning\Self Drive\IMG\center_2026_09_12_22_26_46_135.jpg,D:\ML Projects\Deep Learning\Self Drive\IMG\left_2026_09_12_22_26_46_135.jpg,D:\ML Projects\Deep Learning\Self Drive\IMG\right_2026_09_12_22_26_46_135.jpg,0,1,0,30.19039
D:\ML Projects\Deep Learning\Self Drive\IMG\center_2026_09_12_22_26_46_210.jpg,D:\ML Projects\Deep Learning\Self Drive\IMG\left_2026_09_12_22_26_46_210.jpg,D:\ML Projects\Deep Learning\Self Drive\IMG\right_2026_09_12_22_26_46_210.jpg,0,1,0,30.19033
D:\ML Projects\Deep Learning\Self Drive\IMG\center_2026_09_12_22_26_46_302.jpg,D:\ML Projects\Deep Learning\Self Drive\IMG\left_2026_09_12_22_26_46_302.jpg,D:\ML Projects\Deep Learning\Self Drive\IMG\right_2026_09_12_22_26_46_302.jpg,0,1,0,30.19023
D:\ML Projects\Deep Learning\Self Drive\IMG\center_2026_09_12_22_26_46_397.jpg,D:\ML Projects\Deep Learning\Self Drive\IMG\left_2026_09_12_22_26_46_397.jpg,D:\ML Projects\Deep Learning\Self Drive\IMG\right_2026_09_12_22_26_46_397.jpg,-0.25,1,0,30.17427
D:\ML Projects\Deep Learning\Self Drive\IMG\center_2026_09_12_22_26_46_498.jpg,D:\ML Projects\Deep Learning\Self Drive\IMG\left_2026_09_12_22_26_46_498.jpg,D:\ML Projects\Deep Learning\Self Drive\IMG\right_2026_09_12_22_26_46_498.jpg,0,1,0,30.18991
D:\ML Projects\Deep Learning\Self Drive\IMG\center_2026_09_12_22_26_46_603.jpg,D:\ML Projects\Deep Learning\Self Drive\IMG\left_2026_09_12_22_26_46_603.jpg,D:\ML Projects\Deep Learning\Self Drive\IMG\right_2026_09_12_22_26_46_603.jpg,0,1,0,30.18838
D:\ML Projects\Deep Learning\Self Drive\IMG\center_2026_09_12_22_26_46_689.jpg,D:\ML Projects\Deep Learning\Self Drive\IMG\left_2026_09_12_22_26_46_689.jpg,D:\ML Projects\Deep Learning\Self Drive\IMG\right_2026_09_12_22_26_46_689.jpg,0,1,0,30.19061
D:\ML Projects\Deep Learning\Self Drive\IMG\center_2026_09_12_22_26_46_757.jpg,D:\ML Projects\Deep Learning\Self Drive\IMG\left_2026_09_12_22_26_46_757.jpg,D:\ML Projects\Deep Learning\Self Drive\IMG\right_2026_09_12_22_26_46_757.jpg,0,1,0,30.19043
D:\ML Projects\Deep Learning\Self Drive\IMG\center_2026_09_12_22_26_46_885.jpg,D:\ML Projects\Deep Learning\Self Drive\IMG\left_2026_09_12_22_26_46_885.jpg,D:\ML Projects\Deep Learning\Self Drive\IMG\right_2026_09_12_22_26_46_885.jpg,-0.3,1,0,30.16969
D:\ML Projects\Deep Learning\Self Drive\IMG\center_2026_09_12_22_26_47_025.jpg,D:\ML Projects\Deep Learning\Self Drive\IMG\left_2026_09_12_22_26_47_025.jpg,D:\ML Projects\Deep Learning\Self Drive\IMG\right_2026_09_12_22_26_47_025.jpg,0,1,0,30.18813
D:\ML Projects\Deep Learning\Self Drive\IMG\center_2026_09_12_22_26_47_106.jpg,D:\ML Projects\Deep Learning\Self Drive\IMG\left_2026_09_12_22_26_47_106.jpg,D:\ML Projects\Deep Learning\Self Drive\IMG\right_2026_09_12_22_26_47_106.jpg,-0.2,1,0,30.18546
D:\ML Projects\Deep Learning\Self Drive\IMG\center_2026_09_12_22_26_47_182.jpg,D:\ML Projects\Deep Learning\Self Drive\IMG\left_2026_09_12_22_26_47_182.jpg,D:\ML Projects\Deep Learning\Self Drive\IMG\right_2026_09_12_22_26_47_182.jpg,-0.4,1,0,30.16293
D:\ML Projects\Deep Learning\Self Drive\IMG\center_2026_09_12_22_26_47_261.jpg,D:\ML Projects\Deep Learning\Self Drive\IMG\left_2026_09_12_22_26_47_261.jpg,D:\ML Projects\Deep Learning\Self Drive\IMG\right_2026_09_12_22_26_47_261.jpg,0,1,0,30.18859
D:\ML Projects\Deep Learning\Self Drive\IMG\center_2026_09_12_22_26_47_378.jpg,D:\ML Projects\Deep Learning\Self Drive\IMG\left_2026_09_12_22_26_47_378.jpg,D:\ML Projects\Deep Learning\Self Drive\IMG\right_2026_09_12_22_26_47_378.jpg,0,1,0,30.18989
D:\ML Projects\Deep Learning\Self Drive\IMG\center_2026_09_12_22_26_47_449.jpg,D:\ML Projects\Deep Learning\Self Drive\IMG\left_2026_09_12_22_26_47_449.jpg,D:\ML Projects\Deep Learning\Self Drive\IMG\right_2026_09_12_22_26_47_449.jpg,0,1,0,30.19111
D:\ML Projects\Deep Learning\Self Drive\IMG\center_2026_09_12_22_26_47_532.jpg,D:\ML Projects\Deep Learning\Self Drive\IMG\left_2026_09_12_22_26_47_532.jpg,D:\ML Projects\Deep Learning\Self Drive\IMG\right_2026_09_12_22_26_47_532.jpg,0,1,0,30.19005
D:\ML Projects\Deep Learning\Self Drive\IMG\center_2026_09_12_22_26_47_599.jpg,D:\ML Projects\Deep Learning\Self Drive\IMG\left_2026_09_12_22_26_47_599.jpg,D:\ML Projects\Deep Learning\Self Drive\IMG\right_2026_09_12_22_26_47_599.jpg,0,1,0,30.18975
D:\ML Projects\Deep Learning\Self Drive\IMG\center_2026_09_12_22_26_47_670.jpg,D:\ML Projects\Deep Learning\Self Drive\IMG\left_2026_09_12_22_26_47_670.jpg,D:\ML Projects\Deep Learning\Self Drive\IMG\right_2026_09_12_22_26_47_670.jpg,-0.15,1,0,30.18506
D:\ML Projects\Deep Learning\Self Drive\IMG\center_2026_09_12_22_26_47_750.jpg,D:\ML Projects\Deep Learning\Self Drive\IMG\left_2026_09_12_22_26_47_750.jpg,D:\ML Projects\Deep Learning\Self Drive\IMG\right_2026_09_12_22_26_47_750.jpg,-0.35,1,0,30.16364
D:\ML Projects\Deep Learning\Self Drive\IMG\center_2026_09_12_22_26_47_820.jpg,D:\ML Projects\Deep Learning\Self Drive\IMG\left_2026_09_12_22_26_47_820.jpg,D:\ML Projects\Deep Learning\Self Drive\IMG\right_2026_09_12_22_26_47_820.jpg,0,1,0,30.18943
D:\ML Projects\Deep Learning\Self Drive\IMG\center_2026_09_12_22_26_47_916.jpg,D:\ML Projects\Deep Learning\Self Drive\IMG\left_2026_09_12_22_26_47_916.jpg,D:\ML Projects\Deep Learning\Self Drive\IMG\right_2026_09_12_22_26_47_916.jpg,0,1,0,30.19015
D:\ML Projects\Deep Learning\Self Drive\IMG\center_2026_09_12_22_26_47_988.jpg,D:\ML Projects\Deep Learning\Self Drive\IMG\left_2026_09_12_22_26_47_988.jpg,D:\ML Projects\Deep Learning\Self Drive\IMG\right_2026_09_12_22_26_47_988.jpg,0,1,0,30.19025
D:\ML Projects\Deep Learning\Self Drive\IMG\center_2026_09_12_22_26_48_066.jpg,D:\ML Projects\Deep Learning\Self Drive\IMG\left_2026_09_12_22_26_48_066.jpg,D:\ML Projects\Deep Learning\Self Drive\IMG\right_2026_09_12_22_26_48_066.jpg,0,1,0,30.19029
D:\ML Projects\Deep Learning\Self Drive\IMG\center_2026_09_12_22_26_48_147.jpg,D:\ML Projects\Deep Learning\Self Drive\IMG\left_2026_09_12_22_26_48_147.jpg,D:\ML Projects\Deep Learning\Self Drive\IMG\right_2026_09_12_22_26_48_147.jpg,0,1,0,30.19029
D:\ML Projects\Deep Learning\Self Drive\IMG\center_2026_09_12_22_26_48_224.jpg,D:\ML Projects\Deep Learning\Self Drive\IMG\left_2026_09_12_22_26_48_224.jpg,D:\ML Projects\Deep Learning\Self Drive\IMG\right_2026_09_12_22_26_48_224.jpg,-0.2,1,0,30.18009
D:\ML Projects\Deep Learning\Self Drive\IMG\center_2026_09_12_22_26_48_314.jpg,D:\ML Projects\Deep Learning\Self Drive\IMG\left_2026_09_12_22_26_48_314.jpg,D:\ML Projects\Deep Learning\Self Drive\IMG\right_2026_09_12_22_26_48_314.jpg,-0.45,1,0,30.1516
D:\ML Projects\Deep Learning\Self Drive\IMG\center_2026_09_12_22_26_48_458.jpg,D:\ML Projects\Deep Learning\Self Drive\IMG\left_2026_09_12_22_26_48_458.jpg,D:\ML Projects\Deep Learning\Self Drive\IMG\right_2026_09_12_22_26_48_458.jpg,0,1,0,30.18926
D:\ML Projects\Deep Learning\Self Drive\IMG\center_2026_09_12_22_26_48_532.jpg,D:\ML Projects\Deep Learning\Self Drive\IMG\left_2026_09_12_22_26_48_532.jpg,D:\ML Projects\Deep Learning\Self Drive\IMG\right_2026_09_12_22_26_48_532.jpg,0,1,0,30.19099
D:\ML Projects\Deep Learning\Self Drive\IMG\center_2026_09_12_22_26_48_622.jpg,D:\ML Projects\Deep Learning\Self Drive\IMG\left_2026_09_12_22_26_48_622.jpg,D:\ML Projects\Deep Learning\Self Drive\IMG\right_2026_09_12_22_26_48_622.jpg,0,1,0,30.19036
D:\ML Projects\Deep Learning\Self Drive\IMG\center_2026_09_12_22_26_48_692.jpg,D:\ML Projects\Deep Learning\Self Drive\IMG\left_2026_09_12_22_26_48_692.jpg,D:\ML Projects\Deep Learning\Self Drive\IMG\right_2026_09_12_22_26_48_692.jpg,0,1,0,30.19025
D:\ML Projects\Deep Learning\Self Drive\IMG\center_2026_09_12_22_26_48_775.jpg,D:\ML Projects\Deep Learning\Self Drive\IMG\left_2026_09_12_22_26_48_775.jpg,D:\ML Projects\Deep Learning\Self Drive\IMG\right_2026_09_12_22_26_48_775.jpg,-0.25,1,0,30.17529
D:\ML Projects\Deep Learning\Self Drive\IMG\center_2026_09_12_22_26_48_851.jpg,D:\ML Projects\Deep Learning\Self Drive\IMG\left_2026_09_12_22_26_48_851.jpg,D:\ML Projects\Deep Learning\Self Drive\IMG\right_2026_09_12_22_26_48_851.jpg,-0.4,1,0,30.15793
D:\ML Projects\Deep Learning\Self Drive\IMG\center_2026_09_12_22_26_48_946.jpg,D:\ML Projects\Deep Learning\Self Drive\IMG\left_2026_09_12_22_26_48_946.jpg,D:\ML Projects\Deep Learning\Self Drive\IMG\right_2026_09_12_22_26_48_946.jpg,0,1,0,30.19013
D:\ML Projects\Deep Learning\Self Drive\IMG\center_2026_09_12_22_26_49_027.jpg,D:\ML Projects\Deep Learning\Self Drive\IMG\left_2026_09_12_22_26_49_027.jpg,D:\ML Projects\Deep Learning\Self Drive\IMG\right_2026_09_12_22_26_49_027.jpg,0,1,0,30.18995
D:\ML Projects\Deep Learning\Self Drive\IMG\center_2026_09_12_22_26_49_111.jpg,D:\ML Projects\Deep Learning\Self Drive\IMG\left_2026_09_12_22_26_49_111.jpg,D:\ML Projects\Deep Learning\Self Drive\IMG\right_2026_09_12_22_26_49_111.jpg,0,1,0,30.19017
D:\ML Projects\Deep Learning\Self Drive\IMG\center_2026_09_12_22_26_49_195.jpg,D:\ML Projects\Deep Learning\Self Drive\IMG\left_2026_09_12_22_26_49_195.jpg,D:\ML Projects\Deep Learning\Self Drive\IMG\right_2026_09_12_22_26_49_195.jpg,0,1,0,30.18883
D:\ML Projects\Deep Learning\Self Drive\IMG\center_2026_09_12_22_26_49_299.jpg,D:\ML Projects\Deep Learning\Self Drive\IMG\left_2026_09_12_22_26_49_299.jpg,D:\ML Projects\Deep Learning\Self Drive\IMG\right_2026_09_12_22_26_49_299.jpg,-0.3,1,0,30.16949
D:\ML Projects\Deep Learning\Self Drive\IMG\center_2026_09_12_22_26_49_396.jpg,D:\ML Projects\Deep Learning\Self Drive\IMG\left_2026_09_12_22_26_49_396.jpg,D:\ML Projects\Deep Learning\Self Drive\IMG\right_2026_09_12_22_26_49_396.jpg,0,1,0,30.18832
D:\ML Projects\Deep Learning\Self Drive\IMG\center_2026_09_12_22_26_49_485.jpg,D:\ML Projects\Deep Learning\Self Drive\IMG\left_2026_09_12_22_26_49_485.jpg,D:\ML Projects\Deep Learning\Self Drive\IMG\right_2026_09_12_22_26_49_485.jpg,0,1,0,30.19058
D:\ML Projects\Deep Learning\Self Drive\IMG\center_2026_09_12_22_26_49_582.jpg,D:\ML Projects\Deep Learning\Self Drive\IMG\left_2026_09_12_22_26_49_582.jpg,D:\ML Projects\Deep Learning\Self Drive\IMG\right_2026_09_12_22_26_49_582.jpg,0,1,0,30.19037
D:\ML Projects\Deep Learning\Self Drive\IMG\center_2026_09_12_22_26_49_722.jpg,D:\ML Projects\Deep Learning\Self Drive\IMG\left_2026_09_12_22_26_49_722.jpg,D:\ML Projects\Deep Learning\Self Drive\IMG\right_2026_09_12_22_26_49_722.jpg,0,1,0,30.19033
D:\ML Projects\Deep Learning\Self Drive\IMG\center_2026_09_12_22_26_49_806.jpg,D:\ML Projects\Deep Learning\Self Drive\IMG\left_2026_09_12_22_26_49_806.jpg,D:\ML Projects\Deep Learning\Self Drive\IMG\right_2026_09_12_22_26_49_806.jpg,0,1,0,30.19033
D:\ML Projects\Deep Learning\Self Drive\IMG\center_2026_09_12_22_26_49_890.jpg,D:\ML Projects\Deep Learning\Self Drive\IMG\left_2026_09_12_22_26_49_890.jpg,D:\ML Projects\Deep Learning\Self Drive\IMG\right_2026_09_12_22_26_49_890.jpg,-0.2,1,0,30.17954
D:\ML Projects\Deep Learning\Self Drive\IMG\center_2026_09_12_22_26_49_974.jpg,D:\ML Projects\Deep Learning\Self Drive\IMG\left_2026_09_12_22_26_49_974.jpg,D:\ML Projects\Deep Learning\Self Drive\IMG\right_2026_09_12_22_26_49_974.jpg,0,1,0,30.19015
D:\ML Projects\Deep Learning\Self Drive\IMG\center_2026_09_12_22_26_50_065.jpg,D:\ML Projects\Deep Learning\Self Drive\IMG\left_2026_09_12_22_26_50_065.jpg,D:\ML Projects\Deep Learning\Self Drive\IMG\right_2026_09_12_22_26_50_065.jpg,-0.2,1,0,30.18093
D:\ML Projects\Deep Learning\Self Drive\IMG\center_2026_09_12_22_26_50_149.jpg,D:\ML Projects\Deep Learning\Self Drive\IMG\left_2026_09_12_22_26_50_149.jpg,D:\ML Projects\Deep Learning\Self Drive\IMG\right_2026_09_12_22_26_50_149.jpg,0,1,0,30.18893
D:\ML Projects\Deep Learning\Self Drive\IMG\center_2026_09_12_22_26_50_223.jpg,D:\ML Projects\Deep Learning\Self Drive\IMG\left_2026_09_12_22_26_50_223.jpg,D:\ML Projects\Deep Learning\Self Drive\IMG\right_2026_09_12_22_26_50_223.jpg,-0.2,1,0,30.18199
D:\ML Projects\Deep Learning\Self Drive\IMG\center_2026_09_12_22_26_50_294.jpg,D:\ML Projects\Deep Learning\Self Drive\IMG\left_2026_09_12_22_26_50_294.jpg,D:\ML Projects\Deep Learning\Self Drive\IMG\right_2026_09_12_22_26_50_294.jpg,0,1,0,30.19005
D:\ML Projects\Deep Learning\Self Drive\IMG\center_2026_09_12_22_26_50_367.jpg,D:\ML Projects\Deep Learning\Self Drive\IMG\left_2026_09_12_22_26_50_367.jpg,D:\ML Projects\Deep Learning\Self Drive\IMG\right_2026_09_12_22_26_50_367.jpg,0,1,0,30.18975
D:\ML Projects\Deep Learning\Self Drive\IMG\center_2026_09_12_22_26_50_442.jpg,D:\ML Projects\Deep Learning\Self Drive\IMG\left_2026_09_12_22_26_50_442.jpg,D:\ML Projects\Deep Learning\Self Drive\IMG\right_2026_09_12_22_26_50_442.jpg,0,1,0,30.19087
D:\ML Projects\Deep Learning\Self Drive\IMG\center_2026_09_12_22_26_50_516.jpg,D:\ML Projects\Deep Learning\Self Drive\IMG\left_2026_09_12_22_26_50_516.jpg,D:\ML Projects\Deep Learning\Self Drive\IMG\right_2026_09_12_22_26_50_516.jpg,0,1,0,30.19015
D:\ML Projects\Deep Learning\Self Drive\IMG\center_2026_09_12_22_26_50_591.jpg,D:\ML Projects\Deep Learning\Self Drive\IMG\left_2026_09_12_22_26_50_591.jpg,D:\ML Projects\Deep Learning\Self Drive\IMG\right_2026_09_12_22_26_50_591.jpg,0,1,0,30.19025
D:\ML Projects\Deep Learning\Self Drive\IMG\center_2026_09_12_22_26_50_689.jpg,D:\ML Projects\Deep Learning\Self Drive\IMG\left_2026_09_12_22_26_50_689.jpg,D:\ML Projects\Deep Learning\Self Drive\IMG\right_2026_09_12_22_26_50_689.jpg,-0.25,1,0,30.17491
D:\ML Projects\Deep Learning\Self Drive\IMG\center_2026_09_12_22_26_50_767.jpg,D:\ML Projects\Deep Learning\Self Drive\IMG\left_2026_09_12_22_26_50_767.jpg,D:\ML Projects\Deep Learning\Self Drive\IMG\right_2026_09_12_22_26_50_767.jpg,0,1,0,30.19017
D:\ML Projects\Deep Learning\Self Drive\IMG\center_2026_09_12_22_26_50_839.jpg,D:\ML Projects\Deep Learning\Self Drive\IMG\left_2026_09_12_22_26_50_839.jpg,D:\ML Projects\Deep Learning\Self Drive\IMG\right_2026_09_12_22_26_50_839.jpg,0,1,0,30.19025
D:\ML Projects\Deep Learning\Self Drive\IMG\center_2026_09_12_22_26_50_912.jpg,D:\ML Projects\Deep Learning\Self Drive\IMG\left_2026_09_12_22_26_50_912.jpg,D:\ML Projects\Deep Learning\Self Drive\IMG\right_2026_09_12_22_26_50_912.jpg,0,1,0,30.19027
D:\ML Projects\Deep Learning\Self Drive\IMG\center_2026_09_12_22_26_50_994.jpg,D:\ML Projects\Deep Learning\Self Drive\IMG\left_2026_09_12_22_26_50_994.jpg,D:\ML Projects\Deep Learning\Self Drive\IMG\right_2026_09_12_22_26_50_994.jpg,-0.25,1,0,30.17565
D:\ML Projects\Deep Learning\Self Drive\IMG\center_2026_09_12_22_26_51_086.jpg,D:\ML Projects\Deep Learning\Self Drive\IMG\left_2026_09_12_22_26_51_086.jpg,D:\ML Projects\Deep Learning\Self Drive\IMG\right_2026_09_12_22_26_51_086.jpg,-0.45,1,0,30.15213
D:\ML Projects\Deep Learning\Self Drive\IMG\center_2026_09_12_22_26_51_171.jpg,D:\ML Projects\Deep Learning\Self Drive\IMG\left_2026_09_12_22_26_51_171.jpg,D:\ML Projects\Deep Learning\Self Drive\IMG\right_2026_09_12_22_26_51_171.jpg,0,1,0,30.18826
D:\ML Projects\Deep Learning\Self Drive\IMG\center_2026_09_12_22_26_51_255.jpg,D:\ML Projects\Deep Learning\Self Drive\IMG\left_2026_09_12_22_26_51_255.jpg,D:\ML Projects\Deep Learning\Self Drive\IMG\right_2026_09_12_22_26_51_255.jpg,-0.25,1,0,30.18094
D:\ML Projects\Deep Learning\Self Drive\IMG\center_2026_09_12_22_26_51_328.jpg,D:\ML Projects\Deep Learning\Self Drive\IMG\left_2026_09_12_22_26_51_328.jpg,D:\ML Projects\Deep Learning\Self Drive\IMG\right_2026_09_12_22_26_51_328.jpg,-0.4,1,0,30.16338
D:\ML Projects\Deep Learning\Self Drive\IMG\center_2026_09_12_22_26_51_404.jpg,D:\ML Projects\Deep Learning\Self Drive\IMG\left_2026_09_12_22_26_51_404.jpg,D:\ML Projects\Deep Learning\Self Drive\IMG\right_2026_09_12_22_26_51_404.jpg,-0.6000001,1,0,30.13675
D:\ML Projects\Deep Learning\Self Drive\IMG\center_2026_09_12_22_26_51_481.jpg,D:\ML Projects\Deep Learning\Self Drive\IMG\left_2026_09_12_22_26_51_481.jpg,D:\ML Projects\Deep Learning\Self Drive\IMG\right_2026_09_12_22_26_51_481.jpg,0,1,0,30.18496
D:\ML Projects\Deep Learning\Self Drive\IMG\center_2026_09_12_22_26_51_559.jpg,D:\ML Projects\Deep Learning\Self Drive\IMG\left_2026_09_12_22_26_51_559.jpg,D:\ML Projects\Deep Learning\Self Drive\IMG\right_2026_09_12_22_26_51_559.jpg,0,1,0,30.18935
D:\ML Projects\Deep Learning\Self Drive\IMG\center_2026_09_12_22_26_51_637.jpg,D:\ML Projects\Deep Learning\Self Drive\IMG\left_2026_09_12_22_26_51_637.jpg,D:\ML Projects\Deep Learning\Self Drive\IMG\right_2026_09_12_22_26_51_637.jpg,0,1,0,30.19018
D:\ML Projects\Deep Learning\Self Drive\IMG\center_2026_09_12_22_26_51_717.jpg,D:\ML Projects\Deep Learning\Self Drive\IMG\left_2026_09_12_22_26_51_717.jpg,D:\ML Projects\Deep Learning\Self Drive\IMG\right_2026_09_12_22_26_51_717.jpg,0,1,0,30.19029
D:\ML Projects\Deep Learning\Self Drive\IMG\center_2026_09_12_22_26_51_794.jpg,D:\ML Projects\Deep Learning\Self Drive\IMG\left_2026_09_12_22_26_51_794.jpg,D:\ML Projects\Deep Learning\Self Drive\IMG\right_2026_09_12_22_26_51_794.jpg,0,1,0,30.1903
D:\ML Projects\Deep Learning\Self Drive\IMG\center_2026_09_12_22_26_51_867.jpg,D:\ML Projects\Deep Learning\Self Drive\IMG\left_2026_09_12_22_26_51_867.jpg,D:\ML Projects\Deep Learning\Self Drive\IMG\right_2026_09_12_22_26_51_867.jpg,0,1,0,30.19031
D:\ML Projects\Deep Learning\Self Drive\IMG\center_2026_09_12_22_26_51_946.jpg,D:\ML Projects\Deep Learning\Self Drive\IMG\left_2026_09_12_22_26_51_946.jpg,D:\ML Projects\Deep Learning\Self Drive\IMG\right_2026_09_12_22_26_51_946.jpg,0,1,0,30.19032
D:\ML Projects\Deep Learning\Self Drive\IMG\center_2026_09_12_22_26_52_031.jpg,D:\ML Projects\Deep Learning\Self Drive\IMG\left_2026_09_12_22_26_52_031.jpg,D:\ML Projects\Deep Learning\Self Drive\IMG\right_2026_09_12_22_26_52_031.jpg,0,1,0,30.19027
D:\ML Projects\Deep Learning\Self Drive\IMG\center_2026_09_12_22_26_52_120.jpg,D:\ML Projects\Deep Learning\Self Drive\IMG\left_2026_09_12_22_26_52_120.jpg,D:\ML Projects\Deep Learning\Self Drive\IMG\right_2026_09_12_22_26_52_120.jpg,0.25,1,0,30.17451
D:\ML Projects\Deep Learning\Self Drive\IMG\center_2026_09_12_22_26_52_196.jpg,D:\ML Projects\Deep Learning\Self Drive\IMG\left_2026_09_12_22_26_52_196.jpg,D:\ML Projects\Deep Learning\Self Drive\IMG\right_2026_09_12_22_26_52_196.jpg,0,1,0,30.19074
D:\ML Projects\Deep Learning\Self Drive\IMG\center_2026_09_12_22_26_52_262.jpg,D:\ML Projects\Deep Learning\Self Drive\IMG\left_2026_09_12_22_26_52_262.jpg,D:\ML Projects\Deep Learning\Self Drive\IMG\right_2026_09_12_22_26_52_262.jpg,0,1,0,30.19107
D:\ML Projects\Deep Learning\Self Drive\IMG\center_2026_09_12_22_26_52_334.jpg,D:\ML Projects\Deep Learning\Self Drive\IMG\left_2026_09_12_22_26_52_334.jpg,D:\ML Projects\Deep Learning\Self Drive\IMG\right_2026_09_12_22_26_52_334.jpg,0,1,0,30.18948
D:\ML Projects\Deep Learning\Self Drive\IMG\center_2026_09_12_22_26_52_401.jpg,D:\ML Projects\Deep Learning\Self Drive\IMG\left_2026_09_12_22_26_52_401.jpg,D:\ML Projects\Deep Learning\Self Drive\IMG\right_2026_09_12_22_26_52_401.jpg,-0.15,1,0,30.18391
D:\ML Projects\Deep Learning\Self Drive\IMG\center_2026_09_12_22_26_52_472.jpg,D:\ML Projects\Deep Learning\Self Drive\IMG\left_2026_09_12_22_26_52_472.jpg,D:\ML Projects\Deep Learning\Self Drive\IMG\right_2026_09_12_22_26_52_472.jpg,-0.3,1,0,30.16886
D:\ML Projects\Deep Learning\Self Drive\IMG\center_2026_09_12_22_26_52_545.jpg,D:\ML Projects\Deep Learning\Self Drive\IMG\left_2026_09_12_22_26_52_545.jpg,D:\ML Projects\Deep Learning\Self Drive\IMG\right_2026_09_12_22_26_52_545.jpg,0,1,0,30.18989
D:\ML Projects\Deep Learning\Self Drive\IMG\center_2026_09_12_22_26_52_614.jpg,D:\ML Projects\Deep Learning\Self Drive\IMG\left_2026_09_12_22_26_52_614.jpg,D:\ML Projects\Deep Learning\Self Drive\IMG\right_2026_09_12_22_26_52_614.jpg,0,1,0,30.19015
D:\ML Projects\Deep Learning\Self Drive\IMG\center_2026_09_12_22_26_52_681.jpg,D:\ML Projects\Deep Learning\Self Drive\IMG\left_2026_09_12_22_26_52_681.jpg,D:\ML Projects\Deep Learning\Self Drive\IMG\right_2026_09_12_22_26_52_681.jpg,0,1,0,30.19024
D:\ML Projects\Deep Learning\Self Drive\IMG\center_2026_09_12_22_26_52_754.jpg,D:\ML Projects\Deep Learning\Self Drive\IMG\left_2026_09_12_22_26_52_754.jpg,D:\ML Projects\Deep Learning\Self Drive\IMG\right_2026_09_12_22_26_52_754.jpg,0,1,0,30.19028
D:\ML Projects\Deep Learning\Self Drive\IMG\center_2026_09_12_22_26_52_820.jpg,D:\ML Projects\Deep Learning\Self Drive\IMG\left_2026_09_12_22_26_52_820.jpg,D:\ML Projects\Deep Learning\Self Drive\IMG\right_2026_09_12_22_26_52_820.jpg,0,1,0,30.1903
D:\ML Projects\Deep Learning\Self Drive\IMG\center_2026_09_12_22_26_52_890.jpg,D:\ML Projects\Deep Learning\Self Drive\IMG\left_2026_09_12_22_26_52_890.jpg,D:\ML Projects\Deep Learning\Self Drive\IMG\right_2026_09_12_22_26_52_890.jpg,-0.15,1,0,30.18456
D:\ML Projects\Deep Learning\Self Drive\IMG\center_2026_09_12_22_26_52_963.jpg,D:\ML Projects\Deep Learning\Self Drive\IMG\left_2026_09_12_22_26_52_963.jpg,D:\ML Projects\Deep Learning\Self Drive\IMG\right_2026_09_12_22_26_52_963.jpg,0,1,0,30.19031
D:\ML Projects\Deep Learning\Self Drive\IMG\center_2026_09_12_22_26_53_040.jpg,D:\ML Projects\Deep Learning\Self Drive\IMG\left_2026_09_12_22_26_53_040.jpg,D:\ML Projects\Deep Learning\Self Drive\IMG\right_2026_09_12_22_26_53_040.jpg,0,1,0,30.1903
D:\ML Projects\Deep Learning\Self Drive\IMG\center_2026_09_12_22_26_53_122.jpg,D:\ML Projects\Deep Learning\Self Drive\IMG\left_2026_09_12_22_26_53_122.jpg,D:\ML Projects\Deep Learning\Self Drive\IMG\right_2026_09_12_22_26_53_122.jpg,0,1,0,30.1903
D:\ML Projects\Deep Learning\Self Drive\IMG\center_2026_09_12_22_26_53_201.jpg,D:\ML Projects\Deep Learning\Self Drive\IMG\left_2026_09_12_22_26_53_201.jpg,D:\ML Projects\Deep Learning\Self Drive\IMG\right_2026_09_12_22_26_53_201.jpg,0,1,0,30.19016
D:\ML Projects\Deep Learning\Self Drive\IMG\center_2026_09_12_22_26_53_293.jpg,D:\ML Projects\Deep Learning\Self Drive\IMG\left_2026_09_12_22_26_53_293.jpg,D:\ML Projects\Deep Learning\Self Drive\IMG\right_2026_09_12_22_26_53_293.jpg,-0.2,1,0,30.18001
D:\ML Projects\Deep Learning\Self Drive\IMG\center_2026_09_12_22_26_53_373.jpg,D:\ML Projects\Deep Learning\Self Drive\IMG\left_2026_09_12_22_26_53_373.jpg,D:\ML Projects\Deep Learning\Self Drive\IMG\right_2026_09_12_22_26_53_373.jpg,-0.45,1,0,30.1516
D:\ML Projects\Deep Learning\Self Drive\IMG\center_2026_09_12_22_26_53_451.jpg,D:\ML Projects\Deep Learning\Self Drive\IMG\left_2026_09_12_22_26_53_451.jpg,D:\ML Projects\Deep Learning\Self Drive\IMG\right_2026_09_12_22_26_53_451.jpg,0,1,0,30.18652
D:\ML Projects\Deep Learning\Self Drive\IMG\center_2026_09_12_22_26_53_528.jpg,D:\ML Projects\Deep Learning\Self Drive\IMG\left_2026_09_12_22_26_53_528.jpg,D:\ML Projects\Deep Learning\Self Drive\IMG\right_2026_09_12_22_26_53_528.jpg,0,1,0,30.18964
D:\ML Projects\Deep Learning\Self Drive\IMG\center_2026_09_12_22_26_53_604.jpg,D:\ML Projects\Deep Learning\Self Drive\IMG\left_2026_09_12_22_26_53_604.jpg,D:\ML Projects\Deep Learning\Self Drive\IMG\right_2026_09_12_22_26_53_604.jpg,0,1,0,30.19018
D:\ML Projects\Deep Learning\Self Drive\IMG\center_2026_09_12_22_26_53_681.jpg,D:\ML Projects\Deep Learning\Self Drive\IMG\left_2026_09_12_22_26_53_681.jpg,D:\ML Projects\Deep Learning\Self Drive\IMG\right_2026_09_12_22_26_53_681.jpg,0,1,0,30.19029
D:\ML Projects\Deep Learning\Self Drive\IMG\center_2026_09_12_22_26_53_759.jpg,D:\ML Projects\Deep Learning\Self Drive\IMG\left_2026_09_12_22_26_53_759.jpg,D:\ML Projects\Deep Learning\Self Drive\IMG\right_2026_09_12_22_26_53_759.jpg,0,1,0,30.1903
D:\ML Projects\Deep Learning\Self Drive\IMG\center_2026_09_12_22_26_53_835.jpg,D:\ML Projects\Deep Learning\Self Drive\IMG\left_2026_09_12_22_26_53_835.jpg,D:\ML Projects\Deep Learning\Self Drive\IMG\right_2026_09_12_22_26_53_835.jpg,-0.2,1,0,30.18032
D:\ML Projects\Deep Learning\Self Drive\IMG\center_2026_09_12_22_26_53_919.jpg,D:\ML Projects\Deep Learning\Self Drive\IMG\left_2026_09_12_22_26_53_919.jpg,D:\ML Projects\Deep Learning\Self Drive\IMG\right_2026_09_12_22_26_53_919.jpg,-0.4,1,0,30.15792
D:\ML Projects\Deep Learning\Self Drive\IMG\center_2026_09_12_22_26_54_000.jpg,D:\ML Projects\Deep Learning\Self Drive\IMG\left_2026_09_12_22_26_54_000.jpg,D:\ML Projects\Deep Learning\Self Drive\IMG\right_2026_09_12_22_26_54_000.jpg,0,1,0,30.18907
D:\ML Projects\Deep Learning\Self Drive\IMG\center_2026_09_12_22_26_54_100.jpg,D:\ML Projects\Deep Learning\Self Drive\IMG\left_2026_09_12_22_26_54_100.jpg,D:\ML Projects\Deep Learning\Self Drive\IMG\right_2026_09_12_22_26_54_100.jpg,0,1,0,30.19013
D:\ML Projects\Deep Learning\Self Drive\IMG\center_2026_09_12_22_26_54_183.jpg,D:\ML Projects\Deep Learning\Self Drive\IMG\left_2026_09_12_22_26_54_183.jpg,D:\ML Projects\Deep Learning\Self Drive\IMG\right_2026_09_12_22_26_54_183.jpg,0,1,0,30.19027
D:\ML Projects\Deep Learning\Self Drive\IMG\center_2026_09_12_22_26_54_268.jpg,D:\ML Projects\Deep Learning\Self Drive\IMG\left_2026_09_12_22_26_54_268.jpg,D:\ML Projects\Deep Learning\Self Drive\IMG\right_2026_09_12_22_26_54_268.jpg,0,1,0,30.19029
D:\ML Projects\Deep Learning\Self Drive\IMG\center_2026_09_12_22_26_54_361.jpg,D:\ML Projects\Deep Learning\Self Drive\IMG\left_2026_09_12_22_26_54_361.jpg,D:\ML Projects\Deep Learning\Self Drive\IMG\right_2026_09_12_22_26_54_361.jpg,0,1,0,30.19028
D:\ML Projects\Deep Learning\Self Drive\IMG\center_2026_09_12_22_26_54_449.jpg,D:\ML Projects\Deep Learning\Self Drive\IMG\left_2026_09_12_22_26_54_449.jpg,D:\ML Projects\Deep Learning\Self Drive\IMG\right_2026_09_12_22_26_54_449.jpg,0,1,0,30.1903
D:\ML Projects\Deep Learning\Self Drive\IMG\center_2026_09_12_22_26_54_532.jpg,D:\ML Projects\Deep Learning\Self Drive\IMG\left_2026_09_12_22_26_54_532.jpg,D:\ML Projects\Deep Learning\Self Drive\IMG\right_2026_09_12_22_26_54_532.jpg,0,1,0,30.18994
D:\ML Projects\Deep Learning\Self Drive\IMG\center_2026_09_12_22_26_54_622.jpg,D:\ML Projects\Deep Learning\Self Drive\IMG\left_2026_09_12_22_26_54_622.jpg,D:\ML Projects\Deep Learning\Self Drive\IMG\right_2026_09_12_22_26_54_622.jpg,0,1,0,30.19029
D:\ML Projects\Deep Learning\Self Drive\IMG\center_2026_09_12_22_26_54_711.jpg,D:\ML Projects\Deep Learning\Self Drive\IMG\left_2026_09_12_22_26_54_711.jpg,D:\ML Projects\Deep Learning\Self Drive\IMG\right_2026_09_12_22_26_54_711.jpg,0,1,0,30.19029
D:\ML Projects\Deep Learning\Self Drive\IMG\center_2026_09_12_22_26_54_799.jpg,D:\ML Projects\Deep Learning\Self Drive\IMG\left_2026_09_12_22_26_54_799.jpg,D:\ML Projects\Deep Learning\Self Drive\IMG\right_2026_09_12_22_26_54_799.jpg,0,1,0,30.19031
D:\ML Projects\Deep Learning\Self Drive\IMG\center_2026_09_12_22_26_54_886.jpg,D:\ML Projects\Deep Learning\Self Drive\IMG\left_2026_09_12_22_26_54_886.jpg,D:\ML Projects\Deep Learning\Self Drive\IMG\right_2026_09_12_22_26_54_886.jpg,0,1,0,30.19031
D:\ML Projects\Deep Learning\Self Drive\IMG\center_2026_09_12_22_26_54_966.jpg,D:\ML Projects\Deep Learning\Self Drive\IMG\left_2026_09_12_22_26_54_966.jpg,D:\ML Projects\Deep Learning\Self Drive\IMG\right_2026_09_12_22_26_54_966.jpg,0,1,0,30.19029
D:\ML Projects\Deep Learning\Self Drive\IMG\center_2026_09_12_22_26_55_048.jpg,D:\ML Projects\Deep Learning\Self Drive\IMG\left_2026_09_12_22_26_55_048.jpg,D:\ML Projects\Deep Learning\Self Drive\IMG\right_2026_09_12_22_26_55_048.jpg,0,1,0,30.19029
D:\ML Projects\Deep Learning\Self Drive\IMG\center_2026_09_12_22_26_55_132.jpg,D:\ML Projects\Deep Learning\Self Drive\IMG\left_2026_09_12_22_26_55_132.jpg,D:\ML Projects\Deep Learning\Self Drive\IMG\right_2026_09_12_22_26_55_132.jpg,-0.2,1,0,30.17984
D:\ML Projects\Deep Learning\Self Drive\IMG\center_2026_09_12_22_26_55_212.jpg,D:\ML Projects\Deep Learning\Self Drive\IMG\left_2026_09_12_22_26_55_212.jpg,D:\ML Projects\Deep Learning\Self Drive\IMG\right_2026_09_12_22_26_55_212.jpg,-0.4,1,0,30.15754
D:\ML Projects\Deep Learning\Self Drive\IMG\center_2026_09_12_22_26_55_285.jpg,D:\ML Projects\Deep Learning\Self Drive\IMG\left_2026_09_12_22_26_55_285.jpg,D:\ML Projects\Deep Learning\Self Drive\IMG\right_2026_09_12_22_26_55_285.jpg,0,1,0,30.189
D:\ML Projects\Deep Learning\Self Drive\IMG\center_2026_09_12_22_26_55_357.jpg,D:\ML Projects\Deep Learning\Self Drive\IMG\left_2026_09_12_22_26_55_357.jpg,D:\ML Projects\Deep Learning\Self Drive\IMG\right_2026_09_12_22_26_55_357.jpg,0,1,0,30.18999
D:\ML Projects\Deep Learning\Self Drive\IMG\center_2026_09_12_22_26_55_434.jpg,D:\ML Projects\Deep Learning\Self Drive\IMG\left_2026_09_12_22_26_55_434.jpg,D:\ML Projects\Deep Learning\Self Drive\IMG\right_2026_09_12_22_26_55_434.jpg,0,1,0,30.1903
D:\ML Projects\Deep Learning\Self Drive\IMG\center_2026_09_12_22_26_55_505.jpg,D:\ML Projects\Deep Learning\Self Drive\IMG\left_2026_09_12_22_26_55_505.jpg,D:\ML Projects\Deep Learning\Self Drive\IMG\right_2026_09_12_22_26_55_505.jpg,0,1,0,30.19027
D:\ML Projects\Deep Learning\Self Drive\IMG\center_2026_09_12_22_26_55_585.jpg,D:\ML Projects\Deep Learning\Self Drive\IMG\left_2026_09_12_22_26_55_585.jpg,D:\ML Projects\Deep Learning\Self Drive\IMG\right_2026_09_12_22_26_55_585.jpg,0,1,0,30.19032
D:\ML Projects\Deep Learning\Self Drive\IMG\center_2026_09_12_22_26_55_664.jpg,D:\ML Projects\Deep Learning\Self Drive\IMG\left_2026_09_12_22_26_55_664.jpg,D:\ML Projects\Deep Learning\Self Drive\IMG\right_2026_09_12_22_26_55_664.jpg,0,1,0,30.19049
D:\ML Projects\Deep Learning\Self Drive\IMG\center_2026_09_12_22_26_55_743.jpg,D:\ML Projects\Deep Learning\Self Drive\IMG\left_2026_09_12_22_26_55_743.jpg,D:\ML Projects\Deep Learning\Self Drive\IMG\right_2026_09_12_22_26_55_743.jpg,0,1,0,30.19029
D:\ML Projects\Deep Learning\Self Drive\IMG\center_2026_09_12_22_26_55_821.jpg,D:\ML Projects\Deep Learning\Self Drive\IMG\left_2026_09_12_22_26_55_821.jpg,D:\ML Projects\Deep Learning\Self Drive\IMG\right_2026_09_12_22_26_55_821.jpg,0,1,0,30.1903
D:\ML Projects\Deep Learning\Self Drive\IMG\center_2026_09_12_22_26_55_912.jpg,D:\ML Projects\Deep Learning\Self Drive\IMG\left_2026_09_12_22_26_55_912.jpg,D:\ML Projects\Deep Learning\Self Drive\IMG\right_2026_09_12_22_26_55_912.jpg,0,1,0,30.19029
D:\ML Projects\Deep Learning\Self Drive\IMG\center_2026_09_12_22_26_56_029.jpg,D:\ML Projects\Deep Learning\Self Drive\IMG\left_2026_09_12_22_26_56_029.jpg,D:\ML Projects\Deep Learning\Self Drive\IMG\right_2026_09_12_22_26_56_029.jpg,-0.3,1,0,30.16925
D:\ML Projects\Deep Learning\Self Drive\IMG\center_2026_09_12_22_26_56_131.jpg,D:\ML Projects\Deep Learning\Self Drive\IMG\left_2026_09_12_22_26_56_131.jpg,D:\ML Projects\Deep Learning\Self Drive\IMG\right_2026_09_12_22_26_56_131.jpg,0,1,0,30.18981
D:\ML Projects\Deep Learning\Self Drive\IMG\center_2026_09_12_22_26_56_212.jpg,D:\ML Projects\Deep Learning\Self Drive\IMG\left_2026_09_12_22_26_56_212.jpg,D:\ML Projects\Deep Learning\Self Drive\IMG\right_2026_09_12_22_26_56_212.jpg,0,1,0,30.19025
D:\ML Projects\Deep Learning\Self Drive\IMG\center_2026_09_12_22_26_56_346.jpg,D:\ML Projects\Deep Learning\Self Drive\IMG\left_2026_09_12_22_26_56_346.jpg,D:\ML Projects\Deep Learning\Self Drive\IMG\right_2026_09_12_22_26_56_346.jpg,0,1,0,30.1903
D:\ML Projects\Deep Learning\Self Drive\IMG\center_2026_09_12_22_26_56_416.jpg,D:\ML Projects\Deep Learning\Self Drive\IMG\left_2026_09_12_22_26_56_416.jpg,D:\ML Projects\Deep Learning\Self Drive\IMG\right_2026_09_12_22_26_56_416.jpg,0,1,0,30.19031
D:\ML Projects\Deep Learning\Self Drive\IMG\center_2026_09_12_22_26_56_545.jpg,D:\ML Projects\Deep Learning\Self Drive\IMG\left_2026_09_12_22_26_56_545.jpg,D:\ML Projects\Deep Learning\Self Drive\IMG\right_2026_09_12_22_26_56_545.jpg,0,1,0,30.19029
D:\ML Projects\Deep Learning\Self Drive\IMG\center_2026_09_12_22_26_56_614.jpg,D:\ML Projects\Deep Learning\Self Drive\IMG\left_2026_09_12_22_26_56_614.jpg,D:\ML Projects\Deep Learning\Self Drive\IMG\right_2026_09_12_22_26_56_614.jpg,0,1,0,30.19029
D:\ML Projects\Deep Learning\Self Drive\IMG\center_2026_09_12_22_26_56_688.jpg,D:\ML Projects\Deep Learning\Self Drive\IMG\left_2026_09_12_22_26_56_688.jpg,D:\ML Projects\Deep Learning\Self Drive\IMG\right_2026_09_12_22_26_56_688.jpg,0,1,0,30.19021
D:\ML Projects\Deep Learning\Self Drive\IMG\center_2026_09_12_22_26_56_757.jpg,D:\ML Projects\Deep Learning\Self Drive\IMG\left_2026_09_12_22_26_56_757.jpg,D:\ML Projects\Deep Learning\Self Drive\IMG\right_2026_09_12_22_26_56_757.jpg,-0.2,1,0,30.17983
D:\ML Projects\Deep Learning\Self Drive\IMG\center_2026_09_12_22_26_56_824.jpg,D:\ML Projects\Deep Learning\Self Drive\IMG\left_2026_09_12_22_26_56_824.jpg,D:\ML Projects\Deep Learning\Self Drive\IMG\right_2026_09_12_22_26_56_824.jpg,0,1,0,30.18968
D:\ML Projects\Deep Learning\Self Drive\IMG\center_2026_09_12_22_26_56_897.jpg,D:\ML Projects\Deep Learning\Self Drive\IMG\left_2026_09_12_22_26_56_897.jpg,D:\ML Projects\Deep Learning\Self Drive\IMG\right_2026_09_12_22_26_56_897.jpg,0,1,0,30.19027
D:\ML Projects\Deep Learning\Self Drive\IMG\center_2026_09_12_22_26_56_988.jpg,D:\ML Projects\Deep Learning\Self Drive\IMG\left_2026_09_12_22_26_56_988.jpg,D:\ML Projects\Deep Learning\Self Drive\IMG\right_2026_09_12_22_26_56_988.jpg,0,1,0,30.1903
D:\ML Projects\Deep Learning\Self Drive\IMG\center_2026_09_12_22_26_57_102.jpg,D:\ML Projects\Deep Learning\Self Drive\IMG\left_2026_09_12_22_26_57_102.jpg,D:\ML Projects\Deep Learning\Self Drive\IMG\right_2026_09_12_22_26_57_102.jpg,0,1,0,30.1903
D:\ML Projects\Deep Learning\Self Drive\IMG\center_2026_09_12_22_26_57_190.jpg,D:\ML Projects\Deep Learning\Self Drive\IMG\left_2026_09_12_22_26_57_190.jpg,D:\ML Projects\Deep Learning\Self Drive\IMG\right_2026_09_12_22_26_57_190.jpg,0,1,0,30.19029
D:\ML Projects\Deep Learning\Self Drive\IMG\center_2026_09_12_22_26_57_280.jpg,D:\ML Projects\Deep Learning\Self Drive\IMG\left_2026_09_12_22_26_57_280.jpg,D:\ML Projects\Deep Learning\Self Drive\IMG\right_2026_09_12_22_26_57_280.jpg,0,1,0,30.19029
D:\ML Projects\Deep Learning\Self Drive\IMG\center_2026_09_12_22_26_57_369.jpg,D:\ML Projects\Deep Learning\Self Drive\IMG\left_2026_09_12_22_26_57_369.jpg,D:\ML Projects\Deep Learning\Self Drive\IMG\right_2026_09_12_22_26_57_369.jpg,0,1,0,30.1903
D:\ML Projects\Deep Learning\Self Drive\IMG\center_2026_09_12_22_26_57_445.jpg,D:\ML Projects\Deep Learning\Self Drive\IMG\left_2026_09_12_22_26_57_445.jpg,D:\ML Projects\Deep Learning\Self Drive\IMG\right_2026_09_12_22_26_57_445.jpg,0,1,0,30.19028
D:\ML Projects\Deep Learning\Self Drive\IMG\center_2026_09_12_22_26_57_524.jpg,D:\ML Projects\Deep Learning\Self Drive\IMG\left_2026_09_12_22_26_57_524.jpg,D:\ML Projects\Deep Learning\Self Drive\IMG\right_2026_09_12_22_26_57_524.jpg,0,1,0,30.19031
D:\ML Projects\Deep Learning\Self Drive\IMG\center_2026_09_12_22_26_57_601.jpg,D:\ML Projects\Deep Learning\Self Drive\IMG\left_2026_09_12_22_26_57_601.jpg,D:\ML Projects\Deep Learning\Self Drive\IMG\right_2026_09_12_22_26_57_601.jpg,0,1,0,30.1903
D:\ML Projects\Deep Learning\Self Drive\IMG\center_2026_09_12_22_26_57_676.jpg,D:\ML Projects\Deep Learning\Self Drive\IMG\left_2026_09_12_22_26_57_676.jpg,D:\ML Projects\Deep Learning\Self Drive\IMG\right_2026_09_12_22_26_57_676.jpg,0,1,0,30.19029
D:\ML Projects\Deep Learning\Self Drive\IMG\center_2026_09_12_22_26_57_760.jpg,D:\ML Projects\Deep Learning\Self Drive\IMG\left_2026_09_12_22_26_57_760.jpg,D:\ML Projects\Deep Learning\Self Drive\IMG\right_2026_09_12_22_26_57_760.jpg,-0.2,1,0,30.17987
D:\ML Projects\Deep Learning\Self Drive\IMG\center_2026_09_12_22_26_57_835.jpg,D:\ML Projects\Deep Learning\Self Drive\IMG\left_2026_09_12_22_26_57_835.jpg,D:\ML Projects\Deep Learning\Self Drive\IMG\right_2026_09_12_22_26_57_835.jpg,-0.4,1,0,30.15755
D:\ML Projects\Deep Learning\Self Drive\IMG\center_2026_09_12_22_26_57_910.jpg,D:\ML Projects\Deep Learning\Self Drive\IMG\left_2026_09_12_22_26_57_910.jpg,D:\ML Projects\Deep Learning\Self Drive\IMG\right_2026_09_12_22_26_57_910.jpg,0,1,0,30.18742
D:\ML Projects\Deep Learning\Self Drive\IMG\center_2026_09_12_22_26_57_980.jpg,D:\ML Projects\Deep Learning\Self Drive\IMG\left_2026_09_12_22_26_57_980.jpg,D:\ML Projects\Deep Learning\Self Drive\IMG\right_2026_09_12_22_26_57_980.jpg,0,1,0,30.18981
D:\ML Projects\Deep Learning\Self Drive\IMG\center_2026_09_12_22_26_58_049.jpg,D:\ML Projects\Deep Learning\Self Drive\IMG\left_2026_09_12_22_26_58_049.jpg,D:\ML Projects\Deep Learning\Self Drive\IMG\right_2026_09_12_22_26_58_049.jpg,0,1,0,30.19016
D:\ML Projects\Deep Learning\Self Drive\IMG\center_2026_09_12_22_26_58_136.jpg,D:\ML Projects\Deep Learning\Self Drive\IMG\left_2026_09_12_22_26_58_136.jpg,D:\ML Projects\Deep Learning\Self Drive\IMG\right_2026_09_12_22_26_58_136.jpg,0,1,0,30.19018
D:\ML Projects\Deep Learning\Self Drive\IMG\center_2026_09_12_22_26_58_242.jpg,D:\ML Projects\Deep Learning\Self Drive\IMG\left_2026_09_12_22_26_58_242.jpg,D:\ML Projects\Deep Learning\Self Drive\IMG\right_2026_09_12_22_26_58_242.jpg,0,1,0,30.19029
D:\ML Projects\Deep Learning\Self Drive\IMG\center_2026_09_12_22_26_58_341.jpg,D:\ML Projects\Deep Learning\Self Drive\IMG\left_2026_09_12_22_26_58_341.jpg,D:\ML Projects\Deep Learning\Self Drive\IMG\right_2026_09_12_22_26_58_341.jpg,0,1,0,30.19029
D:\ML Projects\Deep Learning\Self Drive\IMG\center_2026_09_12_22_26_58_421.jpg,D:\ML Projects\Deep Learning\Self Drive\IMG\left_2026_09_12_22_26_58_421.jpg,D:\ML Projects\Deep Learning\Self Drive\IMG\right_2026_09_12_22_26_58_421.jpg,-0.2,1,0,30.17995
D:\ML Projects\Deep Learning\Self Drive\IMG\center_2026_09_12_22_26_58_496.jpg,D:\ML Projects\Deep Learning\Self Drive\IMG\left_2026_09_12_22_26_58_496.jpg,D:\ML Projects\Deep Learning\Self Drive\IMG\right_2026_09_12_22_26_58_496.jpg,-0.4,1,0,30.15762
D:\ML Projects\Deep Learning\Self Drive\IMG\center_2026_09_12_22_26_58_573.jpg,D:\ML Projects\Deep Learning\Self Drive\IMG\left_2026_09_12_22_26_58_573.jpg,D:\ML Projects\Deep Learning\Self Drive\IMG\right_2026_09_12_22_26_58_573.jpg,0,1,0,30.18904
D:\ML Projects\Deep Learning\Self Drive\IMG\center_2026_09_12_22_26_58_653.jpg,D:\ML Projects\Deep Learning\Self Drive\IMG\left_2026_09_12_22_26_58_653.jpg,D:\ML Projects\Deep Learning\Self Drive\IMG\right_2026_09_12_22_26_58_653.jpg,0,1,0,30.18939
D:\ML Projects\Deep Learning\Self Drive\IMG\center_2026_09_12_22_26_58_730.jpg,D:\ML Projects\Deep Learning\Self Drive\IMG\left_2026_09_12_22_26_58_730.jpg,D:\ML Projects\Deep Learning\Self Drive\IMG\right_2026_09_12_22_26_58_730.jpg,0,1,0,30.18987
D:\ML Projects\Deep Learning\Self Drive\IMG\center_2026_09_12_22_26_58_796.jpg,D:\ML Projects\Deep Learning\Self Drive\IMG\left_2026_09_12_22_26_58_796.jpg,D:\ML Projects\Deep Learning\Self Drive\IMG\right_2026_09_12_22_26_58_796.jpg,0,1,0,30.19065
D:\ML Projects\Deep Learning\Self Drive\IMG\center_2026_09_12_22_26_58_867.jpg,D:\ML Projects\Deep Learning\Self Drive\IMG\left_2026_09_12_22_26_58_867.jpg,D:\ML Projects\Deep Learning\Self Drive\IMG\right_2026_09_12_22_26_58_867.jpg,0,1,0,30.19051
D:\ML Projects\Deep Learning\Self Drive\IMG\center_2026_09_12_22_26_58_942.jpg,D:\ML Projects\Deep Learning\Self Drive\IMG\left_2026_09_12_22_26_58_942.jpg,D:\ML Projects\Deep Learning\Self Drive\IMG\right_2026_09_12_22_26_58_942.jpg,0,1,0,30.1899
D:\ML Projects\Deep Learning\Self Drive\IMG\center_2026_09_12_22_26_59_019.jpg,D:\ML Projects\Deep Learning\Self Drive\IMG\left_2026_09_12_22_26_59_019.jpg,D:\ML Projects\Deep Learning\Self Drive\IMG\right_2026_09_12_22_26_59_019.jpg,0.2,1,0,30.17963
D:\ML Projects\Deep Learning\Self Drive\IMG\center_2026_09_12_22_26_59_121.jpg,D:\ML Projects\Deep Learning\Self Drive\IMG\left_2026_09_12_22_26_59_121.jpg,D:\ML Projects\Deep Learning\Self Drive\IMG\right_2026_09_12_22_26_59_121.jpg,0,1,0,30.18981
D:\ML Projects\Deep Learning\Self Drive\IMG\center_2026_09_12_22_26_59_201.jpg,D:\ML Projects\Deep Learning\Self Drive\IMG\left_2026_09_12_22_26_59_201.jpg,D:\ML Projects\Deep Learning\Self Drive\IMG\right_2026_09_12_22_26_59_201.jpg,0,1,0,30.18972
D:\ML Projects\Deep Learning\Self Drive\IMG\center_2026_09_12_22_26_59_294.jpg,D:\ML Projects\Deep Learning\Self Drive\IMG\left_2026_09_12_22_26_59_294.jpg,D:\ML Projects\Deep Learning\Self Drive\IMG\right_2026_09_12_22_26_59_294.jpg,0,1,0,30.19024
D:\ML Projects\Deep Learning\Self Drive\IMG\center_2026_09_12_22_26_59_370.jpg,D:\ML Projects\Deep Learning\Self Drive\IMG\left_2026_09_12_22_26_59_370.jpg,D:\ML Projects\Deep Learning\Self Drive\IMG\right_2026_09_12_22_26_59_370.jpg,0,1,0,30.1902
D:\ML Projects\Deep Learning\Self Drive\IMG\center_2026_09_12_22_26_59_442.jpg,D:\ML Projects\Deep Learning\Self Drive\IMG\left_2026_09_12_22_26_59_442.jpg,D:\ML Projects\Deep Learning\Self Drive\IMG\right_2026_09_12_22_26_59_442.jpg,0,1,0,30.19031
D:\ML Projects\Deep Learning\Self Drive\IMG\center_2026_09_12_22_26_59_515.jpg,D:\ML Projects\Deep Learning\Self Drive\IMG\left_2026_09_12_22_26_59_515.jpg,D:\ML Projects\Deep Learning\Self Drive\IMG\right_2026_09_12_22_26_59_515.jpg,0,1,0,30.19037
D:\ML Projects\Deep Learning\Self Drive\IMG\center_2026_09_12_22_26_59_587.jpg,D:\ML Projects\Deep Learning\Self Drive\IMG\left_2026_09_12_22_26_59_587.jpg,D:\ML Projects\Deep Learning\Self Drive\IMG\right_2026_09_12_22_26_59_587.jpg,0,1,0,30.1903
D:\ML Projects\Deep Learning\Self Drive\IMG\center_2026_09_12_22_26_59_659.jpg,D:\ML Projects\Deep Learning\Self Drive\IMG\left_2026_09_12_22_26_59_659.jpg,D:\ML Projects\Deep Learning\Self Drive\IMG\right_2026_09_12_22_26_59_659.jpg,0,1,0,30.19025
D:\ML Projects\Deep Learning\Self Drive\IMG\center_2026_09_12_22_26_59_798.jpg,D:\ML Projects\Deep Learning\Self Drive\IMG\left_2026_09_12_22_26_59_798.jpg,D:\ML Projects\Deep Learning\Self Drive\IMG\right_2026_09_12_22_26_59_798.jpg,0,1,0,30.19026
D:\ML Projects\Deep Learning\Self Drive\IMG\center_2026_09_12_22_26_59_874.jpg,D:\ML Projects\Deep Learning\Self Drive\IMG\left_2026_09_12_22_26_59_874.jpg,D:\ML Projects\Deep Learning\Self Drive\IMG\right_2026_09_12_22_26_59_874.jpg,0,1,0,30.19027
D:\ML Projects\Deep Learning\Self Drive\IMG\center_2026_09_12_22_26_59_947.jpg,D:\ML Projects\Deep Learning\Self Drive\IMG\left_2026_09_12_22_26_59_947.jpg,D:\ML Projects\Deep Learning\Self Drive\IMG\right_2026_09_12_22_26_59_947.jpg,0,1,0,30.19027
D:\ML Projects\Deep Learning\Self Drive\IMG\center_2026_09_12_22_27_00_026.jpg,D:\ML Projects\Deep Learning\Self Drive\IMG\left_2026_09_12_22_27_00_026.jpg,D:\ML Projects\Deep Learning\Self Drive\IMG\right_2026_09_12_22_27_00_026.jpg,0,1,0,30.19027
D:\ML Projects\Deep Learning\Self Drive\IMG\center_2026_09_12_22_27_00_144.jpg,D:\ML Projects\Deep Learning\Self Drive\IMG\left_2026_09_12_22_27_00_144.jpg,D:\ML Projects\Deep Learning\Self Drive\IMG\right_2026_09_12_22_27_00_144.jpg,0,1,0,30.19028
D:\ML Projects\Deep Learning\Self Drive\IMG\center_2026_09_12_22_27_00_216.jpg,D:\ML Projects\Deep Learning\Self Drive\IMG\left_2026_09_12_22_27_00_216.jpg,D:\ML Projects\Deep Learning\Self Drive\IMG\right_2026_09_12_22_27_00_216.jpg,0,1,0,30.19027
D:\ML Projects\Deep Learning\Self Drive\IMG\center_2026_09_12_22_27_00_289.jpg,D:\ML Projects\Deep Learning\Self Drive\IMG\left_2026_09_12_22_27_00_289.jpg,D:\ML Projects\Deep Learning\Self Drive\IMG\right_2026_09_12_22_27_00_289.jpg,0,1,0,30.19025
D:\ML Projects\Deep Learning\Self Drive\IMG\center_2026_09_12_22_27_00_365.jpg,D:\ML Projects\Deep Learning\Self Drive\IMG\left_2026_09_12_22_27_00_365.jpg,D:\ML Projects\Deep Learning\Self Drive\IMG\right_2026_09_12_22_27_00_365.jpg,0,1,0,30.19028
D:\ML Projects\Deep Learning\Self Drive\IMG\center_2026_09_12_22_27_00_437.jpg,D:\ML Projects\Deep Learning\Self Drive\IMG\left_2026_09_12_22_27_00_437.jpg,D:\ML Projects\Deep Learning\Self Drive\IMG\right_2026_09_12_22_27_00_437.jpg,0,1,0,30.19025
D:\ML Projects\Deep Learning\Self Drive\IMG\center_2026_09_12_22_27_00_521.jpg,D:\ML Projects\Deep Learning\Self Drive\IMG\left_2026_09_12_22_27_00_521.jpg,D:\ML Projects\Deep Learning\Self Drive\IMG\right_2026_09_12_22_27_00_521.jpg,0,1,0,30.19015
D:\ML Projects\Deep Learning\Self Drive\IMG\center_2026_09_12_22_27_00_606.jpg,D:\ML Projects\Deep Learning\Self Drive\IMG\left_2026_09_12_22_27_00_606.jpg,D:\ML Projects\Deep Learning\Self Drive\IMG\right_2026_09_12_22_27_00_606.jpg,0,1,0,30.19053
D:\ML Projects\Deep Learning\Self Drive\IMG\center_2026_09_12_22_27_00_686.jpg,D:\ML Projects\Deep Learning\Self Drive\IMG\left_2026_09_12_22_27_00_686.jpg,D:\ML Projects\Deep Learning\Self Drive\IMG\right_2026_09_12_22_27_00_686.jpg,0,1,0,30.1904
D:\ML Projects\Deep Learning\Self Drive\IMG\center_2026_09_12_22_27_00_761.jpg,D:\ML Projects\Deep Learning\Self Drive\IMG\left_2026_09_12_22_27_00_761.jpg,D:\ML Projects\Deep Learning\Self Drive\IMG\right_2026_09_12_22_27_00_761.jpg,0,1,0,30.19018
D:\ML Projects\Deep Learning\Self Drive\IMG\center_2026_09_12_22_27_00_842.jpg,D:\ML Projects\Deep Learning\Self Drive\IMG\left_2026_09_12_22_27_00_842.jpg,D:\ML Projects\Deep Learning\Self Drive\IMG\right_2026_09_12_22_27_00_842.jpg,0,1,0,30.19056
D:\ML Projects\Deep Learning\Self Drive\IMG\center_2026_09_12_22_27_00_925.jpg,D:\ML Projects\Deep Learning\Self Drive\IMG\left_2026_09_12_22_27_00_925.jpg,D:\ML Projects\Deep Learning\Self Drive\IMG\right_2026_09_12_22_27_00_925.jpg,0,1,0,30.1905
D:\ML Projects\Deep Learning\Self Drive\IMG\center_2026_09_12_22_27_01_009.jpg,D:\ML Projects\Deep Learning\Self Drive\IMG\left_2026_09_12_22_27_01_009.jpg,D:\ML Projects\Deep Learning\Self Drive\IMG\right_2026_09_12_22_27_01_009.jpg,0,1,0,30.19046
D:\ML Projects\Deep Learning\Self Drive\IMG\center_2026_09_12_22_27_01_099.jpg,D:\ML Projects\Deep Learning\Self Drive\IMG\left_2026_09_12_22_27_01_099.jpg,D:\ML Projects\Deep Learning\Self Drive\IMG\right_2026_09_12_22_27_01_099.jpg,0,1,0,30.19046
D:\ML Projects\Deep Learning\Self Drive\IMG\center_2026_09_12_22_27_01_197.jpg,D:\ML Projects\Deep Learning\Self Drive\IMG\left_2026_09_12_22_27_01_197.jpg,D:\ML Projects\Deep Learning\Self Drive\IMG\right_2026_09_12_22_27_01_197.jpg,0,1,0,30.19046
D:\ML Projects\Deep Learning\Self Drive\IMG\center_2026_09_12_22_27_01_283.jpg,D:\ML Projects\Deep Learning\Self Drive\IMG\left_2026_09_12_22_27_01_283.jpg,D:\ML Projects\Deep Learning\Self Drive\IMG\right_2026_09_12_22_27_01_283.jpg,-0.2,1,0,30.17963
D:\ML Projects\Deep Learning\Self Drive\IMG\center_2026_09_12_22_27_01_367.jpg,D:\ML Projects\Deep Learning\Self Drive\IMG\left_2026_09_12_22_27_01_367.jpg,D:\ML Projects\Deep Learning\Self Drive\IMG\right_2026_09_12_22_27_01_367.jpg,0,1,0,30.19045
D:\ML Projects\Deep Learning\Self Drive\IMG\center_2026_09_12_22_27_01_449.jpg,D:\ML Projects\Deep Learning\Self Drive\IMG\left_2026_09_12_22_27_01_449.jpg,D:\ML Projects\Deep Learning\Self Drive\IMG\right_2026_09_12_22_27_01_449.jpg,0,1,0,30.19036
D:\ML Projects\Deep Learning\Self Drive\IMG\center_2026_09_12_22_27_01_528.jpg,D:\ML Projects\Deep Learning\Self Drive\IMG\left_2026_09_12_22_27_01_528.jpg,D:\ML Projects\Deep Learning\Self Drive\IMG\right_2026_09_12_22_27_01_528.jpg,0,1,0,30.1904
D:\ML Projects\Deep Learning\Self Drive\IMG\center_2026_09_12_22_27_01_613.jpg,D:\ML Projects\Deep Learning\Self Drive\IMG\left_2026_09_12_22_27_01_613.jpg,D:\ML Projects\Deep Learning\Self Drive\IMG\right_2026_09_12_22_27_01_613.jpg,0,1,0,30.19039
D:\ML Projects\Deep Learning\Self Drive\IMG\center_2026_09_12_22_27_01_701.jpg,D:\ML Projects\Deep Learning\Self Drive\IMG\left_2026_09_12_22_27_01_701.jpg,D:\ML Projects\Deep Learning\Self Drive\IMG\right_2026_09_12_22_27_01_701.jpg,0,1,0,30.19039
D:\ML Projects\Deep Learning\Self Drive\IMG\center_2026_09_12_22_27_01_784.jpg,D:\ML Projects\Deep Learning\Self Drive\IMG\left_2026_09_12_22_27_01_784.jpg,D:\ML Projects\Deep Learning\Self Drive\IMG\right_2026_09_12_22_27_01_784.jpg,0,1,0,30.19037
D:\ML Projects\Deep Learning\Self Drive\IMG\center_2026_09_12_22_27_01_868.jpg,D:\ML Projects\Deep Learning\Self Drive\IMG\left_2026_09_12_22_27_01_868.jpg,D:\ML Projects\Deep Learning\Self Drive\IMG\right_2026_09_12_22_27_01_868.jpg,0,1,0,30.19037
D:\ML Projects\Deep Learning\Self Drive\IMG\center_2026_09_12_22_27_01_955.jpg,D:\ML Projects\Deep Learning\Self Drive\IMG\left_2026_09_12_22_27_01_955.jpg,D:\ML Projects\Deep Learning\Self Drive\IMG\right_2026_09_12_22_27_01_955.jpg,-0.25,1,0,30.17465
D:\ML Projects\Deep Learning\Self Drive\IMG\center_2026_09_12_22_27_02_044.jpg,D:\ML Projects\Deep Learning\Self Drive\IMG\left_2026_09_12_22_27_02_044.jpg,D:\ML Projects\Deep Learning\Self Drive\IMG\right_2026_09_12_22_27_02_044.jpg,0,1,0,30.1904
D:\ML Projects\Deep Learning\Self Drive\IMG\center_2026_09_12_22_27_02_148.jpg,D:\ML Projects\Deep Learning\Self Drive\IMG\left_2026_09_12_22_27_02_148.jpg,D:\ML Projects\Deep Learning\Self Drive\IMG\right_2026_09_12_22_27_02_148.jpg,0,1,0,30.19065
D:\ML Projects\Deep Learning\Self Drive\IMG\center_2026_09_12_22_27_02_250.jpg,D:\ML Projects\Deep Learning\Self Drive\IMG\left_2026_09_12_22_27_02_250.jpg,D:\ML Projects\Deep Learning\Self Drive\IMG\right_2026_09_12_22_27_02_250.jpg,0,1,0,30.19036
D:\ML Projects\Deep Learning\Self Drive\IMG\center_2026_09_12_22_27_02_350.jpg,D:\ML Projects\Deep Learning\Self Drive\IMG\left_2026_09_12_22_27_02_350.jpg,D:\ML Projects\Deep Learning\Self Drive\IMG\right_2026_09_12_22_27_02_350.jpg,0,1,0,30.1905
D:\ML Projects\Deep Learning\Self Drive\IMG\center_2026_09_12_22_27_02_437.jpg,D:\ML Projects\Deep Learning\Self Drive\IMG\left_2026_09_12_22_27_02_437.jpg,D:\ML Projects\Deep Learning\Self Drive\IMG\right_2026_09_12_22_27_02_437.jpg,0,1,0,30.19025
D:\ML Projects\Deep Learning\Self Drive\IMG\center_2026_09_12_22_27_02_528.jpg,D:\ML Projects\Deep Learning\Self Drive\IMG\left_2026_09_12_22_27_02_528.jpg,D:\ML Projects\Deep Learning\Self Drive\IMG\right_2026_09_12_22_27_02_528.jpg,-0.2,1,0,30.17987
D:\ML Projects\Deep Learning\Self Drive\IMG\center_2026_09_12_22_27_02_619.jpg,D:\ML Projects\Deep Learning\Self Drive\IMG\left_2026_09_12_22_27_02_619.jpg,D:\ML Projects\Deep Learning\Self Drive\IMG\right_2026_09_12_22_27_02_619.jpg,0,1,0,30.19016
D:\ML Projects\Deep Learning\Self Drive\IMG\center_2026_09_12_22_27_02_709.jpg,D:\ML Projects\Deep Learning\Self Drive\IMG\left_2026_09_12_22_27_02_709.jpg,D:\ML Projects\Deep Learning\Self Drive\IMG\right_2026_09_12_22_27_02_709.jpg,0,1,0,30.19027
D:\ML Projects\Deep Learning\Self Drive\IMG\center_2026_09_12_22_27_02_799.jpg,D:\ML Projects\Deep Learning\Self Drive\IMG\left_2026_09_12_22_27_02_799.jpg,D:\ML Projects\Deep Learning\Self Drive\IMG\right_2026_09_12_22_27_02_799.jpg,0,1,0,30.19029
D:\ML Projects\Deep Learning\Self Drive\IMG\center_2026_09_12_22_27_02_868.jpg,D:\ML Projects\Deep Learning\Self Drive\IMG\left_2026_09_12_22_27_02_868.jpg,D:\ML Projects\Deep Learning\Self Drive\IMG\right_2026_09_12_22_27_02_868.jpg,0,1,0,30.1903
D:\ML Projects\Deep Learning\Self Drive\IMG\center_2026_09_12_22_27_03_002.jpg,D:\ML Projects\Deep Learning\Self Drive\IMG\left_2026_09_12_22_27_03_002.jpg,D:\ML Projects\Deep Learning\Self Drive\IMG\right_2026_09_12_22_27_03_002.jpg,0,1,0,30.1903
D:\ML Projects\Deep Learning\Self Drive\IMG\center_2026_09_12_22_27_03_147.jpg,D:\ML Projects\Deep Learning\Self Drive\IMG\left_2026_09_12_22_27_03_147.jpg,D:\ML Projects\Deep Learning\Self Drive\IMG\right_2026_09_12_22_27_03_147.jpg,-0.35,1,0,30.16355
D:\ML Projects\Deep Learning\Self Drive\IMG\center_2026_09_12_22_27_03_223.jpg,D:\ML Projects\Deep Learning\Self Drive\IMG\left_2026_09_12_22_27_03_223.jpg,D:\ML Projects\Deep Learning\Self Drive\IMG\right_2026_09_12_22_27_03_223.jpg,0,1,0,30.18953
D:\ML Projects\Deep Learning\Self Drive\IMG\center_2026_09_12_22_27_03_308.jpg,D:\ML Projects\Deep Learning\Self Drive\IMG\left_2026_09_12_22_27_03_308.jpg,D:\ML Projects\Deep Learning\Self Drive\IMG\right_2026_09_12_22_27_03_308.jpg,0,1,0,30.19017
D:\ML Projects\Deep Learning\Self Drive\IMG\center_2026_09_12_22_27_03_439.jpg,D:\ML Projects\Deep Learning\Self Drive\IMG\left_2026_09_12_22_27_03_439.jpg,D:\ML Projects\Deep Learning\Self Drive\IMG\right_2026_09_12_22_27_03_439.jpg,0,1,0,30.19031
D:\ML Projects\Deep Learning\Self Drive\IMG\center_2026_09_12_22_27_03_523.jpg,D:\ML Projects\Deep Learning\Self Drive\IMG\left_2026_09_12_22_27_03_523.jpg,D:\ML Projects\Deep Learning\Self Drive\IMG\right_2026_09_12_22_27_03_523.jpg,0,1,0,30.19029
D:\ML Projects\Deep Learning\Self Drive\IMG\center_2026_09_12_22_27_03_608.jpg,D:\ML Projects\Deep Learning\Self Drive\IMG\left_2026_09_12_22_27_03_608.jpg,D:\ML Projects\Deep Learning\Self Drive\IMG\right_2026_09_12_22_27_03_608.jpg,0,1,0,30.19028
D:\ML Projects\Deep Learning\Self Drive\IMG\center_2026_09_12_22_27_03_689.jpg,D:\ML Projects\Deep Learning\Self Drive\IMG\left_2026_09_12_22_27_03_689.jpg,D:\ML Projects\Deep Learning\Self Drive\IMG\right_2026_09_12_22_27_03_689.jpg,-0.2,1,0,30.18
D:\ML Projects\Deep Learning\Self Drive\IMG\center_2026_09_12_22_27_03_773.jpg,D:\ML Projects\Deep Learning\Self Drive\IMG\left_2026_09_12_22_27_03_773.jpg,D:\ML Projects\Deep Learning\Self Drive\IMG\right_2026_09_12_22_27_03_773.jpg,0,1,0,30.19025
D:\ML Projects\Deep Learning\Self Drive\IMG\center_2026_09_12_22_27_03_852.jpg,D:\ML Projects\Deep Learning\Self Drive\IMG\left_2026_09_12_22_27_03_852.jpg,D:\ML Projects\Deep Learning\Self Drive\IMG\right_2026_09_12_22_27_03_852.jpg,0,1,0,30.1902
D:\ML Projects\Deep Learning\Self Drive\IMG\center_2026_09_12_22_27_03_933.jpg,D:\ML Projects\Deep Learning\Self Drive\IMG\left_2026_09_12_22_27_03_933.jpg,D:\ML Projects\Deep Learning\Self Drive\IMG\right_2026_09_12_22_27_03_933.jpg,0,1,0,30.1902
D:\ML Projects\Deep Learning\Self Drive\IMG\center_2026_09_12_22_27_04_016.jpg,D:\ML Projects\Deep Learning\Self Drive\IMG\left_2026_09_12_22_27_04_016.jpg,D:\ML Projects\Deep Learning\Self Drive\IMG\right_2026_09_12_22_27_04_016.jpg,0,1,0,30.19009
D:\ML Projects\Deep Learning\Self Drive\IMG\center_2026_09_12_22_27_04_099.jpg,D:\ML Projects\Deep Learning\Self Drive\IMG\left_2026_09_12_22_27_04_099.jpg,D:\ML Projects\Deep Learning\Self Drive\IMG\right_2026_09_12_22_27_04_099.jpg,0,1,0,30.1902
D:\ML Projects\Deep Learning\Self Drive\IMG\center_2026_09_12_22_27_04_185.jpg,D:\ML Projects\Deep Learning\Self Drive\IMG\left_2026_09_12_22_27_04_185.jpg,D:\ML Projects\Deep Learning\Self Drive\IMG\right_2026_09_12_22_27_04_185.jpg,0.2,1,0,30.1799
D:\ML Projects\Deep Learning\Self Drive\IMG\center_2026_09_12_22_27_04_269.jpg,D:\ML Projects\Deep Learning\Self Drive\IMG\left_2026_09_12_22_27_04_269.jpg,D:\ML Projects\Deep Learning\Self Drive\IMG\right_2026_09_12_22_27_04_269.jpg,0,1,0,30.19014
D:\ML Projects\Deep Learning\Self Drive\IMG\center_2026_09_12_22_27_04_345.jpg,D:\ML Projects\Deep Learning\Self Drive\IMG\left_2026_09_12_22_27_04_345.jpg,D:\ML Projects\Deep Learning\Self Drive\IMG\right_2026_09_12_22_27_04_345.jpg,0,1,0,30.1902
D:\ML Projects\Deep Learning\Self Drive\IMG\center_2026_09_12_22_27_04_426.jpg,D:\ML Projects\Deep Learning\Self Drive\IMG\left_2026_09_12_22_27_04_426.jpg,D:\ML Projects\Deep Learning\Self Drive\IMG\right_2026_09_12_22_27_04_426.jpg,0,1,0,30.19023
D:\ML Projects\Deep Learning\Self Drive\IMG\center_2026_09_12_22_27_04_508.jpg,D:\ML Projects\Deep Learning\Self Drive\IMG\left_2026_09_12_22_27_04_508.jpg,D:\ML Projects\Deep Learning\Self Drive\IMG\right_2026_09_12_22_27_04_508.jpg,0,1,0,30.19023
D:\ML Projects\Deep Learning\Self Drive\IMG\center_2026_09_12_22_27_04_587.jpg,D:\ML Projects\Deep Learning\Self Drive\IMG\left_2026_09_12_22_27_04_587.jpg,D:\ML Projects\Deep Learning\Self Drive\IMG\right_2026_09_12_22_27_04_587.jpg,-0.2,1,0,30.17912
D:\ML Projects\Deep Learning\Self Drive\IMG\center_2026_09_12_22_27_04_667.jpg,D:\ML Projects\Deep Learning\Self Drive\IMG\left_2026_09_12_22_27_04_667.jpg,D:\ML Projects\Deep Learning\Self Drive\IMG\right_2026_09_12_22_27_04_667.jpg,0,1,0,30.19013
D:\ML Projects\Deep Learning\Self Drive\IMG\center_2026_09_12_22_27_04_750.jpg,D:\ML Projects\Deep Learning\Self Drive\IMG\left_2026_09_12_22_27_04_750.jpg,D:\ML Projects\Deep Learning\Self Drive\IMG\right_2026_09_12_22_27_04_750.jpg,0,1,0,30.19039
D:\ML Projects\Deep Learning\Self Drive\IMG\center_2026_09_12_22_27_04_833.jpg,D:\ML Projects\Deep Learning\Self Drive\IMG\left_2026_09_12_22_27_04_833.jpg,D:\ML Projects\Deep Learning\Self Drive\IMG\right_2026_09_12_22_27_04_833.jpg,0,1,0,30.19029
D:\ML Projects\Deep Learning\Self Drive\IMG\center_2026_09_12_22_27_04_912.jpg,D:\ML Projects\Deep Learning\Self Drive\IMG\left_2026_09_12_22_27_04_912.jpg,D:\ML Projects\Deep Learning\Self Drive\IMG\right_2026_09_12_22_27_04_912.jpg,0,1,0,30.19013
D:\ML Projects\Deep Learning\Self Drive\IMG\center_2026_09_12_22_27_04_992.jpg,D:\ML Projects\Deep Learning\Self Drive\IMG\left_2026_09_12_22_27_04_992.jpg,D:\ML Projects\Deep Learning\Self Drive\IMG\right_2026_09_12_22_27_04_992.jpg,0,1,0,30.19041
D:\ML Projects\Deep Learning\Self Drive\IMG\center_2026_09_12_22_27_05_071.jpg,D:\ML Projects\Deep Learning\Self Drive\IMG\left_2026_09_12_22_27_05_071.jpg,D:\ML Projects\Deep Learning\Self Drive\IMG\right_2026_09_12_22_27_05_071.jpg,0,1,0,30.19035
D:\ML Projects\Deep Learning\Self Drive\IMG\center_2026_09_12_22_27_05_162.jpg,D:\ML Projects\Deep Learning\Self Drive\IMG\left_2026_09_12_22_27_05_162.jpg,D:\ML Projects\Deep Learning\Self Drive\IMG\right_2026_09_12_22_27_05_162.jpg,0,1,0,30.19032
D:\ML Projects\Deep Learning\Self Drive\IMG\center_2026_09_12_22_27_05_241.jpg,D:\ML Projects\Deep Learning\Self Drive\IMG\left_2026_09_12_22_27_05_241.jpg,D:\ML Projects\Deep Learning\Self Drive\IMG\right_2026_09_12_22_27_05_241.jpg,0,1,0,30.19032
D:\ML Projects\Deep Learning\Self Drive\IMG\center_2026_09_12_22_27_05_323.jpg,D:\ML Projects\Deep Learning\Self Drive\IMG\left_2026_09_12_22_27_05_323.jpg,D:\ML Projects\Deep Learning\Self Drive\IMG\right_2026_09_12_22_27_05_323.jpg,0,1,0,30.19032
D:\ML Projects\Deep Learning\Self Drive\IMG\center_2026_09_12_22_27_05_404.jpg,D:\ML Projects\Deep Learning\Self Drive\IMG\left_2026_09_12_22_27_05_404.jpg,D:\ML Projects\Deep Learning\Self Drive\IMG\right_2026_09_12_22_27_05_404.jpg,0,1,0,30.19035
D:\ML Projects\Deep Learning\Self Drive\IMG\center_2026_09_12_22_27_05_489.jpg,D:\ML Projects\Deep Learning\Self Drive\IMG\left_2026_09_12_22_27_05_489.jpg,D:\ML Projects\Deep Learning\Self Drive\IMG\right_2026_09_12_22_27_05_489.jpg,0,1,0,30.19032
D:\ML Projects\Deep Learning\Self Drive\IMG\center_2026_09_12_22_27_05_568.jpg,D:\ML Projects\Deep Learning\Self Drive\IMG\left_2026_09_12_22_27_05_568.jpg,D:\ML Projects\Deep Learning\Self Drive\IMG\right_2026_09_12_22_27_05_568.jpg,0,1,0,30.19032
D:\ML Projects\Deep Learning\Self Drive\IMG\center_2026_09_12_22_27_05_649.jpg,D:\ML Projects\Deep Learning\Self Drive\IMG\left_2026_09_12_22_27_05_649.jpg,D:\ML Projects\Deep Learning\Self Drive\IMG\right_2026_09_12_22_27_05_649.jpg,0,1,0,30.19031
D:\ML Projects\Deep Learning\Self Drive\IMG\center_2026_09_12_22_27_05_732.jpg,D:\ML Projects\Deep Learning\Self Drive\IMG\left_2026_09_12_22_27_05_732.jpg,D:\ML Projects\Deep Learning\Self Drive\IMG\right_2026_09_12_22_27_05_732.jpg,0,1,0,30.19035
D:\ML Projects\Deep Learning\Self Drive\IMG\center_2026_09_12_22_27_05_844.jpg,D:\ML Projects\Deep Learning\Self Drive\IMG\left_2026_09_12_22_27_05_844.jpg,D:\ML Projects\Deep Learning\Self Drive\IMG\right_2026_09_12_22_27_05_844.jpg,0,1,0,30.19033
D:\ML Projects\Deep Learning\Self Drive\IMG\center_2026_09_12_22_27_05_931.jpg,D:\ML Projects\Deep Learning\Self Drive\IMG\left_2026_09_12_22_27_05_931.jpg,D:\ML Projects\Deep Learning\Self Drive\IMG\right_2026_09_12_22_27_05_931.jpg,-0.2,1,0,30.17947
D:\ML Projects\Deep Learning\Self Drive\IMG\center_2026_09_12_22_27_06_029.jpg,D:\ML Projects\Deep Learning\Self Drive\IMG\left_2026_09_12_22_27_06_029.jpg,D:\ML Projects\Deep Learning\Self Drive\IMG\right_2026_09_12_22_27_06_029.jpg,0,1,0,30.19015
D:\ML Projects\Deep Learning\Self Drive\IMG\center_2026_09_12_22_27_06_152.jpg,D:\ML Projects\Deep Learning\Self Drive\IMG\left_2026_09_12_22_27_06_152.jpg,D:\ML Projects\Deep Learning\Self Drive\IMG\right_2026_09_12_22_27_06_152.jpg,0,1,0,30.19047
D:\ML Projects\Deep Learning\Self Drive\IMG\center_2026_09_12_22_27_06_307.jpg,D:\ML Projects\Deep Learning\Self Drive\IMG\left_2026_09_12_22_27_06_307.jpg,D:\ML Projects\Deep Learning\Self Drive\IMG\right_2026_09_12_22_27_06_307.jpg,0,1,0,30.1901
D:\ML Projects\Deep Learning\Self Drive\IMG\center_2026_09_12_22_27_06_412.jpg,D:\ML Projects\Deep Learning\Self Drive\IMG\left_2026_09_12_22_27_06_412.jpg,D:\ML Projects\Deep Learning\Self Drive\IMG\right_2026_09_12_22_27_06_412.jpg,0,1,0,30.19047
D:\ML Projects\Deep Learning\Self Drive\IMG\center_2026_09_12_22_27_06_546.jpg,D:\ML Projects\Deep Learning\Self Drive\IMG\left_2026_09_12_22_27_06_546.jpg,D:\ML Projects\Deep Learning\Self Drive\IMG\right_2026_09_12_22_27_06_546.jpg,-0.35,1,0,30.16306
D:\ML Projects\Deep Learning\Self Drive\IMG\center_2026_09_12_22_27_06_669.jpg,D:\ML Projects\Deep Learning\Self Drive\IMG\left_2026_09_12_22_27_06_669.jpg,D:\ML Projects\Deep Learning\Self Drive\IMG\right_2026_09_12_22_27_06_669.jpg,0,1,0,30.18984
D:\ML Projects\Deep Learning\Self Drive\IMG\center_2026_09_12_22_27_06_768.jpg,D:\ML Projects\Deep Learning\Self Drive\IMG\left_2026_09_12_22_27_06_768.jpg,D:\ML Projects\Deep Learning\Self Drive\IMG\right_2026_09_12_22_27_06_768.jpg,0,1,0,30.19014
D:\ML Projects\Deep Learning\Self Drive\IMG\center_2026_09_12_22_27_06_862.jpg,D:\ML Projects\Deep Learning\Self Drive\IMG\left_2026_09_12_22_27_06_862.jpg,D:\ML Projects\Deep Learning\Self Drive\IMG\right_2026_09_12_22_27_06_862.jpg,0,1,0,30.19017
D:\ML Projects\Deep Learning\Self Drive\IMG\center_2026_09_12_22_27_06_932.jpg,D:\ML Projects\Deep Learning\Self Drive\IMG\left_2026_09_12_22_27_06_932.jpg,D:\ML Projects\Deep Learning\Self Drive\IMG\right_2026_09_12_22_27_06_932.jpg,0,1,0,30.19017
D:\ML Projects\Deep Learning\Self Drive\IMG\center_2026_09_12_22_27_07_005.jpg,D:\ML Projects\Deep Learning\Self Drive\IMG\left_2026_09_12_22_27_07_005.jpg,D:\ML Projects\Deep Learning\Self Drive\IMG\right_2026_09_12_22_27_07_005.jpg,0,1,0,30.19013
D:\ML Projects\Deep Learning\Self Drive\IMG\center_2026_09_12_22_27_07_077.jpg,D:\ML Projects\Deep Learning\Self Drive\IMG\left_2026_09_12_22_27_07_077.jpg,D:\ML Projects\Deep Learning\Self Drive\IMG\right_2026_09_12_22_27_07_077.jpg,0,1,0,30.19016
D:\ML Projects\Deep Learning\Self Drive\IMG\center_2026_09_12_22_27_07_183.jpg,D:\ML Projects\Deep Learning\Self Drive\IMG\left_2026_09_12_22_27_07_183.jpg,D:\ML Projects\Deep Learning\Self Drive\IMG\right_2026_09_12_22_27_07_183.jpg,0,1,0,30.19015
D:\ML Projects\Deep Learning\Self Drive\IMG\center_2026_09_12_22_27_07_272.jpg,D:\ML Projects\Deep Learning\Self Drive\IMG\left_2026_09_12_22_27_07_272.jpg,D:\ML Projects\Deep Learning\Self Drive\IMG\right_2026_09_12_22_27_07_272.jpg,0,1,0,30.19013
D:\ML Projects\Deep Learning\Self Drive\IMG\center_2026_09_12_22_27_07_346.jpg,D:\ML Projects\Deep Learning\Self Drive\IMG\left_2026_09_12_22_27_07_346.jpg,D:\ML Projects\Deep Learning\Self Drive\IMG\right_2026_09_12_22_27_07_346.jpg,0,1,0,30.19012
D:\ML Projects\Deep Learning\Self Drive\IMG\center_2026_09_12_22_27_07_424.jpg,D:\ML Projects\Deep Learning\Self Drive\IMG\left_2026_09_12_22_27_07_424.jpg,D:\ML Projects\Deep Learning\Self Drive\IMG\right_2026_09_12_22_27_07_424.jpg,0,1,0,30.19013
D:\ML Projects\Deep Learning\Self Drive\IMG\center_2026_09_12_22_27_07_500.jpg,D:\ML Projects\Deep Learning\Self Drive\IMG\left_2026_09_12_22_27_07_500.jpg,D:\ML Projects\Deep Learning\Self Drive\IMG\right_2026_09_12_22_27_07_500.jpg,0,1,0,30.19068
D:\ML Projects\Deep Learning\Self Drive\IMG\center_2026_09_12_22_27_07_577.jpg,D:\ML Projects\Deep Learning\Self Drive\IMG\left_2026_09_12_22_27_07_577.jpg,D:\ML Projects\Deep Learning\Self Drive\IMG\right_2026_09_12_22_27_07_577.jpg,0,1,0,30.19032
D:\ML Projects\Deep Learning\Self Drive\IMG\center_2026_09_12_22_27_07_656.jpg,D:\ML Projects\Deep Learning\Self Drive\IMG\left_2026_09_12_22_27_07_656.jpg,D:\ML Projects\Deep Learning\Self Drive\IMG\right_2026_09_12_22_27_07_656.jpg,0,1,0,30.19025
D:\ML Projects\Deep Learning\Self Drive\IMG\center_2026_09_12_22_27_07_742.jpg,D:\ML Projects\Deep Learning\Self Drive\IMG\left_2026_09_12_22_27_07_742.jpg,D:\ML Projects\Deep Learning\Self Drive\IMG\right_2026_09_12_22_27_07_742.jpg,0,1,0,30.19047
D:\ML Projects\Deep Learning\Self Drive\IMG\center_2026_09_12_22_27_07_825.jpg,D:\ML Projects\Deep Learning\Self Drive\IMG\left_2026_09_12_22_27_07_825.jpg,D:\ML Projects\Deep Learning\Self Drive\IMG\right_2026_09_12_22_27_07_825.jpg,0,1,0,30.19033
D:\ML Projects\Deep Learning\Self Drive\IMG\center_2026_09_12_22_27_07_910.jpg,D:\ML Projects\Deep Learning\Self Drive\IMG\left_2026_09_12_22_27_07_910.jpg,D:\ML Projects\Deep Learning\Self Drive\IMG\right_2026_09_12_22_27_07_910.jpg,0,1,0,30.19032
D:\ML Projects\Deep Learning\Self Drive\IMG\center_2026_09_12_22_27_07_994.jpg,D:\ML Projects\Deep Learning\Self Drive\IMG\left_2026_09_12_22_27_07_994.jpg,D:\ML Projects\Deep Learning\Self Drive\IMG\right_2026_09_12_22_27_07_994.jpg,0,1,0,30.1903
D:\ML Projects\Deep Learning\Self Drive\IMG\center_2026_09_12_22_27_08_082.jpg,D:\ML Projects\Deep Learning\Self Drive\IMG\left_2026_09_12_22_27_08_082.jpg,D:\ML Projects\Deep Learning\Self Drive\IMG\right_2026_09_12_22_27_08_082.jpg,0,1,0,30.19032
D:\ML Projects\Deep Learning\Self Drive\IMG\center_2026_09_12_22_27_08_191.jpg,D:\ML Projects\Deep Learning\Self Drive\IMG\left_2026_09_12_22_27_08_191.jpg,D:\ML Projects\Deep Learning\Self Drive\IMG\right_2026_09_12_22_27_08_191.jpg,0,1,0,30.19033
D:\ML Projects\Deep Learning\Self Drive\IMG\center_2026_09_12_22_27_08_281.jpg,D:\ML Projects\Deep Learning\Self Drive\IMG\left_2026_09_12_22_27_08_281.jpg,D:\ML Projects\Deep Learning\Self Drive\IMG\right_2026_09_12_22_27_08_281.jpg,0,1,0,30.19033
D:\ML Projects\Deep Learning\Self Drive\IMG\center_2026_09_12_22_27_08_372.jpg,D:\ML Projects\Deep Learning\Self Drive\IMG\left_2026_09_12_22_27_08_372.jpg,D:\ML Projects\Deep Learning\Self Drive\IMG\right_2026_09_12_22_27_08_372.jpg,0,1,0,30.19033
D:\ML Projects\Deep Learning\Self Drive\IMG\center_2026_09_12_22_27_08_458.jpg,D:\ML Projects\Deep Learning\Self Drive\IMG\left_2026_09_12_22_27_08_458.jpg,D:\ML Projects\Deep Learning\Self Drive\IMG\right_2026_09_12_22_27_08_458.jpg,0,1,0,30.19029
D:\ML Projects\Deep Learning\Self Drive\IMG\center_2026_09_12_22_27_08_546.jpg,D:\ML Projects\Deep Learning\Self Drive\IMG\left_2026_09_12_22_27_08_546.jpg,D:\ML Projects\Deep Learning\Self Drive\IMG\right_2026_09_12_22_27_08_546.jpg,0,1,0,30.19026
D:\ML Projects\Deep Learning\Self Drive\IMG\center_2026_09_12_22_27_08_648.jpg,D:\ML Projects\Deep Learning\Self Drive\IMG\left_2026_09_12_22_27_08_648.jpg,D:\ML Projects\Deep Learning\Self Drive\IMG\right_2026_09_12_22_27_08_648.jpg,0,1,0,30.19032
D:\ML Projects\Deep Learning\Self Drive\IMG\center_2026_09_12_22_27_08_727.jpg,D:\ML Projects\Deep Learning\Self Drive\IMG\left_2026_09_12_22_27_08_727.jpg,D:\ML Projects\Deep Learning\Self Drive\IMG\right_2026_09_12_22_27_08_727.jpg,0,1,0,30.1903
D:\ML Projects\Deep Learning\Self Drive\IMG\center_2026_09_12_22_27_08_795.jpg,D:\ML Projects\Deep Learning\Self Drive\IMG\left_2026_09_12_22_27_08_795.jpg,D:\ML Projects\Deep Learning\Self Drive\IMG\right_2026_09_12_22_27_08_795.jpg,0,1,0,30.19031
D:\ML Projects\Deep Learning\Self Drive\IMG\center_2026_09_12_22_27_08_867.jpg,D:\ML Projects\Deep Learning\Self Drive\IMG\left_2026_09_12_22_27_08_867.jpg,D:\ML Projects\Deep Learning\Self Drive\IMG\right_2026_09_12_22_27_08_867.jpg,0,1,0,30.18978
D:\ML Projects\Deep Learning\Self Drive\IMG\center_2026_09_12_22_27_09_008.jpg,D:\ML Projects\Deep Learning\Self Drive\IMG\left_2026_09_12_22_27_09_008.jpg,D:\ML Projects\Deep Learning\Self Drive\IMG\right_2026_09_12_22_27_09_008.jpg,0,1,0,30.19044
D:\ML Projects\Deep Learning\Self Drive\IMG\center_2026_09_12_22_27_09_081.jpg,D:\ML Projects\Deep Learning\Self Drive\IMG\left_2026_09_12_22_27_09_081.jpg,D:\ML Projects\Deep Learning\Self Drive\IMG\right_2026_09_12_22_27_09_081.jpg,0,1,0,30.18987
D:\ML Projects\Deep Learning\Self Drive\IMG\center_2026_09_12_22_27_09_168.jpg,D:\ML Projects\Deep Learning\Self Drive\IMG\left_2026_09_12_22_27_09_168.jpg,D:\ML Projects\Deep Learning\Self Drive\IMG\right_2026_09_12_22_27_09_168.jpg,0,1,0,30.19056
D:\ML Projects\Deep Learning\Self Drive\IMG\center_2026_09_12_22_27_09_243.jpg,D:\ML Projects\Deep Learning\Self Drive\IMG\left_2026_09_12_22_27_09_243.jpg,D:\ML Projects\Deep Learning\Self Drive\IMG\right_2026_09_12_22_27_09_243.jpg,0,1,0,30.19046
D:\ML Projects\Deep Learning\Self Drive\IMG\center_2026_09_12_22_27_09_318.jpg,D:\ML Projects\Deep Learning\Self Drive\IMG\left_2026_09_12_22_27_09_318.jpg,D:\ML Projects\Deep Learning\Self Drive\IMG\right_2026_09_12_22_27_09_318.jpg,-0.2,1,0,30.17964
D:\ML Projects\Deep Learning\Self Drive\IMG\center_2026_09_12_22_27_09_388.jpg,D:\ML Projects\Deep Learning\Self Drive\IMG\left_2026_09_12_22_27_09_388.jpg,D:\ML Projects\Deep Learning\Self Drive\IMG\right_2026_09_12_22_27_09_388.jpg,0,1,0,30.18982
D:\ML Projects\Deep Learning\Self Drive\IMG\center_2026_09_12_22_27_09_459.jpg,D:\ML Projects\Deep Learning\Self Drive\IMG\left_2026_09_12_22_27_09_459.jpg,D:\ML Projects\Deep Learning\Self Drive\IMG\right_2026_09_12_22_27_09_459.jpg,0,1,0,30.19035
D:\ML Projects\Deep Learning\Self Drive\IMG\center_2026_09_12_22_27_09_605.jpg,D:\ML Projects\Deep Learning\Self Drive\IMG\left_2026_09_12_22_27_09_605.jpg,D:\ML Projects\Deep Learning\Self Drive\IMG\right_2026_09_12_22_27_09_605.jpg,0,1,0,30.19056
D:\ML Projects\Deep Learning\Self Drive\IMG\center_2026_09_12_22_27_09_675.jpg,D:\ML Projects\Deep Learning\Self Drive\IMG\left_2026_09_12_22_27_09_675.jpg,D:\ML Projects\Deep Learning\Self Drive\IMG\right_2026_09_12_22_27_09_675.jpg,0,1,0,30.19029
D:\ML Projects\Deep Learning\Self Drive\IMG\center_2026_09_12_22_27_09_761.jpg,D:\ML Projects\Deep Learning\Self Drive\IMG\left_2026_09_12_22_27_09_761.jpg,D:\ML Projects\Deep Learning\Self Drive\IMG\right_2026_09_12_22_27_09_761.jpg,0,1,0,30.19053
D:\ML Projects\Deep Learning\Self Drive\IMG\center_2026_09_12_22_27_09_841.jpg,D:\ML Projects\Deep Learning\Self Drive\IMG\left_2026_09_12_22_27_09_841.jpg,D:\ML Projects\Deep Learning\Self Drive\IMG\right_2026_09_12_22_27_09_841.jpg,0,1,0,30.19014
D:\ML Projects\Deep Learning\Self Drive\IMG\center_2026_09_12_22_27_09_926.jpg,D:\ML Projects\Deep Learning\Self Drive\IMG\left_2026_09_12_22_27_09_926.jpg,D:\ML Projects\Deep Learning\Self Drive\IMG\right_2026_09_12_22_27_09_926.jpg,-0.2,1,0,30.17975
D:\ML Projects\Deep Learning\Self Drive\IMG\center_2026_09_12_22_27_10_007.jpg,D:\ML Projects\Deep Learning\Self Drive\IMG\left_2026_09_12_22_27_10_007.jpg,D:\ML Projects\Deep Learning\Self Drive\IMG\right_2026_09_12_22_27_10_007.jpg,-0.4,1,0,30.15749
D:\ML Projects\Deep Learning\Self Drive\IMG\center_2026_09_12_22_27_10_100.jpg,D:\ML Projects\Deep Learning\Self Drive\IMG\left_2026_09_12_22_27_10_100.jpg,D:\ML Projects\Deep Learning\Self Drive\IMG\right_2026_09_12_22_27_10_100.jpg,0,1,0,30.18924
D:\ML Projects\Deep Learning\Self Drive\IMG\center_2026_09_12_22_27_10_210.jpg,D:\ML Projects\Deep Learning\Self Drive\IMG\left_2026_09_12_22_27_10_210.jpg,D:\ML Projects\Deep Learning\Self Drive\IMG\right_2026_09_12_22_27_10_210.jpg,0,1,0,30.18998
D:\ML Projects\Deep Learning\Self Drive\IMG\center_2026_09_12_22_27_10_290.jpg,D:\ML Projects\Deep Learning\Self Drive\IMG\left_2026_09_12_22_27_10_290.jpg,D:\ML Projects\Deep Learning\Self Drive\IMG\right_2026_09_12_22_27_10_290.jpg,0,1,0,30.19035
D:\ML Projects\Deep Learning\Self Drive\IMG\center_2026_09_12_22_27_10_365.jpg,D:\ML Projects\Deep Learning\Self Drive\IMG\left_2026_09_12_22_27_10_365.jpg,D:\ML Projects\Deep Learning\Self Drive\IMG\right_2026_09_12_22_27_10_365.jpg,0,1,0,30.19004
D:\ML Projects\Deep Learning\Self Drive\IMG\center_2026_09_12_22_27_10_442.jpg,D:\ML Projects\Deep Learning\Self Drive\IMG\left_2026_09_12_22_27_10_442.jpg,D:\ML Projects\Deep Learning\Self Drive\IMG\right_2026_09_12_22_27_10_442.jpg,0,1,0,30.18998
D:\ML Projects\Deep Learning\Self Drive\IMG\center_2026_09_12_22_27_10_521.jpg,D:\ML Projects\Deep Learning\Self Drive\IMG\left_2026_09_12_22_27_10_521.jpg,D:\ML Projects\Deep Learning\Self Drive\IMG\right_2026_09_12_22_27_10_521.jpg,-0.2,1,0,30.17986
D:\ML Projects\Deep Learning\Self Drive\IMG\center_2026_09_12_22_27_10_600.jpg,D:\ML Projects\Deep Learning\Self Drive\IMG\left_2026_09_12_22_27_10_600.jpg,D:\ML Projects\Deep Learning\Self Drive\IMG\right_2026_09_12_22_27_10_600.jpg,0,1,0,30.19027
D:\ML Projects\Deep Learning\Self Drive\IMG\center_2026_09_12_22_27_10_680.jpg,D:\ML Projects\Deep Learning\Self Drive\IMG\left_2026_09_12_22_27_10_680.jpg,D:\ML Projects\Deep Learning\Self Drive\IMG\right_2026_09_12_22_27_10_680.jpg,0,1,0,30.19021
D:\ML Projects\Deep Learning\Self Drive\IMG\center_2026_09_12_22_27_10_760.jpg,D:\ML Projects\Deep Learning\Self Drive\IMG\left_2026_09_12_22_27_10_760.jpg,D:\ML Projects\Deep Learning\Self Drive\IMG\right_2026_09_12_22_27_10_760.jpg,0,1,0,30.19017
D:\ML Projects\Deep Learning\Self Drive\IMG\center_2026_09_12_22_27_10_848.jpg,D:\ML Projects\Deep Learning\Self Drive\IMG\left_2026_09_12_22_27_10_848.jpg,D:\ML Projects\Deep Learning\Self Drive\IMG\right_2026_09_12_22_27_10_848.jpg,0,1,0,30.19017
D:\ML Projects\Deep Learning\Self Drive\IMG\center_2026_09_12_22_27_10_937.jpg,D:\ML Projects\Deep Learning\Self Drive\IMG\left_2026_09_12_22_27_10_937.jpg,D:\ML Projects\Deep Learning\Self Drive\IMG\right_2026_09_12_22_27_10_937.jpg,0,1,0,30.19016
D:\ML Projects\Deep Learning\Self Drive\IMG\center_2026_09_12_22_27_11_021.jpg,D:\ML Projects\Deep Learning\Self Drive\IMG\left_2026_09_12_22_27_11_021.jpg,D:\ML Projects\Deep Learning\Self Drive\IMG\right_2026_09_12_22_27_11_021.jpg,0,1,0,30.19016
D:\ML Projects\Deep Learning\Self Drive\IMG\center_2026_09_12_22_27_11_116.jpg,D:\ML Projects\Deep Learning\Self Drive\IMG\left_2026_09_12_22_27_11_116.jpg,D:\ML Projects\Deep Learning\Self Drive\IMG\right_2026_09_12_22_27_11_116.jpg,0,1,0,30.19019
D:\ML Projects\Deep Learning\Self Drive\IMG\center_2026_09_12_22_27_11_213.jpg,D:\ML Projects\Deep Learning\Self Drive\IMG\left_2026_09_12_22_27_11_213.jpg,D:\ML Projects\Deep Learning\Self Drive\IMG\right_2026_09_12_22_27_11_213.jpg,0,1,0,30.19012
D:\ML Projects\Deep Learning\Self Drive\IMG\center_2026_09_12_22_27_11_298.jpg,D:\ML Projects\Deep Learning\Self Drive\IMG\left_2026_09_12_22_27_11_298.jpg,D:\ML Projects\Deep Learning\Self Drive\IMG\right_2026_09_12_22_27_11_298.jpg,0,1,0,30.19018
D:\ML Projects\Deep Learning\Self Drive\IMG\center_2026_09_12_22_27_11_386.jpg,D:\ML Projects\Deep Learning\Self Drive\IMG\left_2026_09_12_22_27_11_386.jpg,D:\ML Projects\Deep Learning\Self Drive\IMG\right_2026_09_12_22_27_11_386.jpg,0,1,0,30.19016
D:\ML Projects\Deep Learning\Self Drive\IMG\center_2026_09_12_22_27_11_479.jpg,D:\ML Projects\Deep Learning\Self Drive\IMG\left_2026_09_12_22_27_11_479.jpg,D:\ML Projects\Deep Learning\Self Drive\IMG\right_2026_09_12_22_27_11_479.jpg,0,1,0,30.19016
D:\ML Projects\Deep Learning\Self Drive\IMG\center_2026_09_12_22_27_11_579.jpg,D:\ML Projects\Deep Learning\Self Drive\IMG\left_2026_09_12_22_27_11_579.jpg,D:\ML Projects\Deep Learning\Self Drive\IMG\right_2026_09_12_22_27_11_579.jpg,0,1,0,30.18946
D:\ML Projects\Deep Learning\Self Drive\IMG\center_2026_09_12_22_27_11_676.jpg,D:\ML Projects\Deep Learning\Self Drive\IMG\left_2026_09_12_22_27_11_676.jpg,D:\ML Projects\Deep Learning\Self Drive\IMG\right_2026_09_12_22_27_11_676.jpg,0,1,0,30.19031
D:\ML Projects\Deep Learning\Self Drive\IMG\center_2026_09_12_22_27_11_770.jpg,D:\ML Projects\Deep Learning\Self Drive\IMG\left_2026_09_12_22_27_11_770.jpg,D:\ML Projects\Deep Learning\Self Drive\IMG\right_2026_09_12_22_27_11_770.jpg,0,1,0,30.19029
D:\ML Projects\Deep Learning\Self Drive\IMG\center_2026_09_12_22_27_11_860.jpg,D:\ML Projects\Deep Learning\Self Drive\IMG\left_2026_09_12_22_27_11_860.jpg,D:\ML Projects\Deep Learning\Self Drive\IMG\right_2026_09_12_22_27_11_860.jpg,0,1,0,30.19052
D:\ML Projects\Deep Learning\Self Drive\IMG\center_2026_09_12_22_27_11_942.jpg,D:\ML Projects\Deep Learning\Self Drive\IMG\left_2026_09_12_22_27_11_942.jpg,D:\ML Projects\Deep Learning\Self Drive\IMG\right_2026_09_12_22_27_11_942.jpg,0,1,0,30.19032
D:\ML Projects\Deep Learning\Self Drive\IMG\center_2026_09_12_22_27_12_022.jpg,D:\ML Projects\Deep Learning\Self Drive\IMG\left_2026_09_12_22_27_12_022.jpg,D:\ML Projects\Deep Learning\Self Drive\IMG\right_2026_09_12_22_27_12_022.jpg,0,1,0,30.19033
D:\ML Projects\Deep Learning\Self Drive\IMG\center_2026_09_12_22_27_12_105.jpg,D:\ML Projects\Deep Learning\Self Drive\IMG\left_2026_09_12_22_27_12_105.jpg,D:\ML Projects\Deep Learning\Self Drive\IMG\right_2026_09_12_22_27_12_105.jpg,-0.2,1,0,30.17952
D:\ML Projects\Deep Learning\Self Drive\IMG\center_2026_09_12_22_27_12_194.jpg,D:\ML Projects\Deep Learning\Self Drive\IMG\left_2026_09_12_22_27_12_194.jpg,D:\ML Projects\Deep Learning\Self Drive\IMG\right_2026_09_12_22_27_12_194.jpg,0,1,0,30.19017
D:\ML Projects\Deep Learning\Self Drive\IMG\center_2026_09_12_22_27_12_267.jpg,D:\ML Projects\Deep Learning\Self Drive\IMG\left_2026_09_12_22_27_12_267.jpg,D:\ML Projects\Deep Learning\Self Drive\IMG\right_2026_09_12_22_27_12_267.jpg,0,1,0,30.19025
D:\ML Projects\Deep Learning\Self Drive\IMG\center_2026_09_12_22_27_12_340.jpg,D:\ML Projects\Deep Learning\Self Drive\IMG\left_2026_09_12_22_27_12_340.jpg,D:\ML Projects\Deep Learning\Self Drive\IMG\right_2026_09_12_22_27_12_340.jpg,0,1,0,30.19028
D:\ML Projects\Deep Learning\Self Drive\IMG\center_2026_09_12_22_27_12_412.jpg,D:\ML Projects\Deep Learning\Self Drive\IMG\left_2026_09_12_22_27_12_412.jpg,D:\ML Projects\Deep Learning\Self Drive\IMG\right_2026_09_12_22_27_12_412.jpg,0,1,0,30.19028
D:\ML Projects\Deep Learning\Self Drive\IMG\center_2026_09_12_22_27_12_482.jpg,D:\ML Projects\Deep Learning\Self Drive\IMG\left_2026_09_12_22_27_12_482.jpg,D:\ML Projects\Deep Learning\Self Drive\IMG\right_2026_09_12_22_27_12_482.jpg,0,1,0,30.19024
D:\ML Projects\Deep Learning\Self Drive\IMG\center_2026_09_12_22_27_12_559.jpg,D:\ML Projects\Deep Learning\Self Drive\IMG\left_2026_09_12_22_27_12_559.jpg,D:\ML Projects\Deep Learning\Self Drive\IMG\right_2026_09_12_22_27_12_559.jpg,0,1,0,30.19025
D:\ML Projects\Deep Learning\Self Drive\IMG\center_2026_09_12_22_27_12_639.jpg,D:\ML Projects\Deep Learning\Self Drive\IMG\left_2026_09_12_22_27_12_639.jpg,D:\ML Projects\Deep Learning\Self Drive\IMG\right_2026_09_12_22_27_12_639.jpg,0,1,0,30.19029
D:\ML Projects\Deep Learning\Self Drive\IMG\center_2026_09_12_22_27_12_714.jpg,D:\ML Projects\Deep Learning\Self Drive\IMG\left_2026_09_12_22_27_12_714.jpg,D:\ML Projects\Deep Learning\Self Drive\IMG\right_2026_09_12_22_27_12_714.jpg,0,1,0,30.19027
D:\ML Projects\Deep Learning\Self Drive\IMG\center_2026_09_12_22_27_12_792.jpg,D:\ML Projects\Deep Learning\Self Drive\IMG\left_2026_09_12_22_27_12_792.jpg,D:\ML Projects\Deep Learning\Self Drive\IMG\right_2026_09_12_22_27_12_792.jpg,-0.15,1,0,30.18391
D:\ML Projects\Deep Learning\Self Drive\IMG\center_2026_09_12_22_27_12_870.jpg,D:\ML Projects\Deep Learning\Self Drive\IMG\left_2026_09_12_22_27_12_870.jpg,D:\ML Projects\Deep Learning\Self Drive\IMG\right_2026_09_12_22_27_12_870.jpg,0,1,0,30.19029
D:\ML Projects\Deep Learning\Self Drive\IMG\center_2026_09_12_22_27_12_949.jpg,D:\ML Projects\Deep Learning\Self Drive\IMG\left_2026_09_12_22_27_12_949.jpg,D:\ML Projects\Deep Learning\Self Drive\IMG\right_2026_09_12_22_27_12_949.jpg,0,1,0,30.19045
D:\ML Projects\Deep Learning\Self Drive\IMG\center_2026_09_12_22_27_13_026.jpg,D:\ML Projects\Deep Learning\Self Drive\IMG\left_2026_09_12_22_27_13_026.jpg,D:\ML Projects\Deep Learning\Self Drive\IMG\right_2026_09_12_22_27_13_026.jpg,0,1,0,30.19036
D:\ML Projects\Deep Learning\Self Drive\IMG\center_2026_09_12_22_27_13_115.jpg,D:\ML Projects\Deep Learning\Self Drive\IMG\left_2026_09_12_22_27_13_115.jpg,D:\ML Projects\Deep Learning\Self Drive\IMG\right_2026_09_12_22_27_13_115.jpg,0,1,0,30.19066
D:\ML Projects\Deep Learning\Self Drive\IMG\center_2026_09_12_22_27_13_218.jpg,D:\ML Projects\Deep Learning\Self Drive\IMG\left_2026_09_12_22_27_13_218.jpg,D:\ML Projects\Deep Learning\Self Drive\IMG\right_2026_09_12_22_27_13_218.jpg,0,1,0,30.19041
D:\ML Projects\Deep Learning\Self Drive\IMG\center_2026_09_12_22_27_13_299.jpg,D:\ML Projects\Deep Learning\Self Drive\IMG\left_2026_09_12_22_27_13_299.jpg,D:\ML Projects\Deep Learning\Self Drive\IMG\right_2026_09_12_22_27_13_299.jpg,0,1,0,30.19037
D:\ML Projects\Deep Learning\Self Drive\IMG\center_2026_09_12_22_27_13_378.jpg,D:\ML Projects\Deep Learning\Self Drive\IMG\left_2026_09_12_22_27_13_378.jpg,D:\ML Projects\Deep Learning\Self Drive\IMG\right_2026_09_12_22_27_13_378.jpg,0,1,0,30.19038
D:\ML Projects\Deep Learning\Self Drive\IMG\center_2026_09_12_22_27_13_463.jpg,D:\ML Projects\Deep Learning\Self Drive\IMG\left_2026_09_12_22_27_13_463.jpg,D:\ML Projects\Deep Learning\Self Drive\IMG\right_2026_09_12_22_27_13_463.jpg,-0.2,1,0,30.17953
D:\ML Projects\Deep Learning\Self Drive\IMG\center_2026_09_12_22_27_13_547.jpg,D:\ML Projects\Deep Learning\Self Drive\IMG\left_2026_09_12_22_27_13_547.jpg,D:\ML Projects\Deep Learning\Self Drive\IMG\right_2026_09_12_22_27_13_547.jpg,0,1,0,30.19036
D:\ML Projects\Deep Learning\Self Drive\IMG\center_2026_09_12_22_27_13_632.jpg,D:\ML Projects\Deep Learning\Self Drive\IMG\left_2026_09_12_22_27_13_632.jpg,D:\ML Projects\Deep Learning\Self Drive\IMG\right_2026_09_12_22_27_13_632.jpg,0,1,0,30.19029
D:\ML Projects\Deep Learning\Self Drive\IMG\center_2026_09_12_22_27_13_711.jpg,D:\ML Projects\Deep Learning\Self Drive\IMG\left_2026_09_12_22_27_13_711.jpg,D:\ML Projects\Deep Learning\Self Drive\IMG\right_2026_09_12_22_27_13_711.jpg,0,1,0,30.19033
D:\ML Projects\Deep Learning\Self Drive\IMG\center_2026_09_12_22_27_13_783.jpg,D:\ML Projects\Deep Learning\Self Drive\IMG\left_2026_09_12_22_27_13_783.jpg,D:\ML Projects\Deep Learning\Self Drive\IMG\right_2026_09_12_22_27_13_783.jpg,0,1,0,30.19033
D:\ML Projects\Deep Learning\Self Drive\IMG\center_2026_09_12_22_27_13_856.jpg,D:\ML Projects\Deep Learning\Self Drive\IMG\left_2026_09_12_22_27_13_856.jpg,D:\ML Projects\Deep Learning\Self Drive\IMG\right_2026_09_12_22_27_13_856.jpg,0,1,0,30.19029
D:\ML Projects\Deep Learning\Self Drive\IMG\center_2026_09_12_22_27_13_928.jpg,D:\ML Projects\Deep Learning\Self Drive\IMG\left_2026_09_12_22_27_13_928.jpg,D:\ML Projects\Deep Learning\Self Drive\IMG\right_2026_09_12_22_27_13_928.jpg,0,1,0,30.19035
D:\ML Projects\Deep Learning\Self Drive\IMG\center_2026_09_12_22_27_14_002.jpg,D:\ML Projects\Deep Learning\Self Drive\IMG\left_2026_09_12_22_27_14_002.jpg,D:\ML Projects\Deep Learning\Self Drive\IMG\right_2026_09_12_22_27_14_002.jpg,0,1,0,30.19033
D:\ML Projects\Deep Learning\Self Drive\IMG\center_2026_09_12_22_27_14_083.jpg,D:\ML Projects\Deep Learning\Self Drive\IMG\left_2026_09_12_22_27_14_083.jpg,D:\ML Projects\Deep Learning\Self Drive\IMG\right_2026_09_12_22_27_14_083.jpg,-0.2,1,0,30.17951
D:\ML Projects\Deep Learning\Self Drive\IMG\center_2026_09_12_22_27_14_175.jpg,D:\ML Projects\Deep Learning\Self Drive\IMG\left_2026_09_12_22_27_14_175.jpg,D:\ML Projects\Deep Learning\Self Drive\IMG\right_2026_09_12_22_27_14_175.jpg,-0.45,1,0,30.15131
D:\ML Projects\Deep Learning\Self Drive\IMG\center_2026_09_12_22_27_14_286.jpg,D:\ML Projects\Deep Learning\Self Drive\IMG\left_2026_09_12_22_27_14_286.jpg,D:\ML Projects\Deep Learning\Self Drive\IMG\right_2026_09_12_22_27_14_286.jpg,0,1,0,30.18878
D:\ML Projects\Deep Learning\Self Drive\IMG\center_2026_09_12_22_27_14_378.jpg,D:\ML Projects\Deep Learning\Self Drive\IMG\left_2026_09_12_22_27_14_378.jpg,D:\ML Projects\Deep Learning\Self Drive\IMG\right_2026_09_12_22_27_14_378.jpg,0,1,0,30.19
D:\ML Projects\Deep Learning\Self Drive\IMG\center_2026_09_12_22_27_14_453.jpg,D:\ML Projects\Deep Learning\Self Drive\IMG\left_2026_09_12_22_27_14_453.jpg,D:\ML Projects\Deep Learning\Self Drive\IMG\right_2026_09_12_22_27_14_453.jpg,0,1,0,30.19028
D:\ML Projects\Deep Learning\Self Drive\IMG\center_2026_09_12_22_27_14_584.jpg,D:\ML Projects\Deep Learning\Self Drive\IMG\left_2026_09_12_22_27_14_584.jpg,D:\ML Projects\Deep Learning\Self Drive\IMG\right_2026_09_12_22_27_14_584.jpg,0,1,0,30.19015
D:\ML Projects\Deep Learning\Self Drive\IMG\center_2026_09_12_22_27_14_653.jpg,D:\ML Projects\Deep Learning\Self Drive\IMG\left_2026_09_12_22_27_14_653.jpg,D:\ML Projects\Deep Learning\Self Drive\IMG\right_2026_09_12_22_27_14_653.jpg,0,1,0,30.19012
D:\ML Projects\Deep Learning\Self Drive\IMG\center_2026_09_12_22_27_14_786.jpg,D:\ML Projects\Deep Learning\Self Drive\IMG\left_2026_09_12_22_27_14_786.jpg,D:\ML Projects\Deep Learning\Self Drive\IMG\right_2026_09_12_22_27_14_786.jpg,0,1,0,30.19018
D:\ML Projects\Deep Learning\Self Drive\IMG\center_2026_09_12_22_27_14_922.jpg,D:\ML Projects\Deep Learning\Self Drive\IMG\left_2026_09_12_22_27_14_922.jpg,D:\ML Projects\Deep Learning\Self Drive\IMG\right_2026_09_12_22_27_14_922.jpg,0,1,0,30.19016
D:\ML Projects\Deep Learning\Self Drive\IMG\center_2026_09_12_22_27_14_992.jpg,D:\ML Projects\Deep Learning\Self Drive\IMG\left_2026_09_12_22_27_14_992.jpg,D:\ML Projects\Deep Learning\Self Drive\IMG\right_2026_09_12_22_27_14_992.jpg,0,1,0,30.19016
D:\ML Projects\Deep Learning\Self Drive\IMG\center_2026_09_12_22_27_15_070.jpg,D:\ML Projects\Deep Learning\Self Drive\IMG\left_2026_09_12_22_27_15_070.jpg,D:\ML Projects\Deep Learning\Self Drive\IMG\right_2026_09_12_22_27_15_070.jpg,0,1,0,30.19012
D:\ML Projects\Deep Learning\Self Drive\IMG\center_2026_09_12_22_27_15_145.jpg,D:\ML Projects\Deep Learning\Self Drive\IMG\left_2026_09_12_22_27_15_145.jpg,D:\ML Projects\Deep Learning\Self Drive\IMG\right_2026_09_12_22_27_15_145.jpg,0,1,0,30.19017
D:\ML Projects\Deep Learning\Self Drive\IMG\center_2026_09_12_22_27_15_233.jpg,D:\ML Projects\Deep Learning\Self Drive\IMG\left_2026_09_12_22_27_15_233.jpg,D:\ML Projects\Deep Learning\Self Drive\IMG\right_2026_09_12_22_27_15_233.jpg,0,1,0,30.19017
D:\ML Projects\Deep Learning\Self Drive\IMG\center_2026_09_12_22_27_15_310.jpg,D:\ML Projects\Deep Learning\Self Drive\IMG\left_2026_09_12_22_27_15_310.jpg,D:\ML Projects\Deep Learning\Self Drive\IMG\right_2026_09_12_22_27_15_310.jpg,0,1,0,30.1901
D:\ML Projects\Deep Learning\Self Drive\IMG\center_2026_09_12_22_27_15_390.jpg,D:\ML Projects\Deep Learning\Self Drive\IMG\left_2026_09_12_22_27_15_390.jpg,D:\ML Projects\Deep Learning\Self Drive\IMG\right_2026_09_12_22_27_15_390.jpg,0,1,0,30.19074
D:\ML Projects\Deep Learning\Self Drive\IMG\center_2026_09_12_22_27_15_468.jpg,D:\ML Projects\Deep Learning\Self Drive\IMG\left_2026_09_12_22_27_15_468.jpg,D:\ML Projects\Deep Learning\Self Drive\IMG\right_2026_09_12_22_27_15_468.jpg,0,1,0,30.19038
D:\ML Projects\Deep Learning\Self Drive\IMG\center_2026_09_12_22_27_15_551.jpg,D:\ML Projects\Deep Learning\Self Drive\IMG\left_2026_09_12_22_27_15_551.jpg,D:\ML Projects\Deep Learning\Self Drive\IMG\right_2026_09_12_22_27_15_551.jpg,0,1,0,30.19032
D:\ML Projects\Deep Learning\Self Drive\IMG\center_2026_09_12_22_27_15_631.jpg,D:\ML Projects\Deep Learning\Self Drive\IMG\left_2026_09_12_22_27_15_631.jpg,D:\ML Projects\Deep Learning\Self Drive\IMG\right_2026_09_12_22_27_15_631.jpg,0,1,0,30.19065
D:\ML Projects\Deep Learning\Self Drive\IMG\center_2026_09_12_22_27_15_712.jpg,D:\ML Projects\Deep Learning\Self Drive\IMG\left_2026_09_12_22_27_15_712.jpg,D:\ML Projects\Deep Learning\Self Drive\IMG\right_2026_09_12_22_27_15_712.jpg,0,1,0,30.19044
D:\ML Projects\Deep Learning\Self Drive\IMG\center_2026_09_12_22_27_15_787.jpg,D:\ML Projects\Deep Learning\Self Drive\IMG\left_2026_09_12_22_27_15_787.jpg,D:\ML Projects\Deep Learning\Self Drive\IMG\right_2026_09_12_22_27_15_787.jpg,0,1,0,30.19036
D:\ML Projects\Deep Learning\Self Drive\IMG\center_2026_09_12_22_27_15_860.jpg,D:\ML Projects\Deep Learning\Self Drive\IMG\left_2026_09_12_22_27_15_860.jpg,D:\ML Projects\Deep Learning\Self Drive\IMG\right_2026_09_12_22_27_15_860.jpg,0,1,0,30.19039
D:\ML Projects\Deep Learning\Self Drive\IMG\center_2026_09_12_22_27_15_936.jpg,D:\ML Projects\Deep Learning\Self Drive\IMG\left_2026_09_12_22_27_15_936.jpg,D:\ML Projects\Deep Learning\Self Drive\IMG\right_2026_09_12_22_27_15_936.jpg,0,1,0,30.1904
D:\ML Projects\Deep Learning\Self Drive\IMG\center_2026_09_12_22_27_16_014.jpg,D:\ML Projects\Deep Learning\Self Drive\IMG\left_2026_09_12_22_27_16_014.jpg,D:\ML Projects\Deep Learning\Self Drive\IMG\right_2026_09_12_22_27_16_014.jpg,0,1,0,30.1904
D:\ML Projects\Deep Learning\Self Drive\IMG\center_2026_09_12_22_27_16_104.jpg,D:\ML Projects\Deep Learning\Self Drive\IMG\left_2026_09_12_22_27_16_104.jpg,D:\ML Projects\Deep Learning\Self Drive\IMG\right_2026_09_12_22_27_16_104.jpg,0,1,0,30.19043
D:\ML Projects\Deep Learning\Self Drive\IMG\center_2026_09_12_22_27_16_204.jpg,D:\ML Projects\Deep Learning\Self Drive\IMG\left_2026_09_12_22_27_16_204.jpg,D:\ML Projects\Deep Learning\Self Drive\IMG\right_2026_09_12_22_27_16_204.jpg,0,1,0,30.19043
D:\ML Projects\Deep Learning\Self Drive\IMG\center_2026_09_12_22_27_16_292.jpg,D:\ML Projects\Deep Learning\Self Drive\IMG\left_2026_09_12_22_27_16_292.jpg,D:\ML Projects\Deep Learning\Self Drive\IMG\right_2026_09_12_22_27_16_292.jpg,0,1,0,30.19033
D:\ML Projects\Deep Learning\Self Drive\IMG\center_2026_09_12_22_27_16_378.jpg,D:\ML Projects\Deep Learning\Self Drive\IMG\left_2026_09_12_22_27_16_378.jpg,D:\ML Projects\Deep Learning\Self Drive\IMG\right_2026_09_12_22_27_16_378.jpg,0,1,0,30.1904
D:\ML Projects\Deep Learning\Self Drive\IMG\center_2026_09_12_22_27_16_456.jpg,D:\ML Projects\Deep Learning\Self Drive\IMG\left_2026_09_12_22_27_16_456.jpg,D:\ML Projects\Deep Learning\Self Drive\IMG\right_2026_09_12_22_27_16_456.jpg,-0.2,1,0,30.17956
D:\ML Projects\Deep Learning\Self Drive\IMG\center_2026_09_12_22_27_16_530.jpg,D:\ML Projects\Deep Learning\Self Drive\IMG\left_2026_09_12_22_27_16_530.jpg,D:\ML Projects\Deep Learning\Self Drive\IMG\right_2026_09_12_22_27_16_530.jpg,-0.35,1,0,30.16268
D:\ML Projects\Deep Learning\Self Drive\IMG\center_2026_09_12_22_27_16_603.jpg,D:\ML Projects\Deep Learning\Self Drive\IMG\left_2026_09_12_22_27_16_603.jpg,D:\ML Projects\Deep Learning\Self Drive\IMG\right_2026_09_12_22_27_16_603.jpg,0,1,0,30.18981
D:\ML Projects\Deep Learning\Self Drive\IMG\center_2026_09_12_22_27_16_670.jpg,D:\ML Projects\Deep Learning\Self Drive\IMG\left_2026_09_12_22_27_16_670.jpg,D:\ML Projects\Deep Learning\Self Drive\IMG\right_2026_09_12_22_27_16_670.jpg,0,1,0,30.19011
D:\ML Projects\Deep Learning\Self Drive\IMG\center_2026_09_12_22_27_16_797.jpg,D:\ML Projects\Deep Learning\Self Drive\IMG\left_2026_09_12_22_27_16_797.jpg,D:\ML Projects\Deep Learning\Self Drive\IMG\right_2026_09_12_22_27_16_797.jpg,0,1,0,30.19069
D:\ML Projects\Deep Learning\Self Drive\IMG\center_2026_09_12_22_27_16_888.jpg,D:\ML Projects\Deep Learning\Self Drive\IMG\left_2026_09_12_22_27_16_888.jpg,D:\ML Projects\Deep Learning\Self Drive\IMG\right_2026_09_12_22_27_16_888.jpg,0,1,0,30.19045
D:\ML Projects\Deep Learning\Self Drive\IMG\center_2026_09_12_22_27_16_969.jpg,D:\ML Projects\Deep Learning\Self Drive\IMG\left_2026_09_12_22_27_16_969.jpg,D:\ML Projects\Deep Learning\Self Drive\IMG\right_2026_09_12_22_27_16_969.jpg,-0.2,1,0,30.18007
D:\ML Projects\Deep Learning\Self Drive\IMG\center_2026_09_12_22_27_17_114.jpg,D:\ML Projects\Deep Learning\Self Drive\IMG\left_2026_09_12_22_27_17_114.jpg,D:\ML Projects\Deep Learning\Self Drive\IMG\right_2026_09_12_22_27_17_114.jpg,0,1,0,30.18965
D:\ML Projects\Deep Learning\Self Drive\IMG\center_2026_09_12_22_27_17_204.jpg,D:\ML Projects\Deep Learning\Self Drive\IMG\left_2026_09_12_22_27_17_204.jpg,D:\ML Projects\Deep Learning\Self Drive\IMG\right_2026_09_12_22_27_17_204.jpg,0,1,0,30.19014
D:\ML Projects\Deep Learning\Self Drive\IMG\center_2026_09_12_22_27_17_282.jpg,D:\ML Projects\Deep Learning\Self Drive\IMG\left_2026_09_12_22_27_17_282.jpg,D:\ML Projects\Deep Learning\Self Drive\IMG\right_2026_09_12_22_27_17_282.jpg,0,1,0,30.1902
D:\ML Projects\Deep Learning\Self Drive\IMG\center_2026_09_12_22_27_17_359.jpg,D:\ML Projects\Deep Learning\Self Drive\IMG\left_2026_09_12_22_27_17_359.jpg,D:\ML Projects\Deep Learning\Self Drive\IMG\right_2026_09_12_22_27_17_359.jpg,0,1,0,30.19022
D:\ML Projects\Deep Learning\Self Drive\IMG\center_2026_09_12_22_27_17_437.jpg,D:\ML Projects\Deep Learning\Self Drive\IMG\left_2026_09_12_22_27_17_437.jpg,D:\ML Projects\Deep Learning\Self Drive\IMG\right_2026_09_12_22_27_17_437.jpg,0,1,0,30.1902
D:\ML Projects\Deep Learning\Self Drive\IMG\center_2026_09_12_22_27_17_548.jpg,D:\ML Projects\Deep Learning\Self Drive\IMG\left_2026_09_12_22_27_17_548.jpg,D:\ML Projects\Deep Learning\Self Drive\IMG\right_2026_09_12_22_27_17_548.jpg,0,1,0,30.19022
D:\ML Projects\Deep Learning\Self Drive\IMG\center_2026_09_12_22_27_17_632.jpg,D:\ML Projects\Deep Learning\Self Drive\IMG\left_2026_09_12_22_27_17_632.jpg,D:\ML Projects\Deep Learning\Self Drive\IMG\right_2026_09_12_22_27_17_632.jpg,-0.2,1,0,30.17862
D:\ML Projects\Deep Learning\Self Drive\IMG\center_2026_09_12_22_27_17_706.jpg,D:\ML Projects\Deep Learning\Self Drive\IMG\left_2026_09_12_22_27_17_706.jpg,D:\ML Projects\Deep Learning\Self Drive\IMG\right_2026_09_12_22_27_17_706.jpg,0,1,0,30.19049
D:\ML Projects\Deep Learning\Self Drive\IMG\center_2026_09_12_22_27_17_782.jpg,D:\ML Projects\Deep Learning\Self Drive\IMG\left_2026_09_12_22_27_17_782.jpg,D:\ML Projects\Deep Learning\Self Drive\IMG\right_2026_09_12_22_27_17_782.jpg,0,1,0,30.1903
D:\ML Projects\Deep Learning\Self Drive\IMG\center_2026_09_12_22_27_17_851.jpg,D:\ML Projects\Deep Learning\Self Drive\IMG\left_2026_09_12_22_27_17_851.jpg,D:\ML Projects\Deep Learning\Self Drive\IMG\right_2026_09_12_22_27_17_851.jpg,0,1,0,30.1897
D:\ML Projects\Deep Learning\Self Drive\IMG\center_2026_09_12_22_27_17_921.jpg,D:\ML Projects\Deep Learning\Self Drive\IMG\left_2026_09_12_22_27_17_921.jpg,D:\ML Projects\Deep Learning\Self Drive\IMG\right_2026_09_12_22_27_17_921.jpg,0,1,0,30.19059
D:\ML Projects\Deep Learning\Self Drive\IMG\center_2026_09_12_22_27_17_994.jpg,D:\ML Projects\Deep Learning\Self Drive\IMG\left_2026_09_12_22_27_17_994.jpg,D:\ML Projects\Deep Learning\Self Drive\IMG\right_2026_09_12_22_27_17_994.jpg,0,1,0,30.19041
D:\ML Projects\Deep Learning\Self Drive\IMG\center_2026_09_12_22_27_18_067.jpg,D:\ML Projects\Deep Learning\Self Drive\IMG\left_2026_09_12_22_27_18_067.jpg,D:\ML Projects\Deep Learning\Self Drive\IMG\right_2026_09_12_22_27_18_067.jpg,0,1,0,30.1904
D:\ML Projects\Deep Learning\Self Drive\IMG\center_2026_09_12_22_27_18_154.jpg,D:\ML Projects\Deep Learning\Self Drive\IMG\left_2026_09_12_22_27_18_154.jpg,D:\ML Projects\Deep Learning\Self Drive\IMG\right_2026_09_12_22_27_18_154.jpg,-0.25,1,0,30.1745
D:\ML Projects\Deep Learning\Self Drive\IMG\center_2026_09_12_22_27_18_243.jpg,D:\ML Projects\Deep Learning\Self Drive\IMG\left_2026_09_12_22_27_18_243.jpg,D:\ML Projects\Deep Learning\Self Drive\IMG\right_2026_09_12_22_27_18_243.jpg,0,1,0,30.19024
D:\ML Projects\Deep Learning\Self Drive\IMG\center_2026_09_12_22_27_18_320.jpg,D:\ML Projects\Deep Learning\Self Drive\IMG\left_2026_09_12_22_27_18_320.jpg,D:\ML Projects\Deep Learning\Self Drive\IMG\right_2026_09_12_22_27_18_320.jpg,0,1,0,30.19022
D:\ML Projects\Deep Learning\Self Drive\IMG\center_2026_09_12_22_27_18_396.jpg,D:\ML Projects\Deep Learning\Self Drive\IMG\left_2026_09_12_22_27_18_396.jpg,D:\ML Projects\Deep Learning\Self Drive\IMG\right_2026_09_12_22_27_18_396.jpg,0,1,0,30.19031
D:\ML Projects\Deep Learning\Self Drive\IMG\center_2026_09_12_22_27_18_465.jpg,D:\ML Projects\Deep Learning\Self Drive\IMG\left_2026_09_12_22_27_18_465.jpg,D:\ML Projects\Deep Learning\Self Drive\IMG\right_2026_09_12_22_27_18_465.jpg,0,1,0,30.19032
D:\ML Projects\Deep Learning\Self Drive\IMG\center_2026_09_12_22_27_18_545.jpg,D:\ML Projects\Deep Learning\Self Drive\IMG\left_2026_09_12_22_27_18_545.jpg,D:\ML Projects\Deep Learning\Self Drive\IMG\right_2026_09_12_22_27_18_545.jpg,0,1,0,30.19023
D:\ML Projects\Deep Learning\Self Drive\IMG\center_2026_09_12_22_27_18_615.jpg,D:\ML Projects\Deep Learning\Self Drive\IMG\left_2026_09_12_22_27_18_615.jpg,D:\ML Projects\Deep Learning\Self Drive\IMG\right_2026_09_12_22_27_18_615.jpg,0,1,0,30.1903
D:\ML Projects\Deep Learning\Self Drive\IMG\center_2026_09_12_22_27_18_685.jpg,D:\ML Projects\Deep Learning\Self Drive\IMG\left_2026_09_12_22_27_18_685.jpg,D:\ML Projects\Deep Learning\Self Drive\IMG\right_2026_09_12_22_27_18_685.jpg,-0.15,1,0,30.18459
D:\ML Projects\Deep Learning\Self Drive\IMG\center_2026_09_12_22_27_18_760.jpg,D:\ML Projects\Deep Learning\Self Drive\IMG\left_2026_09_12_22_27_18_760.jpg,D:\ML Projects\Deep Learning\Self Drive\IMG\right_2026_09_12_22_27_18_760.jpg,0,1,0,30.19062
D:\ML Projects\Deep Learning\Self Drive\IMG\center_2026_09_12_22_27_18_833.jpg,D:\ML Projects\Deep Learning\Self Drive\IMG\left_2026_09_12_22_27_18_833.jpg,D:\ML Projects\Deep Learning\Self Drive\IMG\right_2026_09_12_22_27_18_833.jpg,0,1,0,30.19039
D:\ML Projects\Deep Learning\Self Drive\IMG\center_2026_09_12_22_27_18_913.jpg,D:\ML Projects\Deep Learning\Self Drive\IMG\left_2026_09_12_22_27_18_913.jpg,D:\ML Projects\Deep Learning\Self Drive\IMG\right_2026_09_12_22_27_18_913.jpg,0,1,0,30.19094
D:\ML Projects\Deep Learning\Self Drive\IMG\center_2026_09_12_22_27_18_990.jpg,D:\ML Projects\Deep Learning\Self Drive\IMG\left_2026_09_12_22_27_18_990.jpg,D:\ML Projects\Deep Learning\Self Drive\IMG\right_2026_09_12_22_27_18_990.jpg,0,1,0,30.19066
D:\ML Projects\Deep Learning\Self Drive\IMG\center_2026_09_12_22_27_19_069.jpg,D:\ML Projects\Deep Learning\Self Drive\IMG\left_2026_09_12_22_27_19_069.jpg,D:\ML Projects\Deep Learning\Self Drive\IMG\right_2026_09_12_22_27_19_069.jpg,-0.2,1,0,30.17952
D:\ML Projects\Deep Learning\Self Drive\IMG\center_2026_09_12_22_27_19_221.jpg,D:\ML Projects\Deep Learning\Self Drive\IMG\left_2026_09_12_22_27_19_221.jpg,D:\ML Projects\Deep Learning\Self Drive\IMG\right_2026_09_12_22_27_19_221.jpg,0,1,0,30.18907
D:\ML Projects\Deep Learning\Self Drive\IMG\center_2026_09_12_22_27_19_296.jpg,D:\ML Projects\Deep Learning\Self Drive\IMG\left_2026_09_12_22_27_19_296.jpg,D:\ML Projects\Deep Learning\Self Drive\IMG\right_2026_09_12_22_27_19_296.jpg,-0.2,1,0,30.18454
D:\ML Projects\Deep Learning\Self Drive\IMG\center_2026_09_12_22_27_19_418.jpg,D:\ML Projects\Deep Learning\Self Drive\IMG\left_2026_09_12_22_27_19_418.jpg,D:\ML Projects\Deep Learning\Self Drive\IMG\right_2026_09_12_22_27_19_418.jpg,0,1,0,30.18818
D:\ML Projects\Deep Learning\Self Drive\IMG\center_2026_09_12_22_27_19_542.jpg,D:\ML Projects\Deep Learning\Self Drive\IMG\left_2026_09_12_22_27_19_542.jpg,D:\ML Projects\Deep Learning\Self Drive\IMG\right_2026_09_12_22_27_19_542.jpg,0,1,0,30.18993
D:\ML Projects\Deep Learning\Self Drive\IMG\center_2026_09_12_22_27_19_659.jpg,D:\ML Projects\Deep Learning\Self Drive\IMG\left_2026_09_12_22_27_19_659.jpg,D:\ML Projects\Deep Learning\Self Drive\IMG\right_2026_09_12_22_27_19_659.jpg,0,1,0,30.19091
D:\ML Projects\Deep Learning\Self Drive\IMG\center_2026_09_12_22_27_19_778.jpg,D:\ML Projects\Deep Learning\Self Drive\IMG\left_2026_09_12_22_27_19_778.jpg,D:\ML Projects\Deep Learning\Self Drive\IMG\right_2026_09_12_22_27_19_778.jpg,0,1,0,30.19029
D:\ML Projects\Deep Learning\Self Drive\IMG\center_2026_09_12_22_27_19_904.jpg,D:\ML Projects\Deep Learning\Self Drive\IMG\left_2026_09_12_22_27_19_904.jpg,D:\ML Projects\Deep Learning\Self Drive\IMG\right_2026_09_12_22_27_19_904.jpg,-0.3,1,0,30.1694
D:\ML Projects\Deep Learning\Self Drive\IMG\center_2026_09_12_22_27_20_023.jpg,D:\ML Projects\Deep Learning\Self Drive\IMG\left_2026_09_12_22_27_20_023.jpg,D:\ML Projects\Deep Learning\Self Drive\IMG\right_2026_09_12_22_27_20_023.jpg,0,1,0,30.1901
D:\ML Projects\Deep Learning\Self Drive\IMG\center_2026_09_12_22_27_20_158.jpg,D:\ML Projects\Deep Learning\Self Drive\IMG\left_2026_09_12_22_27_20_158.jpg,D:\ML Projects\Deep Learning\Self Drive\IMG\right_2026_09_12_22_27_20_158.jpg,0,1,0,30.19022
D:\ML Projects\Deep Learning\Self Drive\IMG\center_2026_09_12_22_27_20_242.jpg,D:\ML Projects\Deep Learning\Self Drive\IMG\left_2026_09_12_22_27_20_242.jpg,D:\ML Projects\Deep Learning\Self Drive\IMG\right_2026_09_12_22_27_20_242.jpg,-0.2,1,0,30.18019
D:\ML Projects\Deep Learning\Self Drive\IMG\center_2026_09_12_22_27_20_376.jpg,D:\ML Projects\Deep Learning\Self Drive\IMG\left_2026_09_12_22_27_20_376.jpg,D:\ML Projects\Deep Learning\Self Drive\IMG\right_2026_09_12_22_27_20_376.jpg,0,1,0,30.18945
D:\ML Projects\Deep Learning\Self Drive\IMG\center_2026_09_12_22_27_20_496.jpg,D:\ML Projects\Deep Learning\Self Drive\IMG\left_2026_09_12_22_27_20_496.jpg,D:\ML Projects\Deep Learning\Self Drive\IMG\right_2026_09_12_22_27_20_496.jpg,0,1,0,30.18991
D:\ML Projects\Deep Learning\Self Drive\IMG\center_2026_09_12_22_27_20_634.jpg,D:\ML Projects\Deep Learning\Self Drive\IMG\left_2026_09_12_22_27_20_634.jpg,D:\ML Projects\Deep Learning\Self Drive\IMG\right_2026_09_12_22_27_20_634.jpg,0,1,0,30.1904
D:\ML Projects\Deep Learning\Self Drive\IMG\center_2026_09_12_22_27_20_761.jpg,D:\ML Projects\Deep Learning\Self Drive\IMG\left_2026_09_12_22_27_20_761.jpg,D:\ML Projects\Deep Learning\Self Drive\IMG\right_2026_09_12_22_27_20_761.jpg,-0.3,1,0,30.16859
D:\ML Projects\Deep Learning\Self Drive\IMG\center_2026_09_12_22_27_20_831.jpg,D:\ML Projects\Deep Learning\Self Drive\IMG\left_2026_09_12_22_27_20_831.jpg,D:\ML Projects\Deep Learning\Self Drive\IMG\right_2026_09_12_22_27_20_831.jpg,0,1,0,30.18933
D:\ML Projects\Deep Learning\Self Drive\IMG\center_2026_09_12_22_27_20_908.jpg,D:\ML Projects\Deep Learning\Self Drive\IMG\left_2026_09_12_22_27_20_908.jpg,D:\ML Projects\Deep Learning\Self Drive\IMG\right_2026_09_12_22_27_20_908.jpg,0,1,0,30.19021
D:\ML Projects\Deep Learning\Self Drive\IMG\center_2026_09_12_22_27_20_976.jpg,D:\ML Projects\Deep Learning\Self Drive\IMG\left_2026_09_12_22_27_20_976.jpg,D:\ML Projects\Deep Learning\Self Drive\IMG\right_2026_09_12_22_27_20_976.jpg,0,1,0,30.19023
D:\ML Projects\Deep Learning\Self Drive\IMG\center_2026_09_12_22_27_21_124.jpg,D:\ML Projects\Deep Learning\Self Drive\IMG\left_2026_09_12_22_27_21_124.jpg,D:\ML Projects\Deep Learning\Self Drive\IMG\right_2026_09_12_22_27_21_124.jpg,-0.2,1,0,30.18011
D:\ML Projects\Deep Learning\Self Drive\IMG\center_2026_09_12_22_27_21_201.jpg,D:\ML Projects\Deep Learning\Self Drive\IMG\left_2026_09_12_22_27_21_201.jpg,D:\ML Projects\Deep Learning\Self Drive\IMG\right_2026_09_12_22_27_21_201.jpg,-0.4,1,0,30.1574
D:\ML Projects\Deep Learning\Self Drive\IMG\center_2026_09_12_22_27_21_278.jpg,D:\ML Projects\Deep Learning\Self Drive\IMG\left_2026_09_12_22_27_21_278.jpg,D:\ML Projects\Deep Learning\Self Drive\IMG\right_2026_09_12_22_27_21_278.jpg,0,1,0,30.18891
D:\ML Projects\Deep Learning\Self Drive\IMG\center_2026_09_12_22_27_21_347.jpg,D:\ML Projects\Deep Learning\Self Drive\IMG\left_2026_09_12_22_27_21_347.jpg,D:\ML Projects\Deep Learning\Self Drive\IMG\right_2026_09_12_22_27_21_347.jpg,0,1,0,30.18961
D:\ML Projects\Deep Learning\Self Drive\IMG\center_2026_09_12_22_27_21_427.jpg,D:\ML Projects\Deep Learning\Self Drive\IMG\left_2026_09_12_22_27_21_427.jpg,D:\ML Projects\Deep Learning\Self Drive\IMG\right_2026_09_12_22_27_21_427.jpg,0,1,0,30.19033
D:\ML Projects\Deep Learning\Self Drive\IMG\center_2026_09_12_22_27_21_505.jpg,D:\ML Projects\Deep Learning\Self Drive\IMG\left_2026_09_12_22_27_21_505.jpg,D:\ML Projects\Deep Learning\Self Drive\IMG\right_2026_09_12_22_27_21_505.jpg,0,1,0,30.19032
D:\ML Projects\Deep Learning\Self Drive\IMG\center_2026_09_12_22_27_21_576.jpg,D:\ML Projects\Deep Learning\Self Drive\IMG\left_2026_09_12_22_27_21_576.jpg,D:\ML Projects\Deep Learning\Self Drive\IMG\right_2026_09_12_22_27_21_576.jpg,-0.2,1,0,30.17841
D:\ML Projects\Deep Learning\Self Drive\IMG\center_2026_09_12_22_27_21_645.jpg,D:\ML Projects\Deep Learning\Self Drive\IMG\left_2026_09_12_22_27_21_645.jpg,D:\ML Projects\Deep Learning\Self Drive\IMG\right_2026_09_12_22_27_21_645.jpg,-0.35,1,0,30.16418
D:\ML Projects\Deep Learning\Self Drive\IMG\center_2026_09_12_22_27_21_713.jpg,D:\ML Projects\Deep Learning\Self Drive\IMG\left_2026_09_12_22_27_21_713.jpg,D:\ML Projects\Deep Learning\Self Drive\IMG\right_2026_09_12_22_27_21_713.jpg,0,1,0,30.18963
D:\ML Projects\Deep Learning\Self Drive\IMG\center_2026_09_12_22_27_21_782.jpg,D:\ML Projects\Deep Learning\Self Drive\IMG\left_2026_09_12_22_27_21_782.jpg,D:\ML Projects\Deep Learning\Self Drive\IMG\right_2026_09_12_22_27_21_782.jpg,0,1,0,30.18999
D:\ML Projects\Deep Learning\Self Drive\IMG\center_2026_09_12_22_27_21_851.jpg,D:\ML Projects\Deep Learning\Self Drive\IMG\left_2026_09_12_22_27_21_851.jpg,D:\ML Projects\Deep Learning\Self Drive\IMG\right_2026_09_12_22_27_21_851.jpg,0,1,0,30.19013
D:\ML Projects\Deep Learning\Self Drive\IMG\center_2026_09_12_22_27_21_963.jpg,D:\ML Projects\Deep Learning\Self Drive\IMG\left_2026_09_12_22_27_21_963.jpg,D:\ML Projects\Deep Learning\Self Drive\IMG\right_2026_09_12_22_27_21_963.jpg,0,1,0,30.19018
D:\ML Projects\Deep Learning\Self Drive\IMG\center_2026_09_12_22_27_22_077.jpg,D:\ML Projects\Deep Learning\Self Drive\IMG\left_2026_09_12_22_27_22_077.jpg,D:\ML Projects\Deep Learning\Self Drive\IMG\right_2026_09_12_22_27_22_077.jpg,-0.3,1,0,30.16916
D:\ML Projects\Deep Learning\Self Drive\IMG\center_2026_09_12_22_27_22_190.jpg,D:\ML Projects\Deep Learning\Self Drive\IMG\left_2026_09_12_22_27_22_190.jpg,D:\ML Projects\Deep Learning\Self Drive\IMG\right_2026_09_12_22_27_22_190.jpg,0,1,0,30.19025
D:\ML Projects\Deep Learning\Self Drive\IMG\center_2026_09_12_22_27_22_258.jpg,D:\ML Projects\Deep Learning\Self Drive\IMG\left_2026_09_12_22_27_22_258.jpg,D:\ML Projects\Deep Learning\Self Drive\IMG\right_2026_09_12_22_27_22_258.jpg,0,1,0,30.19035
D:\ML Projects\Deep Learning\Self Drive\IMG\center_2026_09_12_22_27_22_369.jpg,D:\ML Projects\Deep Learning\Self Drive\IMG\left_2026_09_12_22_27_22_369.jpg,D:\ML Projects\Deep Learning\Self Drive\IMG\right_2026_09_12_22_27_22_369.jpg,-0.25,1,0,30.17385
D:\ML Projects\Deep Learning\Self Drive\IMG\center_2026_09_12_22_27_22_473.jpg,D:\ML Projects\Deep Learning\Self Drive\IMG\left_2026_09_12_22_27_22_473.jpg,D:\ML Projects\Deep Learning\Self Drive\IMG\right_2026_09_12_22_27_22_473.jpg,0,1,0,30.18777
D:\ML Projects\Deep Learning\Self Drive\IMG\center_2026_09_12_22_27_22_544.jpg,D:\ML Projects\Deep Learning\Self Drive\IMG\left_2026_09_12_22_27_22_544.jpg,D:\ML Projects\Deep Learning\Self Drive\IMG\right_2026_09_12_22_27_22_544.jpg,0,1,0,30.18973
D:\ML Projects\Deep Learning\Self Drive\IMG\center_2026_09_12_22_27_22_639.jpg,D:\ML Projects\Deep Learning\Self Drive\IMG\left_2026_09_12_22_27_22_639.jpg,D:\ML Projects\Deep Learning\Self Drive\IMG\right_2026_09_12_22_27_22_639.jpg,0,1,0,30.19018
D:\ML Projects\Deep Learning\Self Drive\IMG\center_2026_09_12_22_27_22_719.jpg,D:\ML Projects\Deep Learning\Self Drive\IMG\left_2026_09_12_22_27_22_719.jpg,D:\ML Projects\Deep Learning\Self Drive\IMG\right_2026_09_12_22_27_22_719.jpg,-0.2,1,0,30.18112
D:\ML Projects\Deep Learning\Self Drive\IMG\center_2026_09_12_22_27_22_845.jpg,D:\ML Projects\Deep Learning\Self Drive\IMG\left_2026_09_12_22_27_22_845.jpg,D:\ML Projects\Deep Learning\Self Drive\IMG\right_2026_09_12_22_27_22_845.jpg,0,1,0,30.18826
D:\ML Projects\Deep Learning\Self Drive\IMG\center_2026_09_12_22_27_22_966.jpg,D:\ML Projects\Deep Learning\Self Drive\IMG\left_2026_09_12_22_27_22_966.jpg,D:\ML Projects\Deep Learning\Self Drive\IMG\right_2026_09_12_22_27_22_966.jpg,0,1,0,30.19036
D:\ML Projects\Deep Learning\Self Drive\IMG\center_2026_09_12_22_27_23_084.jpg,D:\ML Projects\Deep Learning\Self Drive\IMG\left_2026_09_12_22_27_23_084.jpg,D:\ML Projects\Deep Learning\Self Drive\IMG\right_2026_09_12_22_27_23_084.jpg,0,1,0,30.18852
D:\ML Projects\Deep Learning\Self Drive\IMG\center_2026_09_12_22_27_23_196.jpg,D:\ML Projects\Deep Learning\Self Drive\IMG\left_2026_09_12_22_27_23_196.jpg,D:\ML Projects\Deep Learning\Self Drive\IMG\right_2026_09_12_22_27_23_196.jpg,-0.3,1,0,30.1697
D:\ML Projects\Deep Learning\Self Drive\IMG\center_2026_09_12_22_27_23_264.jpg,D:\ML Projects\Deep Learning\Self Drive\IMG\left_2026_09_12_22_27_23_264.jpg,D:\ML Projects\Deep Learning\Self Drive\IMG\right_2026_09_12_22_27_23_264.jpg,-0.45,1,0,30.15147
D:\ML Projects\Deep Learning\Self Drive\IMG\center_2026_09_12_22_27_23_384.jpg,D:\ML Projects\Deep Learning\Self Drive\IMG\left_2026_09_12_22_27_23_384.jpg,D:\ML Projects\Deep Learning\Self Drive\IMG\right_2026_09_12_22_27_23_384.jpg,0,1,0,30.18933
D:\ML Projects\Deep Learning\Self Drive\IMG\center_2026_09_12_22_27_23_504.jpg,D:\ML Projects\Deep Learning\Self Drive\IMG\left_2026_09_12_22_27_23_504.jpg,D:\ML Projects\Deep Learning\Self Drive\IMG\right_2026_09_12_22_27_23_504.jpg,-0.15,1,0,30.18618
D:\ML Projects\Deep Learning\Self Drive\IMG\center_2026_09_12_22_27_23_625.jpg,D:\ML Projects\Deep Learning\Self Drive\IMG\left_2026_09_12_22_27_23_625.jpg,D:\ML Projects\Deep Learning\Self Drive\IMG\right_2026_09_12_22_27_23_625.jpg,0,1,0,30.18957
D:\ML Projects\Deep Learning\Self Drive\IMG\center_2026_09_12_22_27_23_743.jpg,D:\ML Projects\Deep Learning\Self Drive\IMG\left_2026_09_12_22_27_23_743.jpg,D:\ML Projects\Deep Learning\Self Drive\IMG\right_2026_09_12_22_27_23_743.jpg,0,1,0,30.19025
D:\ML Projects\Deep Learning\Self Drive\IMG\center_2026_09_12_22_27_23_846.jpg,D:\ML Projects\Deep Learning\Self Drive\IMG\left_2026_09_12_22_27_23_846.jpg,D:\ML Projects\Deep Learning\Self Drive\IMG\right_2026_09_12_22_27_23_846.jpg,0,1,0,30.19097
D:\ML Projects\Deep Learning\Self Drive\IMG\center_2026_09_12_22_27_23_955.jpg,D:\ML Projects\Deep Learning\Self Drive\IMG\left_2026_09_12_22_27_23_955.jpg,D:\ML Projects\Deep Learning\Self Drive\IMG\right_2026_09_12_22_27_23_955.jpg,-0.15,1,0,30.18453
D:\ML Projects\Deep Learning\Self Drive\IMG\center_2026_09_12_22_27_24_069.jpg,D:\ML Projects\Deep Learning\Self Drive\IMG\left_2026_09_12_22_27_24_069.jpg,D:\ML Projects\Deep Learning\Self Drive\IMG\right_2026_09_12_22_27_24_069.jpg,0,1,0,30.19098
D:\ML Projects\Deep Learning\Self Drive\IMG\center_2026_09_12_22_27_24_184.jpg,D:\ML Projects\Deep Learning\Self Drive\IMG\left_2026_09_12_22_27_24_184.jpg,D:\ML Projects\Deep Learning\Self Drive\IMG\right_2026_09_12_22_27_24_184.jpg,0,1,0,30.19027
D:\ML Projects\Deep Learning\Self Drive\IMG\center_2026_09_12_22_27_24_256.jpg,D:\ML Projects\Deep Learning\Self Drive\IMG\left_2026_09_12_22_27_24_256.jpg,D:\ML Projects\Deep Learning\Self Drive\IMG\right_2026_09_12_22_27_24_256.jpg,0,1,0,30.19076
D:\ML Projects\Deep Learning\Self Drive\IMG\center_2026_09_12_22_27_24_366.jpg,D:\ML Projects\Deep Learning\Self Drive\IMG\left_2026_09_12_22_27_24_366.jpg,D:\ML Projects\Deep Learning\Self Drive\IMG\right_2026_09_12_22_27_24_366.jpg,-0.1,1,0,30.1883
D:\ML Projects\Deep Learning\Self Drive\IMG\center_2026_09_12_22_27_24_483.jpg,D:\ML Projects\Deep Learning\Self Drive\IMG\left_2026_09_12_22_27_24_483.jpg,D:\ML Projects\Deep Learning\Self Drive\IMG\right_2026_09_12_22_27_24_483.jpg,-0.4,1,0,30.1584
D:\ML Projects\Deep Learning\Self Drive\IMG\center_2026_09_12_22_27_24_598.jpg,D:\ML Projects\Deep Learning\Self Drive\IMG\left_2026_09_12_22_27_24_598.jpg,D:\ML Projects\Deep Learning\Self Drive\IMG\right_2026_09_12_22_27_24_598.jpg,0,1,0,30.18943
D:\ML Projects\Deep Learning\Self Drive\IMG\center_2026_09_12_22_27_24_717.jpg,D:\ML Projects\Deep Learning\Self Drive\IMG\left_2026_09_12_22_27_24_717.jpg,D:\ML Projects\Deep Learning\Self Drive\IMG\right_2026_09_12_22_27_24_717.jpg,-0.3,1,0,30.17278
D:\ML Projects\Deep Learning\Self Drive\IMG\center_2026_09_12_22_27_24_839.jpg,D:\ML Projects\Deep Learning\Self Drive\IMG\left_2026_09_12_22_27_24_839.jpg,D:\ML Projects\Deep Learning\Self Drive\IMG\right_2026_09_12_22_27_24_839.jpg,0,1,0,30.18673
D:\ML Projects\Deep Learning\Self Drive\IMG\center_2026_09_12_22_27_24_955.jpg,D:\ML Projects\Deep Learning\Self Drive\IMG\left_2026_09_12_22_27_24_955.jpg,D:\ML Projects\Deep Learning\Self Drive\IMG\right_2026_09_12_22_27_24_955.jpg,-0.15,1,0,30.18788
D:\ML Projects\Deep Learning\Self Drive\IMG\center_2026_09_12_22_27_25_057.jpg,D:\ML Projects\Deep Learning\Self Drive\IMG\left_2026_09_12_22_27_25_057.jpg,D:\ML Projects\Deep Learning\Self Drive\IMG\right_2026_09_12_22_27_25_057.jpg,-0.4,1,0,30.16153
D:\ML Projects\Deep Learning\Self Drive\IMG\center_2026_09_12_22_27_25_184.jpg,D:\ML Projects\Deep Learning\Self Drive\IMG\left_2026_09_12_22_27_25_184.jpg,D:\ML Projects\Deep Learning\Self Drive\IMG\right_2026_09_12_22_27_25_184.jpg,0,1,0,30.18962
D:\ML Projects\Deep Learning\Self Drive\IMG\center_2026_09_12_22_27_25_254.jpg,D:\ML Projects\Deep Learning\Self Drive\IMG\left_2026_09_12_22_27_25_254.jpg,D:\ML Projects\Deep Learning\Self Drive\IMG\right_2026_09_12_22_27_25_254.jpg,0,1,0,30.1902
D:\ML Projects\Deep Learning\Self Drive\IMG\center_2026_09_12_22_27_25_370.jpg,D:\ML Projects\Deep Learning\Self Drive\IMG\left_2026_09_12_22_27_25_370.jpg,D:\ML Projects\Deep Learning\Self Drive\IMG\right_2026_09_12_22_27_25_370.jpg,-0.25,1,0,30.1768
D:\ML Projects\Deep Learning\Self Drive\IMG\center_2026_09_12_22_27_25_481.jpg,D:\ML Projects\Deep Learning\Self Drive\IMG\left_2026_09_12_22_27_25_481.jpg,D:\ML Projects\Deep Learning\Self Drive\IMG\right_2026_09_12_22_27_25_481.jpg,0,1,0,30.19015
D:\ML Projects\Deep Learning\Self Drive\IMG\center_2026_09_12_22_27_25_588.jpg,D:\ML Projects\Deep Learning\Self Drive\IMG\left_2026_09_12_22_27_25_588.jpg,D:\ML Projects\Deep Learning\Self Drive\IMG\right_2026_09_12_22_27_25_588.jpg,0,1,0,30.19028
D:\ML Projects\Deep Learning\Self Drive\IMG\center_2026_09_12_22_27_25_712.jpg,D:\ML Projects\Deep Learning\Self Drive\IMG\left_2026_09_12_22_27_25_712.jpg,D:\ML Projects\Deep Learning\Self Drive\IMG\right_2026_09_12_22_27_25_712.jpg,-0.3,1,0,30.1701
D:\ML Projects\Deep Learning\Self Drive\IMG\center_2026_09_12_22_27_25_802.jpg,D:\ML Projects\Deep Learning\Self Drive\IMG\left_2026_09_12_22_27_25_802.jpg,D:\ML Projects\Deep Learning\Self Drive\IMG\right_2026_09_12_22_27_25_802.jpg,0,1,0,30.18757
D:\ML Projects\Deep Learning\Self Drive\IMG\center_2026_09_12_22_27_25_897.jpg,D:\ML Projects\Deep Learning\Self Drive\IMG\left_2026_09_12_22_27_25_897.jpg,D:\ML Projects\Deep Learning\Self Drive\IMG\right_2026_09_12_22_27_25_897.jpg,-0.15,1,0,30.1888
D:\ML Projects\Deep Learning\Self Drive\IMG\center_2026_09_12_22_27_25_989.jpg,D:\ML Projects\Deep Learning\Self Drive\IMG\left_2026_09_12_22_27_25_989.jpg,D:\ML Projects\Deep Learning\Self Drive\IMG\right_2026_09_12_22_27_25_989.jpg,-0.35,1,0,30.16931
D:\ML Projects\Deep Learning\Self Drive\IMG\center_2026_09_12_22_27_26_108.jpg,D:\ML Projects\Deep Learning\Self Drive\IMG\left_2026_09_12_22_27_26_108.jpg,D:\ML Projects\Deep Learning\Self Drive\IMG\right_2026_09_12_22_27_26_108.jpg,0,1,0,30.1898
D:\ML Projects\Deep Learning\Self Drive\IMG\center_2026_09_12_22_27_26_236.jpg,D:\ML Projects\Deep Learning\Self Drive\IMG\left_2026_09_12_22_27_26_236.jpg,D:\ML Projects\Deep Learning\Self Drive\IMG\right_2026_09_12_22_27_26_236.jpg,-0.2,1,0,30.18205
D:\ML Projects\Deep Learning\Self Drive\IMG\center_2026_09_12_22_27_26_316.jpg,D:\ML Projects\Deep Learning\Self Drive\IMG\left_2026_09_12_22_27_26_316.jpg,D:\ML Projects\Deep Learning\Self Drive\IMG\right_2026_09_12_22_27_26_316.jpg,-0.4,1,0,30.15937
D:\ML Projects\Deep Learning\Self Drive\IMG\center_2026_09_12_22_27_26_434.jpg,D:\ML Projects\Deep Learning\Self Drive\IMG\left_2026_09_12_22_27_26_434.jpg,D:\ML Projects\Deep Learning\Self Drive\IMG\right_2026_09_12_22_27_26_434.jpg,0,1,0,30.18974
D:\ML Projects\Deep Learning\Self Drive\IMG\center_2026_09_12_22_27_26_548.jpg,D:\ML Projects\Deep Learning\Self Drive\IMG\left_2026_09_12_22_27_26_548.jpg,D:\ML Projects\Deep Learning\Self Drive\IMG\right_2026_09_12_22_27_26_548.jpg,-0.25,1,0,30.17866
D:\ML Projects\Deep Learning\Self Drive\IMG\center_2026_09_12_22_27_26_662.jpg,D:\ML Projects\Deep Learning\Self Drive\IMG\left_2026_09_12_22_27_26_662.jpg,D:\ML Projects\Deep Learning\Self Drive\IMG\right_2026_09_12_22_27_26_662.jpg,0,1,0,30.18767
D:\ML Projects\Deep Learning\Self Drive\IMG\center_2026_09_12_22_27_26_784.jpg,D:\ML Projects\Deep Learning\Self Drive\IMG\left_2026_09_12_22_27_26_784.jpg,D:\ML Projects\Deep Learning\Self Drive\IMG\right_2026_09_12_22_27_26_784.jpg,0,1,0,30.19009
D:\ML Projects\Deep Learning\Self Drive\IMG\center_2026_09_12_22_27_26_903.jpg,D:\ML Projects\Deep Learning\Self Drive\IMG\left_2026_09_12_22_27_26_903.jpg,D:\ML Projects\Deep Learning\Self Drive\IMG\right_2026_09_12_22_27_26_903.jpg,0,1,0,30.18981
D:\ML Projects\Deep Learning\Self Drive\IMG\center_2026_09_12_22_27_27_031.jpg,D:\ML Projects\Deep Learning\Self Drive\IMG\left_2026_09_12_22_27_27_031.jpg,D:\ML Projects\Deep Learning\Self Drive\IMG\right_2026_09_12_22_27_27_031.jpg,-0.3,1,0,30.17005
D:\ML Projects\Deep Learning\Self Drive\IMG\center_2026_09_12_22_27_27_103.jpg,D:\ML Projects\Deep Learning\Self Drive\IMG\left_2026_09_12_22_27_27_103.jpg,D:\ML Projects\Deep Learning\Self Drive\IMG\right_2026_09_12_22_27_27_103.jpg,0,1,0,30.19021
D:\ML Projects\Deep Learning\Self Drive\IMG\center_2026_09_12_22_27_27_175.jpg,D:\ML Projects\Deep Learning\Self Drive\IMG\left_2026_09_12_22_27_27_175.jpg,D:\ML Projects\Deep Learning\Self Drive\IMG\right_2026_09_12_22_27_27_175.jpg,0,1,0,30.19022
D:\ML Projects\Deep Learning\Self Drive\IMG\center_2026_09_12_22_27_27_257.jpg,D:\ML Projects\Deep Learning\Self Drive\IMG\left_2026_09_12_22_27_27_257.jpg,D:\ML Projects\Deep Learning\Self Drive\IMG\right_2026_09_12_22_27_27_257.jpg,0,1,0,30.19028
D:\ML Projects\Deep Learning\Self Drive\IMG\center_2026_09_12_22_27_27_328.jpg,D:\ML Projects\Deep Learning\Self Drive\IMG\left_2026_09_12_22_27_27_328.jpg,D:\ML Projects\Deep Learning\Self Drive\IMG\right_2026_09_12_22_27_27_328.jpg,0,1,0,30.19033
D:\ML Projects\Deep Learning\Self Drive\IMG\center_2026_09_12_22_27_27_466.jpg,D:\ML Projects\Deep Learning\Self Drive\IMG\left_2026_09_12_22_27_27_466.jpg,D:\ML Projects\Deep Learning\Self Drive\IMG\right_2026_09_12_22_27_27_466.jpg,0,1,0,30.1903
D:\ML Projects\Deep Learning\Self Drive\IMG\center_2026_09_12_22_27_27_536.jpg,D:\ML Projects\Deep Learning\Self Drive\IMG\left_2026_09_12_22_27_27_536.jpg,D:\ML Projects\Deep Learning\Self Drive\IMG\right_2026_09_12_22_27_27_536.jpg,0,1,0,30.19035
D:\ML Projects\Deep Learning\Self Drive\IMG\center_2026_09_12_22_27_27_602.jpg,D:\ML Projects\Deep Learning\Self Drive\IMG\left_2026_09_12_22_27_27_602.jpg,D:\ML Projects\Deep Learning\Self Drive\IMG\right_2026_09_12_22_27_27_602.jpg,0,1,0,30.19053
D:\ML Projects\Deep Learning\Self Drive\IMG\center_2026_09_12_22_27_27_675.jpg,D:\ML Projects\Deep Learning\Self Drive\IMG\left_2026_09_12_22_27_27_675.jpg,D:\ML Projects\Deep Learning\Self Drive\IMG\right_2026_09_12_22_27_27_675.jpg,0,1,0,30.19031
D:\ML Projects\Deep Learning\Self Drive\IMG\center_2026_09_12_22_27_27_802.jpg,D:\ML Projects\Deep Learning\Self Drive\IMG\left_2026_09_12_22_27_27_802.jpg,D:\ML Projects\Deep Learning\Self Drive\IMG\right_2026_09_12_22_27_27_802.jpg,0,1,0,30.19032
D:\ML Projects\Deep Learning\Self Drive\IMG\center_2026_09_12_22_27_27_935.jpg,D:\ML Projects\Deep Learning\Self Drive\IMG\left_2026_09_12_22_27_27_935.jpg,D:\ML Projects\Deep Learning\Self Drive\IMG\right_2026_09_12_22_27_27_935.jpg,0,1,0,30.19033
D:\ML Projects\Deep Learning\Self Drive\IMG\center_2026_09_12_22_27_28_055.jpg,D:\ML Projects\Deep Learning\Self Drive\IMG\left_2026_09_12_22_27_28_055.jpg,D:\ML Projects\Deep Learning\Self Drive\IMG\right_2026_09_12_22_27_28_055.jpg,0,1,0,30.18995
D:\ML Projects\Deep Learning\Self Drive\IMG\center_2026_09_12_22_27_28_171.jpg,D:\ML Projects\Deep Learning\Self Drive\IMG\left_2026_09_12_22_27_28_171.jpg,D:\ML Projects\Deep Learning\Self Drive\IMG\right_2026_09_12_22_27_28_171.jpg,0,1,0,30.19029
D:\ML Projects\Deep Learning\Self Drive\IMG\center_2026_09_12_22_27_28_301.jpg,D:\ML Projects\Deep Learning\Self Drive\IMG\left_2026_09_12_22_27_28_301.jpg,D:\ML Projects\Deep Learning\Self Drive\IMG\right_2026_09_12_22_27_28_301.jpg,0,1,0,30.19032
D:\ML Projects\Deep Learning\Self Drive\IMG\center_2026_09_12_22_27_28_417.jpg,D:\ML Projects\Deep Learning\Self Drive\IMG\left_2026_09_12_22_27_28_417.jpg,D:\ML Projects\Deep Learning\Self Drive\IMG\right_2026_09_12_22_27_28_417.jpg,-0.15,1,0,30.18439
D:\ML Projects\Deep Learning\Self Drive\IMG\center_2026_09_12_22_27_28_533.jpg,D:\ML Projects\Deep Learning\Self Drive\IMG\left_2026_09_12_22_27_28_533.jpg,D:\ML Projects\Deep Learning\Self Drive\IMG\right_2026_09_12_22_27_28_533.jpg,0,1,0,30.18878
D:\ML Projects\Deep Learning\Self Drive\IMG\center_2026_09_12_22_27_28_644.jpg,D:\ML Projects\Deep Learning\Self Drive\IMG\left_2026_09_12_22_27_28_644.jpg,D:\ML Projects\Deep Learning\Self Drive\IMG\right_2026_09_12_22_27_28_644.jpg,0,1,0,30.19016
D:\ML Projects\Deep Learning\Self Drive\IMG\center_2026_09_12_22_27_28_764.jpg,D:\ML Projects\Deep Learning\Self Drive\IMG\left_2026_09_12_22_27_28_764.jpg,D:\ML Projects\Deep Learning\Self Drive\IMG\right_2026_09_12_22_27_28_764.jpg,0,1,0,30.19029
D:\ML Projects\Deep Learning\Self Drive\IMG\center_2026_09_12_22_27_28_887.jpg,D:\ML Projects\Deep Learning\Self Drive\IMG\left_2026_09_12_22_27_28_887.jpg,D:\ML Projects\Deep Learning\Self Drive\IMG\right_2026_09_12_22_27_28_887.jpg,-0.3,1,0,30.16992
D:\ML Projects\Deep Learning\Self Drive\IMG\center_2026_09_12_22_27_29_016.jpg,D:\ML Projects\Deep Learning\Self Drive\IMG\left_2026_09_12_22_27_29_016.jpg,D:\ML Projects\Deep Learning\Self Drive\IMG\right_2026_09_12_22_27_29_016.jpg,0,1,0,30.1901
D:\ML Projects\Deep Learning\Self Drive\IMG\center_2026_09_12_22_27_29_091.jpg,D:\ML Projects\Deep Learning\Self Drive\IMG\left_2026_09_12_22_27_29_091.jpg,D:\ML Projects\Deep Learning\Self Drive\IMG\right_2026_09_12_22_27_29_091.jpg,-0.15,1,0,30.18607
D:\ML Projects\Deep Learning\Self Drive\IMG\center_2026_09_12_22_27_29_160.jpg,D:\ML Projects\Deep Learning\Self Drive\IMG\left_2026_09_12_22_27_29_160.jpg,D:\ML Projects\Deep Learning\Self Drive\IMG\right_2026_09_12_22_27_29_160.jpg,0,1,0,30.19026
D:\ML Projects\Deep Learning\Self Drive\IMG\center_2026_09_12_22_27_29_228.jpg,D:\ML Projects\Deep Learning\Self Drive\IMG\left_2026_09_12_22_27_29_228.jpg,D:\ML Projects\Deep Learning\Self Drive\IMG\right_2026_09_12_22_27_29_228.jpg,0,1,0,30.19029
D:\ML Projects\Deep Learning\Self Drive\IMG\center_2026_09_12_22_27_29_307.jpg,D:\ML Projects\Deep Learning\Self Drive\IMG\left_2026_09_12_22_27_29_307.jpg,D:\ML Projects\Deep Learning\Self Drive\IMG\right_2026_09_12_22_27_29_307.jpg,0,1,0,30.19029
D:\ML Projects\Deep Learning\Self Drive\IMG\center_2026_09_12_22_27_29_434.jpg,D:\ML Projects\Deep Learning\Self Drive\IMG\left_2026_09_12_22_27_29_434.jpg,D:\ML Projects\Deep Learning\Self Drive\IMG\right_2026_09_12_22_27_29_434.jpg,-0.2,1,0,30.18072
D:\ML Projects\Deep Learning\Self Drive\IMG\center_2026_09_12_22_27_29_556.jpg,D:\ML Projects\Deep Learning\Self Drive\IMG\left_2026_09_12_22_27_29_556.jpg,D:\ML Projects\Deep Learning\Self Drive\IMG\right_2026_09_12_22_27_29_556.jpg,-0.5000001,1,0,30.14588
D:\ML Projects\Deep Learning\Self Drive\IMG\center_2026_09_12_22_27_29_674.jpg,D:\ML Projects\Deep Learning\Self Drive\IMG\left_2026_09_12_22_27_29_674.jpg,D:\ML Projects\Deep Learning\Self Drive\IMG\right_2026_09_12_22_27_29_674.jpg,0,1,0,30.18892
D:\ML Projects\Deep Learning\Self Drive\IMG\center_2026_09_12_22_27_29_792.jpg,D:\ML Projects\Deep Learning\Self Drive\IMG\left_2026_09_12_22_27_29_792.jpg,D:\ML Projects\Deep Learning\Self Drive\IMG\right_2026_09_12_22_27_29_792.jpg,-0.15,1,0,30.18731
D:\ML Projects\Deep Learning\Self Drive\IMG\center_2026_09_12_22_27_29_912.jpg,D:\ML Projects\Deep Learning\Self Drive\IMG\left_2026_09_12_22_27_29_912.jpg,D:\ML Projects\Deep Learning\Self Drive\IMG\right_2026_09_12_22_27_29_912.jpg,0,1,0,30.18857
D:\ML Projects\Deep Learning\Self Drive\IMG\center_2026_09_12_22_27_30_036.jpg,D:\ML Projects\Deep Learning\Self Drive\IMG\left_2026_09_12_22_27_30_036.jpg,D:\ML Projects\Deep Learning\Self Drive\IMG\right_2026_09_12_22_27_30_036.jpg,0,1,0,30.19017
D:\ML Projects\Deep Learning\Self Drive\IMG\center_2026_09_12_22_27_30_166.jpg,D:\ML Projects\Deep Learning\Self Drive\IMG\left_2026_09_12_22_27_30_166.jpg,D:\ML Projects\Deep Learning\Self Drive\IMG\right_2026_09_12_22_27_30_166.jpg,0,1,0,30.19002
D:\ML Projects\Deep Learning\Self Drive\IMG\center_2026_09_12_22_27_30_307.jpg,D:\ML Projects\Deep Learning\Self Drive\IMG\left_2026_09_12_22_27_30_307.jpg,D:\ML Projects\Deep Learning\Self Drive\IMG\right_2026_09_12_22_27_30_307.jpg,0,1,0,30.19027
D:\ML Projects\Deep Learning\Self Drive\IMG\center_2026_09_12_22_27_30_437.jpg,D:\ML Projects\Deep Learning\Self Drive\IMG\left_2026_09_12_22_27_30_437.jpg,D:\ML Projects\Deep Learning\Self Drive\IMG\right_2026_09_12_22_27_30_437.jpg,0,1,0,30.1903
D:\ML Projects\Deep Learning\Self Drive\IMG\center_2026_09_12_22_27_30_562.jpg,D:\ML Projects\Deep Learning\Self Drive\IMG\left_2026_09_12_22_27_30_562.jpg,D:\ML Projects\Deep Learning\Self Drive\IMG\right_2026_09_12_22_27_30_562.jpg,0,1,0,30.19029
D:\ML Projects\Deep Learning\Self Drive\IMG\center_2026_09_12_22_27_30_692.jpg,D:\ML Projects\Deep Learning\Self Drive\IMG\left_2026_09_12_22_27_30_692.jpg,D:\ML Projects\Deep Learning\Self Drive\IMG\right_2026_09_12_22_27_30_692.jpg,0,1,0,30.19027
D:\ML Projects\Deep Learning\Self Drive\IMG\center_2026_09_12_22_27_30_818.jpg,D:\ML Projects\Deep Learning\Self Drive\IMG\left_2026_09_12_22_27_30_818.jpg,D:\ML Projects\Deep Learning\Self Drive\IMG\right_2026_09_12_22_27_30_818.jpg,0,1,0,30.19028
D:\ML Projects\Deep Learning\Self Drive\IMG\center_2026_09_12_22_27_30_930.jpg,D:\ML Projects\Deep Learning\Self Drive\IMG\left_2026_09_12_22_27_30_930.jpg,D:\ML Projects\Deep Learning\Self Drive\IMG\right_2026_09_12_22_27_30_930.jpg,0,1,0,30.19031
D:\ML Projects\Deep Learning\Self Drive\IMG\center_2026_09_12_22_27_31_039.jpg,D:\ML Projects\Deep Learning\Self Drive\IMG\left_2026_09_12_22_27_31_039.jpg,D:\ML Projects\Deep Learning\Self Drive\IMG\right_2026_09_12_22_27_31_039.jpg,0,1,0,30.19032
D:\ML Projects\Deep Learning\Self Drive\IMG\center_2026_09_12_22_27_31_169.jpg,D:\ML Projects\Deep Learning\Self Drive\IMG\left_2026_09_12_22_27_31_169.jpg,D:\ML Projects\Deep Learning\Self Drive\IMG\right_2026_09_12_22_27_31_169.jpg,0,1,0,30.1903
D:\ML Projects\Deep Learning\Self Drive\IMG\center_2026_09_12_22_27_31_315.jpg,D:\ML Projects\Deep Learning\Self Drive\IMG\left_2026_09_12_22_27_31_315.jpg,D:\ML Projects\Deep Learning\Self Drive\IMG\right_2026_09_12_22_27_31_315.jpg,0,1,0,30.19029
D:\ML Projects\Deep Learning\Self Drive\IMG\center_2026_09_12_22_27_31_442.jpg,D:\ML Projects\Deep Learning\Self Drive\IMG\left_2026_09_12_22_27_31_442.jpg,D:\ML Projects\Deep Learning\Self Drive\IMG\right_2026_09_12_22_27_31_442.jpg,0,1,0,30.19028
D:\ML Projects\Deep Learning\Self Drive\IMG\center_2026_09_12_22_27_31_574.jpg,D:\ML Projects\Deep Learning\Self Drive\IMG\left_2026_09_12_22_27_31_574.jpg,D:\ML Projects\Deep Learning\Self Drive\IMG\right_2026_09_12_22_27_31_574.jpg,0,1,0,30.19034
D:\ML Projects\Deep Learning\Self Drive\IMG\center_2026_09_12_22_27_31_643.jpg,D:\ML Projects\Deep Learning\Self Drive\IMG\left_2026_09_12_22_27_31_643.jpg,D:\ML Projects\Deep Learning\Self Drive\IMG\right_2026_09_12_22_27_31_643.jpg,0,1,0,30.19024
D:\ML Projects\Deep Learning\Self Drive\IMG\center_2026_09_12_22_27_31_777.jpg,D:\ML Projects\Deep Learning\Self Drive\IMG\left_2026_09_12_22_27_31_777.jpg,D:\ML Projects\Deep Learning\Self Drive\IMG\right_2026_09_12_22_27_31_777.jpg,0,1,0,30.1903
D:\ML Projects\Deep Learning\Self Drive\IMG\center_2026_09_12_22_27_31_907.jpg,D:\ML Projects\Deep Learning\Self Drive\IMG\left_2026_09_12_22_27_31_907.jpg,D:\ML Projects\Deep Learning\Self Drive\IMG\right_2026_09_12_22_27_31_907.jpg,0,1,0,30.19031
D:\ML Projects\Deep Learning\Self Drive\IMG\center_2026_09_12_22_27_32_030.jpg,D:\ML Projects\Deep Learning\Self Drive\IMG\left_2026_09_12_22_27_32_030.jpg,D:\ML Projects\Deep Learning\Self Drive\IMG\right_2026_09_12_22_27_32_030.jpg,0,1,0,30.1903
D:\ML Projects\Deep Learning\Self Drive\IMG\center_2026_09_12_22_27_32_155.jpg,D:\ML Projects\Deep Learning\Self Drive\IMG\left_2026_09_12_22_27_32_155.jpg,D:\ML Projects\Deep Learning\Self Drive\IMG\right_2026_09_12_22_27_32_155.jpg,0,1,0,30.19029
D:\ML Projects\Deep Learning\Self Drive\IMG\center_2026_09_12_22_27_32_268.jpg,D:\ML Projects\Deep Learning\Self Drive\IMG\left_2026_09_12_22_27_32_268.jpg,D:\ML Projects\Deep Learning\Self Drive\IMG\right_2026_09_12_22_27_32_268.jpg,0,1,0,30.19029
D:\ML Projects\Deep Learning\Self Drive\IMG\center_2026_09_12_22_27_32_382.jpg,D:\ML Projects\Deep Learning\Self Drive\IMG\left_2026_09_12_22_27_32_382.jpg,D:\ML Projects\Deep Learning\Self Drive\IMG\right_2026_09_12_22_27_32_382.jpg,0,1,0,30.1903
D:\ML Projects\Deep Learning\Self Drive\IMG\center_2026_09_12_22_27_32_492.jpg,D:\ML Projects\Deep Learning\Self Drive\IMG\left_2026_09_12_22_27_32_492.jpg,D:\ML Projects\Deep Learning\Self Drive\IMG\right_2026_09_12_22_27_32_492.jpg,0,1,0,30.19025
D:\ML Projects\Deep Learning\Self Drive\IMG\center_2026_09_12_22_27_32_599.jpg,D:\ML Projects\Deep Learning\Self Drive\IMG\left_2026_09_12_22_27_32_599.jpg,D:\ML Projects\Deep Learning\Self Drive\IMG\right_2026_09_12_22_27_32_599.jpg,0,1,0,30.19029
D:\ML Projects\Deep Learning\Self Drive\IMG\center_2026_09_12_22_27_32_710.jpg,D:\ML Projects\Deep Learning\Self Drive\IMG\left_2026_09_12_22_27_32_710.jpg,D:\ML Projects\Deep Learning\Self Drive\IMG\right_2026_09_12_22_27_32_710.jpg,-0.1,1,0,30.1877
D:\ML Projects\Deep Learning\Self Drive\IMG\center_2026_09_12_22_27_32_824.jpg,D:\ML Projects\Deep Learning\Self Drive\IMG\left_2026_09_12_22_27_32_824.jpg,D:\ML Projects\Deep Learning\Self Drive\IMG\right_2026_09_12_22_27_32_824.jpg,0,1,0,30.1893
D:\ML Projects\Deep Learning\Self Drive\IMG\center_2026_09_12_22_27_32_929.jpg,D:\ML Projects\Deep Learning\Self Drive\IMG\left_2026_09_12_22_27_32_929.jpg,D:\ML Projects\Deep Learning\Self Drive\IMG\right_2026_09_12_22_27_32_929.jpg,0,1,0,30.1902
D:\ML Projects\Deep Learning\Self Drive\IMG\center_2026_09_12_22_27_33_036.jpg,D:\ML Projects\Deep Learning\Self Drive\IMG\left_2026_09_12_22_27_33_036.jpg,D:\ML Projects\Deep Learning\Self Drive\IMG\right_2026_09_12_22_27_33_036.jpg,0,1,0,30.19029
D:\ML Projects\Deep Learning\Self Drive\IMG\center_2026_09_12_22_27_33_151.jpg,D:\ML Projects\Deep Learning\Self Drive\IMG\left_2026_09_12_22_27_33_151.jpg,D:\ML Projects\Deep Learning\Self Drive\IMG\right_2026_09_12_22_27_33_151.jpg,0,1,0,30.19078
D:\ML Projects\Deep Learning\Self Drive\IMG\center_2026_09_12_22_27_33_276.jpg,D:\ML Projects\Deep Learning\Self Drive\IMG\left_2026_09_12_22_27_33_276.jpg,D:\ML Projects\Deep Learning\Self Drive\IMG\right_2026_09_12_22_27_33_276.jpg,-0.2,1,0,30.18089
D:\ML Projects\Deep Learning\Self Drive\IMG\center_2026_09_12_22_27_33_394.jpg,D:\ML Projects\Deep Learning\Self Drive\IMG\left_2026_09_12_22_27_33_394.jpg,D:\ML Projects\Deep Learning\Self Drive\IMG\right_2026_09_12_22_27_33_394.jpg,0,1,0,30.18818
D:\ML Projects\Deep Learning\Self Drive\IMG\center_2026_09_12_22_27_33_507.jpg,D:\ML Projects\Deep Learning\Self Drive\IMG\left_2026_09_12_22_27_33_507.jpg,D:\ML Projects\Deep Learning\Self Drive\IMG\right_2026_09_12_22_27_33_507.jpg,0,1,0,30.19007
D:\ML Projects\Deep Learning\Self Drive\IMG\center_2026_09_12_22_27_33_633.jpg,D:\ML Projects\Deep Learning\Self Drive\IMG\left_2026_09_12_22_27_33_633.jpg,D:\ML Projects\Deep Learning\Self Drive\IMG\right_2026_09_12_22_27_33_633.jpg,-0.2,1,0,30.18127
D:\ML Projects\Deep Learning\Self Drive\IMG\center_2026_09_12_22_27_33_754.jpg,D:\ML Projects\Deep Learning\Self Drive\IMG\left_2026_09_12_22_27_33_754.jpg,D:\ML Projects\Deep Learning\Self Drive\IMG\right_2026_09_12_22_27_33_754.jpg,0,1,0,30.19023
D:\ML Projects\Deep Learning\Self Drive\IMG\center_2026_09_12_22_27_33_899.jpg,D:\ML Projects\Deep Learning\Self Drive\IMG\left_2026_09_12_22_27_33_899.jpg,D:\ML Projects\Deep Learning\Self Drive\IMG\right_2026_09_12_22_27_33_899.jpg,0,1,0,30.19031
D:\ML Projects\Deep Learning\Self Drive\IMG\center_2026_09_12_22_27_34_019.jpg,D:\ML Projects\Deep Learning\Self Drive\IMG\left_2026_09_12_22_27_34_019.jpg,D:\ML Projects\Deep Learning\Self Drive\IMG\right_2026_09_12_22_27_34_019.jpg,0,1,0,30.19031
D:\ML Projects\Deep Learning\Self Drive\IMG\center_2026_09_12_22_27_34_129.jpg,D:\ML Projects\Deep Learning\Self Drive\IMG\left_2026_09_12_22_27_34_129.jpg,D:\ML Projects\Deep Learning\Self Drive\IMG\right_2026_09_12_22_27_34_129.jpg,0,1,0,30.41413
D:\ML Projects\Deep Learning\Self Drive\IMG\center_2026_09_12_22_27_34_239.jpg,D:\ML Projects\Deep Learning\Self Drive\IMG\left_2026_09_12_22_27_34_239.jpg,D:\ML Projects\Deep Learning\Self Drive\IMG\right_2026_09_12_22_27_34_239.jpg,0,1,0,30.21415
D:\ML Projects\Deep Learning\Self Drive\IMG\center_2026_09_12_22_27_34_306.jpg,D:\ML Projects\Deep Learning\Self Drive\IMG\left_2026_09_12_22_27_34_306.jpg,D:\ML Projects\Deep Learning\Self Drive\IMG\right_2026_09_12_22_27_34_306.jpg,0,1,0,30.08013
D:\ML Projects\Deep Learning\Self Drive\IMG\center_2026_09_12_22_27_34_420.jpg,D:\ML Projects\Deep Learning\Self Drive\IMG\left_2026_09_12_22_27_34_420.jpg,D:\ML Projects\Deep Learning\Self Drive\IMG\right_2026_09_12_22_27_34_420.jpg,0,1,0,30.18474
D:\ML Projects\Deep Learning\Self Drive\IMG\center_2026_09_12_22_27_34_528.jpg,D:\ML Projects\Deep Learning\Self Drive\IMG\left_2026_09_12_22_27_34_528.jpg,D:\ML Projects\Deep Learning\Self Drive\IMG\right_2026_09_12_22_27_34_528.jpg,0,1,0,30.18943
D:\ML Projects\Deep Learning\Self Drive\IMG\center_2026_09_12_22_27_34_636.jpg,D:\ML Projects\Deep Learning\Self Drive\IMG\left_2026_09_12_22_27_34_636.jpg,D:\ML Projects\Deep Learning\Self Drive\IMG\right_2026_09_12_22_27_34_636.jpg,0,1,0,30.18994
D:\ML Projects\Deep Learning\Self Drive\IMG\center_2026_09_12_22_27_34_751.jpg,D:\ML Projects\Deep Learning\Self Drive\IMG\left_2026_09_12_22_27_34_751.jpg,D:\ML Projects\Deep Learning\Self Drive\IMG\right_2026_09_12_22_27_34_751.jpg,0,1,0,30.18994
D:\ML Projects\Deep Learning\Self Drive\IMG\center_2026_09_12_22_27_34_885.jpg,D:\ML Projects\Deep Learning\Self Drive\IMG\left_2026_09_12_22_27_34_885.jpg,D:\ML Projects\Deep Learning\Self Drive\IMG\right_2026_09_12_22_27_34_885.jpg,0,1,0,30.18991
D:\ML Projects\Deep Learning\Self Drive\IMG\center_2026_09_12_22_27_35_006.jpg,D:\ML Projects\Deep Learning\Self Drive\IMG\left_2026_09_12_22_27_35_006.jpg,D:\ML Projects\Deep Learning\Self Drive\IMG\right_2026_09_12_22_27_35_006.jpg,0,1,0,30.18991
D:\ML Projects\Deep Learning\Self Drive\IMG\center_2026_09_12_22_27_35_075.jpg,D:\ML Projects\Deep Learning\Self Drive\IMG\left_2026_09_12_22_27_35_075.jpg,D:\ML Projects\Deep Learning\Self Drive\IMG\right_2026_09_12_22_27_35_075.jpg,0,1,0,30.18992
D:\ML Projects\Deep Learning\Self Drive\IMG\center_2026_09_12_22_27_35_201.jpg,D:\ML Projects\Deep Learning\Self Drive\IMG\left_2026_09_12_22_27_35_201.jpg,D:\ML Projects\Deep Learning\Self Drive\IMG\right_2026_09_12_22_27_35_201.jpg,0,1,0,30.1899
D:\ML Projects\Deep Learning\Self Drive\IMG\center_2026_09_12_22_27_35_333.jpg,D:\ML Projects\Deep Learning\Self Drive\IMG\left_2026_09_12_22_27_35_333.jpg,D:\ML Projects\Deep Learning\Self Drive\IMG\right_2026_09_12_22_27_35_333.jpg,0,1,0,30.18989
D:\ML Projects\Deep Learning\Self Drive\IMG\center_2026_09_12_22_27_35_456.jpg,D:\ML Projects\Deep Learning\Self Drive\IMG\left_2026_09_12_22_27_35_456.jpg,D:\ML Projects\Deep Learning\Self Drive\IMG\right_2026_09_12_22_27_35_456.jpg,0,1,0,30.1899
D:\ML Projects\Deep Learning\Self Drive\IMG\center_2026_09_12_22_27_35_565.jpg,D:\ML Projects\Deep Learning\Self Drive\IMG\left_2026_09_12_22_27_35_565.jpg,D:\ML Projects\Deep Learning\Self Drive\IMG\right_2026_09_12_22_27_35_565.jpg,0,1,0,30.18991
D:\ML Projects\Deep Learning\Self Drive\IMG\center_2026_09_12_22_27_35_680.jpg,D:\ML Projects\Deep Learning\Self Drive\IMG\left_2026_09_12_22_27_35_680.jpg,D:\ML Projects\Deep Learning\Self Drive\IMG\right_2026_09_12_22_27_35_680.jpg,0,1,0,30.18991
D:\ML Projects\Deep Learning\Self Drive\IMG\center_2026_09_12_22_27_35_793.jpg,D:\ML Projects\Deep Learning\Self Drive\IMG\left_2026_09_12_22_27_35_793.jpg,D:\ML Projects\Deep Learning\Self Drive\IMG\right_2026_09_12_22_27_35_793.jpg,0,1,0,30.18989
D:\ML Projects\Deep Learning\Self Drive\IMG\center_2026_09_12_22_27_35_909.jpg,D:\ML Projects\Deep Learning\Self Drive\IMG\left_2026_09_12_22_27_35_909.jpg,D:\ML Projects\Deep Learning\Self Drive\IMG\right_2026_09_12_22_27_35_909.jpg,0,1,0,30.1899
D:\ML Projects\Deep Learning\Self Drive\IMG\center_2026_09_12_22_27_36_033.jpg,D:\ML Projects\Deep Learning\Self Drive\IMG\left_2026_09_12_22_27_36_033.jpg,D:\ML Projects\Deep Learning\Self Drive\IMG\right_2026_09_12_22_27_36_033.jpg,0,1,0,30.18991
D:\ML Projects\Deep Learning\Self Drive\IMG\center_2026_09_12_22_27_36_118.jpg,D:\ML Projects\Deep Learning\Self Drive\IMG\left_2026_09_12_22_27_36_118.jpg,D:\ML Projects\Deep Learning\Self Drive\IMG\right_2026_09_12_22_27_36_118.jpg,0,1,0,30.18988
D:\ML Projects\Deep Learning\Self Drive\IMG\center_2026_09_12_22_27_36_188.jpg,D:\ML Projects\Deep Learning\Self Drive\IMG\left_2026_09_12_22_27_36_188.jpg,D:\ML Projects\Deep Learning\Self Drive\IMG\right_2026_09_12_22_27_36_188.jpg,0,1,0,30.18989
D:\ML Projects\Deep Learning\Self Drive\IMG\center_2026_09_12_22_27_36_305.jpg,D:\ML Projects\Deep Learning\Self Drive\IMG\left_2026_09_12_22_27_36_305.jpg,D:\ML Projects\Deep Learning\Self Drive\IMG\right_2026_09_12_22_27_36_305.jpg,0,1,0,30.1899
D:\ML Projects\Deep Learning\Self Drive\IMG\center_2026_09_12_22_27_36_415.jpg,D:\ML Projects\Deep Learning\Self Drive\IMG\left_2026_09_12_22_27_36_415.jpg,D:\ML Projects\Deep Learning\Self Drive\IMG\right_2026_09_12_22_27_36_415.jpg,0,1,0,30.18988
D:\ML Projects\Deep Learning\Self Drive\IMG\center_2026_09_12_22_27_36_529.jpg,D:\ML Projects\Deep Learning\Self Drive\IMG\left_2026_09_12_22_27_36_529.jpg,D:\ML Projects\Deep Learning\Self Drive\IMG\right_2026_09_12_22_27_36_529.jpg,0,1,0,30.18988
D:\ML Projects\Deep Learning\Self Drive\IMG\center_2026_09_12_22_27_36_641.jpg,D:\ML Projects\Deep Learning\Self Drive\IMG\left_2026_09_12_22_27_36_641.jpg,D:\ML Projects\Deep Learning\Self Drive\IMG\right_2026_09_12_22_27_36_641.jpg,0,1,0,30.18992
D:\ML Projects\Deep Learning\Self Drive\IMG\center_2026_09_12_22_27_36_753.jpg,D:\ML Projects\Deep Learning\Self Drive\IMG\left_2026_09_12_22_27_36_753.jpg,D:\ML Projects\Deep Learning\Self Drive\IMG\right_2026_09_12_22_27_36_753.jpg,0,1,0,30.1899
D:\ML Projects\Deep Learning\Self Drive\IMG\center_2026_09_12_22_27_36_826.jpg,D:\ML Projects\Deep Learning\Self Drive\IMG\left_2026_09_12_22_27_36_826.jpg,D:\ML Projects\Deep Learning\Self Drive\IMG\right_2026_09_12_22_27_36_826.jpg,0,1,0,30.1899
D:\ML Projects\Deep Learning\Self Drive\IMG\center_2026_09_12_22_27_36_902.jpg,D:\ML Projects\Deep Learning\Self Drive\IMG\left_2026_09_12_22_27_36_902.jpg,D:\ML Projects\Deep Learning\Self Drive\IMG\right_2026_09_12_22_27_36_902.jpg,0,1,0,30.18992
D:\ML Projects\Deep Learning\Self Drive\IMG\center_2026_09_12_22_27_37_022.jpg,D:\ML Projects\Deep Learning\Self Drive\IMG\left_2026_09_12_22_27_37_022.jpg,D:\ML Projects\Deep Learning\Self Drive\IMG\right_2026_09_12_22_27_37_022.jpg,0,1,0,30.18991
D:\ML Projects\Deep Learning\Self Drive\IMG\center_2026_09_12_22_27_37_148.jpg,D:\ML Projects\Deep Learning\Self Drive\IMG\left_2026_09_12_22_27_37_148.jpg,D:\ML Projects\Deep Learning\Self Drive\IMG\right_2026_09_12_22_27_37_148.jpg,0,1,0,30.18988
D:\ML Projects\Deep Learning\Self Drive\IMG\center_2026_09_12_22_27_37_280.jpg,D:\ML Projects\Deep Learning\Self Drive\IMG\left_2026_09_12_22_27_37_280.jpg,D:\ML Projects\Deep Learning\Self Drive\IMG\right_2026_09_12_22_27_37_280.jpg,0,1,0,30.1899
D:\ML Projects\Deep Learning\Self Drive\IMG\center_2026_09_12_22_27_37_404.jpg,D:\ML Projects\Deep Learning\Self Drive\IMG\left_2026_09_12_22_27_37_404.jpg,D:\ML Projects\Deep Learning\Self Drive\IMG\right_2026_09_12_22_27_37_404.jpg,0,1,0,30.18991
D:\ML Projects\Deep Learning\Self Drive\IMG\center_2026_09_12_22_27_37_515.jpg,D:\ML Projects\Deep Learning\Self Drive\IMG\left_2026_09_12_22_27_37_515.jpg,D:\ML Projects\Deep Learning\Self Drive\IMG\right_2026_09_12_22_27_37_515.jpg,0,1,0,30.18992
D:\ML Projects\Deep Learning\Self Drive\IMG\center_2026_09_12_22_27_37_621.jpg,D:\ML Projects\Deep Learning\Self Drive\IMG\left_2026_09_12_22_27_37_621.jpg,D:\ML Projects\Deep Learning\Self Drive\IMG\right_2026_09_12_22_27_37_621.jpg,0,1,0,30.18987
D:\ML Projects\Deep Learning\Self Drive\IMG\center_2026_09_12_22_27_37_729.jpg,D:\ML Projects\Deep Learning\Self Drive\IMG\left_2026_09_12_22_27_37_729.jpg,D:\ML Projects\Deep Learning\Self Drive\IMG\right_2026_09_12_22_27_37_729.jpg,-0.25,1,0,30.17455
D:\ML Projects\Deep Learning\Self Drive\IMG\center_2026_09_12_22_27_37_843.jpg,D:\ML Projects\Deep Learning\Self Drive\IMG\left_2026_09_12_22_27_37_843.jpg,D:\ML Projects\Deep Learning\Self Drive\IMG\right_2026_09_12_22_27_37_843.jpg,0,1,0,30.18977
D:\ML Projects\Deep Learning\Self Drive\IMG\center_2026_09_12_22_27_37_948.jpg,D:\ML Projects\Deep Learning\Self Drive\IMG\left_2026_09_12_22_27_37_948.jpg,D:\ML Projects\Deep Learning\Self Drive\IMG\right_2026_09_12_22_27_37_948.jpg,0,1,0,30.1899
D:\ML Projects\Deep Learning\Self Drive\IMG\center_2026_09_12_22_27_38_053.jpg,D:\ML Projects\Deep Learning\Self Drive\IMG\left_2026_09_12_22_27_38_053.jpg,D:\ML Projects\Deep Learning\Self Drive\IMG\right_2026_09_12_22_27_38_053.jpg,0,1,0,30.18996
D:\ML Projects\Deep Learning\Self Drive\IMG\center_2026_09_12_22_27_38_176.jpg,D:\ML Projects\Deep Learning\Self Drive\IMG\left_2026_09_12_22_27_38_176.jpg,D:\ML Projects\Deep Learning\Self Drive\IMG\right_2026_09_12_22_27_38_176.jpg,0,1,0,30.18995
D:\ML Projects\Deep Learning\Self Drive\IMG\center_2026_09_12_22_27_38_294.jpg,D:\ML Projects\Deep Learning\Self Drive\IMG\left_2026_09_12_22_27_38_294.jpg,D:\ML Projects\Deep Learning\Self Drive\IMG\right_2026_09_12_22_27_38_294.jpg,0,1,0,30.18993
D:\ML Projects\Deep Learning\Self Drive\IMG\center_2026_09_12_22_27_38_360.jpg,D:\ML Projects\Deep Learning\Self Drive\IMG\left_2026_09_12_22_27_38_360.jpg,D:\ML Projects\Deep Learning\Self Drive\IMG\right_2026_09_12_22_27_38_360.jpg,0,1,0,30.18997
D:\ML Projects\Deep Learning\Self Drive\IMG\center_2026_09_12_22_27_38_484.jpg,D:\ML Projects\Deep Learning\Self Drive\IMG\left_2026_09_12_22_27_38_484.jpg,D:\ML Projects\Deep Learning\Self Drive\IMG\right_2026_09_12_22_27_38_484.jpg,0,1,0,30.18993
D:\ML Projects\Deep Learning\Self Drive\IMG\center_2026_09_12_22_27_38_607.jpg,D:\ML Projects\Deep Learning\Self Drive\IMG\left_2026_09_12_22_27_38_607.jpg,D:\ML Projects\Deep Learning\Self Drive\IMG\right_2026_09_12_22_27_38_607.jpg,0,1,0,30.18997
D:\ML Projects\Deep Learning\Self Drive\IMG\center_2026_09_12_22_27_38_729.jpg,D:\ML Projects\Deep Learning\Self Drive\IMG\left_2026_09_12_22_27_38_729.jpg,D:\ML Projects\Deep Learning\Self Drive\IMG\right_2026_09_12_22_27_38_729.jpg,0,1,0,30.18995
D:\ML Projects\Deep Learning\Self Drive\IMG\center_2026_09_12_22_27_38_866.jpg,D:\ML Projects\Deep Learning\Self Drive\IMG\left_2026_09_12_22_27_38_866.jpg,D:\ML Projects\Deep Learning\Self Drive\IMG\right_2026_09_12_22_27_38_866.jpg,0,1,0,30.18992
D:\ML Projects\Deep Learning\Self Drive\IMG\center_2026_09_12_22_27_38_943.jpg,D:\ML Projects\Deep Learning\Self Drive\IMG\left_2026_09_12_22_27_38_943.jpg,D:\ML Projects\Deep Learning\Self Drive\IMG\right_2026_09_12_22_27_38_943.jpg,0,1,0,30.18993
D:\ML Projects\Deep Learning\Self Drive\IMG\center_2026_09_12_22_27_39_009.jpg,D:\ML Projects\Deep Learning\Self Drive\IMG\left_2026_09_12_22_27_39_009.jpg,D:\ML Projects\Deep Learning\Self Drive\IMG\right_2026_09_12_22_27_39_009.jpg,0,1,0,30.18996
D:\ML Projects\Deep Learning\Self Drive\IMG\center_2026_09_12_22_27_39_146.jpg,D:\ML Projects\Deep Learning\Self Drive\IMG\left_2026_09_12_22_27_39_146.jpg,D:\ML Projects\Deep Learning\Self Drive\IMG\right_2026_09_12_22_27_39_146.jpg,0,1,0,30.18996
D:\ML Projects\Deep Learning\Self Drive\IMG\center_2026_09_12_22_27_39_216.jpg,D:\ML Projects\Deep Learning\Self Drive\IMG\left_2026_09_12_22_27_39_216.jpg,D:\ML Projects\Deep Learning\Self Drive\IMG\right_2026_09_12_22_27_39_216.jpg,0,1,0,30.18996
D:\ML Projects\Deep Learning\Self Drive\IMG\center_2026_09_12_22_27_39_295.jpg,D:\ML Projects\Deep Learning\Self Drive\IMG\left_2026_09_12_22_27_39_295.jpg,D:\ML Projects\Deep Learning\Self Drive\IMG\right_2026_09_12_22_27_39_295.jpg,0,1,0,30.18998
D:\ML Projects\Deep Learning\Self Drive\IMG\center_2026_09_12_22_27_39_372.jpg,D:\ML Projects\Deep Learning\Self Drive\IMG\left_2026_09_12_22_27_39_372.jpg,D:\ML Projects\Deep Learning\Self Drive\IMG\right_2026_09_12_22_27_39_372.jpg,0,1,0,30.18996
D:\ML Projects\Deep Learning\Self Drive\IMG\center_2026_09_12_22_27_39_443.jpg,D:\ML Projects\Deep Learning\Self Drive\IMG\left_2026_09_12_22_27_39_443.jpg,D:\ML Projects\Deep Learning\Self Drive\IMG\right_2026_09_12_22_27_39_443.jpg,0,1,0,30.18995
D:\ML Projects\Deep Learning\Self Drive\IMG\center_2026_09_12_22_27_39_514.jpg,D:\ML Projects\Deep Learning\Self Drive\IMG\left_2026_09_12_22_27_39_514.jpg,D:\ML Projects\Deep Learning\Self Drive\IMG\right_2026_09_12_22_27_39_514.jpg,0,1,0,30.18996
D:\ML Projects\Deep Learning\Self Drive\IMG\center_2026_09_12_22_27_39_587.jpg,D:\ML Projects\Deep Learning\Self Drive\IMG\left_2026_09_12_22_27_39_587.jpg,D:\ML Projects\Deep Learning\Self Drive\IMG\right_2026_09_12_22_27_39_587.jpg,0,1,0,30.18995
D:\ML Projects\Deep Learning\Self Drive\IMG\center_2026_09_12_22_27_39_723.jpg,D:\ML Projects\Deep Learning\Self Drive\IMG\left_2026_09_12_22_27_39_723.jpg,D:\ML Projects\Deep Learning\Self Drive\IMG\right_2026_09_12_22_27_39_723.jpg,0,1,0,30.18997
D:\ML Projects\Deep Learning\Self Drive\IMG\center_2026_09_12_22_27_39_804.jpg,D:\ML Projects\Deep Learning\Self Drive\IMG\left_2026_09_12_22_27_39_804.jpg,D:\ML Projects\Deep Learning\Self Drive\IMG\right_2026_09_12_22_27_39_804.jpg,0,1,0,30.18998
D:\ML Projects\Deep Learning\Self Drive\IMG\center_2026_09_12_22_27_39_881.jpg,D:\ML Projects\Deep Learning\Self Drive\IMG\left_2026_09_12_22_27_39_881.jpg,D:\ML Projects\Deep Learning\Self Drive\IMG\right_2026_09_12_22_27_39_881.jpg,0,1,0,30.18996
D:\ML Projects\Deep Learning\Self Drive\IMG\center_2026_09_12_22_27_39_958.jpg,D:\ML Projects\Deep Learning\Self Drive\IMG\left_2026_09_12_22_27_39_958.jpg,D:\ML Projects\Deep Learning\Self Drive\IMG\right_2026_09_12_22_27_39_958.jpg,0,1,0,30.18997
D:\ML Projects\Deep Learning\Self Drive\IMG\center_2026_09_12_22_27_40_038.jpg,D:\ML Projects\Deep Learning\Self Drive\IMG\left_2026_09_12_22_27_40_038.jpg,D:\ML Projects\Deep Learning\Self Drive\IMG\right_2026_09_12_22_27_40_038.jpg,0,1,0,30.18994
D:\ML Projects\Deep Learning\Self Drive\IMG\center_2026_09_12_22_27_40_118.jpg,D:\ML Projects\Deep Learning\Self Drive\IMG\left_2026_09_12_22_27_40_118.jpg,D:\ML Projects\Deep Learning\Self Drive\IMG\right_2026_09_12_22_27_40_118.jpg,0,1,0,30.18995
D:\ML Projects\Deep Learning\Self Drive\IMG\center_2026_09_12_22_27_40_199.jpg,D:\ML Projects\Deep Learning\Self Drive\IMG\left_2026_09_12_22_27_40_199.jpg,D:\ML Projects\Deep Learning\Self Drive\IMG\right_2026_09_12_22_27_40_199.jpg,0,1,0,30.18997
D:\ML Projects\Deep Learning\Self Drive\IMG\center_2026_09_12_22_27_40_279.jpg,D:\ML Projects\Deep Learning\Self Drive\IMG\left_2026_09_12_22_27_40_279.jpg,D:\ML Projects\Deep Learning\Self Drive\IMG\right_2026_09_12_22_27_40_279.jpg,0,1,0,30.18993
D:\ML Projects\Deep Learning\Self Drive\IMG\center_2026_09_12_22_27_40_362.jpg,D:\ML Projects\Deep Learning\Self Drive\IMG\left_2026_09_12_22_27_40_362.jpg,D:\ML Projects\Deep Learning\Self Drive\IMG\right_2026_09_12_22_27_40_362.jpg,-0.2,1,0,30.17966
D:\ML Projects\Deep Learning\Self Drive\IMG\center_2026_09_12_22_27_40_438.jpg,D:\ML Projects\Deep Learning\Self Drive\IMG\left_2026_09_12_22_27_40_438.jpg,D:\ML Projects\Deep Learning\Self Drive\IMG\right_2026_09_12_22_27_40_438.jpg,-0.4,1,0,30.15746
D:\ML Projects\Deep Learning\Self Drive\IMG\center_2026_09_12_22_27_40_508.jpg,D:\ML Projects\Deep Learning\Self Drive\IMG\left_2026_09_12_22_27_40_508.jpg,D:\ML Projects\Deep Learning\Self Drive\IMG\right_2026_09_12_22_27_40_508.jpg,0,1,0,30.18707
D:\ML Projects\Deep Learning\Self Drive\IMG\center_2026_09_12_22_27_40_576.jpg,D:\ML Projects\Deep Learning\Self Drive\IMG\left_2026_09_12_22_27_40_576.jpg,D:\ML Projects\Deep Learning\Self Drive\IMG\right_2026_09_12_22_27_40_576.jpg,0,1,0,30.18954
D:\ML Projects\Deep Learning\Self Drive\IMG\center_2026_09_12_22_27_40_644.jpg,D:\ML Projects\Deep Learning\Self Drive\IMG\left_2026_09_12_22_27_40_644.jpg,D:\ML Projects\Deep Learning\Self Drive\IMG\right_2026_09_12_22_27_40_644.jpg,0,1,0,30.18989
D:\ML Projects\Deep Learning\Self Drive\IMG\center_2026_09_12_22_27_40_713.jpg,D:\ML Projects\Deep Learning\Self Drive\IMG\left_2026_09_12_22_27_40_713.jpg,D:\ML Projects\Deep Learning\Self Drive\IMG\right_2026_09_12_22_27_40_713.jpg,0,1,0,30.19005
D:\ML Projects\Deep Learning\Self Drive\IMG\center_2026_09_12_22_27_40_784.jpg,D:\ML Projects\Deep Learning\Self Drive\IMG\left_2026_09_12_22_27_40_784.jpg,D:\ML Projects\Deep Learning\Self Drive\IMG\right_2026_09_12_22_27_40_784.jpg,0,1,0,30.19007
D:\ML Projects\Deep Learning\Self Drive\IMG\center_2026_09_12_22_27_40_857.jpg,D:\ML Projects\Deep Learning\Self Drive\IMG\left_2026_09_12_22_27_40_857.jpg,D:\ML Projects\Deep Learning\Self Drive\IMG\right_2026_09_12_22_27_40_857.jpg,0,1,0,30.19007
D:\ML Projects\Deep Learning\Self Drive\IMG\center_2026_09_12_22_27_40_930.jpg,D:\ML Projects\Deep Learning\Self Drive\IMG\left_2026_09_12_22_27_40_930.jpg,D:\ML Projects\Deep Learning\Self Drive\IMG\right_2026_09_12_22_27_40_930.jpg,0,1,0,30.19006
D:\ML Projects\Deep Learning\Self Drive\IMG\center_2026_09_12_22_27_41_009.jpg,D:\ML Projects\Deep Learning\Self Drive\IMG\left_2026_09_12_22_27_41_009.jpg,D:\ML Projects\Deep Learning\Self Drive\IMG\right_2026_09_12_22_27_41_009.jpg,0,1,0,30.19008
D:\ML Projects\Deep Learning\Self Drive\IMG\center_2026_09_12_22_27_41_083.jpg,D:\ML Projects\Deep Learning\Self Drive\IMG\left_2026_09_12_22_27_41_083.jpg,D:\ML Projects\Deep Learning\Self Drive\IMG\right_2026_09_12_22_27_41_083.jpg,0,1,0,30.19007
D:\ML Projects\Deep Learning\Self Drive\IMG\center_2026_09_12_22_27_41_166.jpg,D:\ML Projects\Deep Learning\Self Drive\IMG\left_2026_09_12_22_27_41_166.jpg,D:\ML Projects\Deep Learning\Self Drive\IMG\right_2026_09_12_22_27_41_166.jpg,0,1,0,30.19009
D:\ML Projects\Deep Learning\Self Drive\IMG\center_2026_09_12_22_27_41_242.jpg,D:\ML Projects\Deep Learning\Self Drive\IMG\left_2026_09_12_22_27_41_242.jpg,D:\ML Projects\Deep Learning\Self Drive\IMG\right_2026_09_12_22_27_41_242.jpg,0,1,0,30.19007
D:\ML Projects\Deep Learning\Self Drive\IMG\center_2026_09_12_22_27_41_332.jpg,D:\ML Projects\Deep Learning\Self Drive\IMG\left_2026_09_12_22_27_41_332.jpg,D:\ML Projects\Deep Learning\Self Drive\IMG\right_2026_09_12_22_27_41_332.jpg,0,1,0,30.19012
D:\ML Projects\Deep Learning\Self Drive\IMG\center_2026_09_12_22_27_41_408.jpg,D:\ML Projects\Deep Learning\Self Drive\IMG\left_2026_09_12_22_27_41_408.jpg,D:\ML Projects\Deep Learning\Self Drive\IMG\right_2026_09_12_22_27_41_408.jpg,0,1,0,30.1901
D:\ML Projects\Deep Learning\Self Drive\IMG\center_2026_09_12_22_27_41_486.jpg,D:\ML Projects\Deep Learning\Self Drive\IMG\left_2026_09_12_22_27_41_486.jpg,D:\ML Projects\Deep Learning\Self Drive\IMG\right_2026_09_12_22_27_41_486.jpg,0,1,0,30.19008
D:\ML Projects\Deep Learning\Self Drive\IMG\center_2026_09_12_22_27_41_562.jpg,D:\ML Projects\Deep Learning\Self Drive\IMG\left_2026_09_12_22_27_41_562.jpg,D:\ML Projects\Deep Learning\Self Drive\IMG\right_2026_09_12_22_27_41_562.jpg,0,1,0,30.19006
D:\ML Projects\Deep Learning\Self Drive\IMG\center_2026_09_12_22_27_41_635.jpg,D:\ML Projects\Deep Learning\Self Drive\IMG\left_2026_09_12_22_27_41_635.jpg,D:\ML Projects\Deep Learning\Self Drive\IMG\right_2026_09_12_22_27_41_635.jpg,0,1,0,30.19008
D:\ML Projects\Deep Learning\Self Drive\IMG\center_2026_09_12_22_27_41_713.jpg,D:\ML Projects\Deep Learning\Self Drive\IMG\left_2026_09_12_22_27_41_713.jpg,D:\ML Projects\Deep Learning\Self Drive\IMG\right_2026_09_12_22_27_41_713.jpg,0,1,0,30.19008
D:\ML Projects\Deep Learning\Self Drive\IMG\center_2026_09_12_22_27_41_790.jpg,D:\ML Projects\Deep Learning\Self Drive\IMG\left_2026_09_12_22_27_41_790.jpg,D:\ML Projects\Deep Learning\Self Drive\IMG\right_2026_09_12_22_27_41_790.jpg,0.15,1,0,30.18391
D:\ML Projects\Deep Learning\Self Drive\IMG\center_2026_09_12_22_27_41_869.jpg,D:\ML Projects\Deep Learning\Self Drive\IMG\left_2026_09_12_22_27_41_869.jpg,D:\ML Projects\Deep Learning\Self Drive\IMG\right_2026_09_12_22_27_41_869.jpg,0,1,0,30.19013
D:\ML Projects\Deep Learning\Self Drive\IMG\center_2026_09_12_22_27_41_943.jpg,D:\ML Projects\Deep Learning\Self Drive\IMG\left_2026_09_12_22_27_41_943.jpg,D:\ML Projects\Deep Learning\Self Drive\IMG\right_2026_09_12_22_27_41_943.jpg,0,1,0,30.19005
D:\ML Projects\Deep Learning\Self Drive\IMG\center_2026_09_12_22_27_42_018.jpg,D:\ML Projects\Deep Learning\Self Drive\IMG\left_2026_09_12_22_27_42_018.jpg,D:\ML Projects\Deep Learning\Self Drive\IMG\right_2026_09_12_22_27_42_018.jpg,0,1,0,30.19007
D:\ML Projects\Deep Learning\Self Drive\IMG\center_2026_09_12_22_27_42_100.jpg,D:\ML Projects\Deep Learning\Self Drive\IMG\left_2026_09_12_22_27_42_100.jpg,D:\ML Projects\Deep Learning\Self Drive\IMG\right_2026_09_12_22_27_42_100.jpg,0,1,0,30.19008
D:\ML Projects\Deep Learning\Self Drive\IMG\center_2026_09_12_22_27_42_180.jpg,D:\ML Projects\Deep Learning\Self Drive\IMG\left_2026_09_12_22_27_42_180.jpg,D:\ML Projects\Deep Learning\Self Drive\IMG\right_2026_09_12_22_27_42_180.jpg,0,1,0,30.06317
D:\ML Projects\Deep Learning\Self Drive\IMG\center_2026_09_12_22_27_42_261.jpg,D:\ML Projects\Deep Learning\Self Drive\IMG\left_2026_09_12_22_27_42_261.jpg,D:\ML Projects\Deep Learning\Self Drive\IMG\right_2026_09_12_22_27_42_261.jpg,0,1,0,30.19767
D:\ML Projects\Deep Learning\Self Drive\IMG\center_2026_09_12_22_27_42_352.jpg,D:\ML Projects\Deep Learning\Self Drive\IMG\left_2026_09_12_22_27_42_352.jpg,D:\ML Projects\Deep Learning\Self Drive\IMG\right_2026_09_12_22_27_42_352.jpg,0,1,0,30.17657
D:\ML Projects\Deep Learning\Self Drive\IMG\center_2026_09_12_22_27_42_437.jpg,D:\ML Projects\Deep Learning\Self Drive\IMG\left_2026_09_12_22_27_42_437.jpg,D:\ML Projects\Deep Learning\Self Drive\IMG\right_2026_09_12_22_27_42_437.jpg,0,1,0,30.38804
D:\ML Projects\Deep Learning\Self Drive\IMG\center_2026_09_12_22_27_42_557.jpg,D:\ML Projects\Deep Learning\Self Drive\IMG\left_2026_09_12_22_27_42_557.jpg,D:\ML Projects\Deep Learning\Self Drive\IMG\right_2026_09_12_22_27_42_557.jpg,0,1,0,30.10372
D:\ML Projects\Deep Learning\Self Drive\IMG\center_2026_09_12_22_27_42_599.jpg,D:\ML Projects\Deep Learning\Self Drive\IMG\left_2026_09_12_22_27_42_599.jpg,D:\ML Projects\Deep Learning\Self Drive\IMG\right_2026_09_12_22_27_42_599.jpg,0,1,0,30.18746
D:\ML Projects\Deep Learning\Self Drive\IMG\center_2026_09_12_22_27_42_679.jpg,D:\ML Projects\Deep Learning\Self Drive\IMG\left_2026_09_12_22_27_42_679.jpg,D:\ML Projects\Deep Learning\Self Drive\IMG\right_2026_09_12_22_27_42_679.jpg,0,1,0,30.19031
D:\ML Projects\Deep Learning\Self Drive\IMG\center_2026_09_12_22_27_42_757.jpg,D:\ML Projects\Deep Learning\Self Drive\IMG\left_2026_09_12_22_27_42_757.jpg,D:\ML Projects\Deep Learning\Self Drive\IMG\right_2026_09_12_22_27_42_757.jpg,0,1,0,30.19064
D:\ML Projects\Deep Learning\Self Drive\IMG\center_2026_09_12_22_27_42_839.jpg,D:\ML Projects\Deep Learning\Self Drive\IMG\left_2026_09_12_22_27_42_839.jpg,D:\ML Projects\Deep Learning\Self Drive\IMG\right_2026_09_12_22_27_42_839.jpg,0,1,0,30.19049
D:\ML Projects\Deep Learning\Self Drive\IMG\center_2026_09_12_22_27_42_918.jpg,D:\ML Projects\Deep Learning\Self Drive\IMG\left_2026_09_12_22_27_42_918.jpg,D:\ML Projects\Deep Learning\Self Drive\IMG\right_2026_09_12_22_27_42_918.jpg,0,1,0,30.19038
D:\ML Projects\Deep Learning\Self Drive\IMG\center_2026_09_12_22_27_42_998.jpg,D:\ML Projects\Deep Learning\Self Drive\IMG\left_2026_09_12_22_27_42_998.jpg,D:\ML Projects\Deep Learning\Self Drive\IMG\right_2026_09_12_22_27_42_998.jpg,0,1,0,30.19036
D:\ML Projects\Deep Learning\Self Drive\IMG\center_2026_09_12_22_27_43_084.jpg,D:\ML Projects\Deep Learning\Self Drive\IMG\left_2026_09_12_22_27_43_084.jpg,D:\ML Projects\Deep Learning\Self Drive\IMG\right_2026_09_12_22_27_43_084.jpg,-0.2,1,0,30.17984
D:\ML Projects\Deep Learning\Self Drive\IMG\center_2026_09_12_22_27_43_159.jpg,D:\ML Projects\Deep Learning\Self Drive\IMG\left_2026_09_12_22_27_43_159.jpg,D:\ML Projects\Deep Learning\Self Drive\IMG\right_2026_09_12_22_27_43_159.jpg,0,1,0,30.19027
D:\ML Projects\Deep Learning\Self Drive\IMG\center_2026_09_12_22_27_43_241.jpg,D:\ML Projects\Deep Learning\Self Drive\IMG\left_2026_09_12_22_27_43_241.jpg,D:\ML Projects\Deep Learning\Self Drive\IMG\right_2026_09_12_22_27_43_241.jpg,0,1,0,30.19026
D:\ML Projects\Deep Learning\Self Drive\IMG\center_2026_09_12_22_27_43_336.jpg,D:\ML Projects\Deep Learning\Self Drive\IMG\left_2026_09_12_22_27_43_336.jpg,D:\ML Projects\Deep Learning\Self Drive\IMG\right_2026_09_12_22_27_43_336.jpg,0,1,0,30.1903
D:\ML Projects\Deep Learning\Self Drive\IMG\center_2026_09_12_22_27_43_424.jpg,D:\ML Projects\Deep Learning\Self Drive\IMG\left_2026_09_12_22_27_43_424.jpg,D:\ML Projects\Deep Learning\Self Drive\IMG\right_2026_09_12_22_27_43_424.jpg,0,1,0,30.19025
D:\ML Projects\Deep Learning\Self Drive\IMG\center_2026_09_12_22_27_43_510.jpg,D:\ML Projects\Deep Learning\Self Drive\IMG\left_2026_09_12_22_27_43_510.jpg,D:\ML Projects\Deep Learning\Self Drive\IMG\right_2026_09_12_22_27_43_510.jpg,-0.2,1,0,30.18008
D:\ML Projects\Deep Learning\Self Drive\IMG\center_2026_09_12_22_27_43_599.jpg,D:\ML Projects\Deep Learning\Self Drive\IMG\left_2026_09_12_22_27_43_599.jpg,D:\ML Projects\Deep Learning\Self Drive\IMG\right_2026_09_12_22_27_43_599.jpg,-0.45,1,0,30.15168
D:\ML Projects\Deep Learning\Self Drive\IMG\center_2026_09_12_22_27_43_681.jpg,D:\ML Projects\Deep Learning\Self Drive\IMG\left_2026_09_12_22_27_43_681.jpg,D:\ML Projects\Deep Learning\Self Drive\IMG\right_2026_09_12_22_27_43_681.jpg,0,1,0,30.18831
D:\ML Projects\Deep Learning\Self Drive\IMG\center_2026_09_12_22_27_43_764.jpg,D:\ML Projects\Deep Learning\Self Drive\IMG\left_2026_09_12_22_27_43_764.jpg,D:\ML Projects\Deep Learning\Self Drive\IMG\right_2026_09_12_22_27_43_764.jpg,0,1,0,30.18985
D:\ML Projects\Deep Learning\Self Drive\IMG\center_2026_09_12_22_27_43_840.jpg,D:\ML Projects\Deep Learning\Self Drive\IMG\left_2026_09_12_22_27_43_840.jpg,D:\ML Projects\Deep Learning\Self Drive\IMG\right_2026_09_12_22_27_43_840.jpg,0,1,0,30.19021
D:\ML Projects\Deep Learning\Self Drive\IMG\center_2026_09_12_22_27_43_924.jpg,D:\ML Projects\Deep Learning\Self Drive\IMG\left_2026_09_12_22_27_43_924.jpg,D:\ML Projects\Deep Learning\Self Drive\IMG\right_2026_09_12_22_27_43_924.jpg,-0.2,1,0,30.18152
D:\ML Projects\Deep Learning\Self Drive\IMG\center_2026_09_12_22_27_44_014.jpg,D:\ML Projects\Deep Learning\Self Drive\IMG\left_2026_09_12_22_27_44_014.jpg,D:\ML Projects\Deep Learning\Self Drive\IMG\right_2026_09_12_22_27_44_014.jpg,0,1,0,30.19099
D:\ML Projects\Deep Learning\Self Drive\IMG\center_2026_09_12_22_27_44_102.jpg,D:\ML Projects\Deep Learning\Self Drive\IMG\left_2026_09_12_22_27_44_102.jpg,D:\ML Projects\Deep Learning\Self Drive\IMG\right_2026_09_12_22_27_44_102.jpg,0,1,0,30.19018
D:\ML Projects\Deep Learning\Self Drive\IMG\center_2026_09_12_22_27_44_188.jpg,D:\ML Projects\Deep Learning\Self Drive\IMG\left_2026_09_12_22_27_44_188.jpg,D:\ML Projects\Deep Learning\Self Drive\IMG\right_2026_09_12_22_27_44_188.jpg,0,1,0,30.19015
D:\ML Projects\Deep Learning\Self Drive\IMG\center_2026_09_12_22_27_44_264.jpg,D:\ML Projects\Deep Learning\Self Drive\IMG\left_2026_09_12_22_27_44_264.jpg,D:\ML Projects\Deep Learning\Self Drive\IMG\right_2026_09_12_22_27_44_264.jpg,0,1,0,30.18933
D:\ML Projects\Deep Learning\Self Drive\IMG\center_2026_09_12_22_27_44_350.jpg,D:\ML Projects\Deep Learning\Self Drive\IMG\left_2026_09_12_22_27_44_350.jpg,D:\ML Projects\Deep Learning\Self Drive\IMG\right_2026_09_12_22_27_44_350.jpg,0,1,0,30.19004
D:\ML Projects\Deep Learning\Self Drive\IMG\center_2026_09_12_22_27_44_427.jpg,D:\ML Projects\Deep Learning\Self Drive\IMG\left_2026_09_12_22_27_44_427.jpg,D:\ML Projects\Deep Learning\Self Drive\IMG\right_2026_09_12_22_27_44_427.jpg,0,1,0,30.19008
D:\ML Projects\Deep Learning\Self Drive\IMG\center_2026_09_12_22_27_44_499.jpg,D:\ML Projects\Deep Learning\Self Drive\IMG\left_2026_09_12_22_27_44_499.jpg,D:\ML Projects\Deep Learning\Self Drive\IMG\right_2026_09_12_22_27_44_499.jpg,0,1,0,30.19011
D:\ML Projects\Deep Learning\Self Drive\IMG\center_2026_09_12_22_27_44_575.jpg,D:\ML Projects\Deep Learning\Self Drive\IMG\left_2026_09_12_22_27_44_575.jpg,D:\ML Projects\Deep Learning\Self Drive\IMG\right_2026_09_12_22_27_44_575.jpg,0,1,0,30.19011
D:\ML Projects\Deep Learning\Self Drive\IMG\center_2026_09_12_22_27_44_653.jpg,D:\ML Projects\Deep Learning\Self Drive\IMG\left_2026_09_12_22_27_44_653.jpg,D:\ML Projects\Deep Learning\Self Drive\IMG\right_2026_09_12_22_27_44_653.jpg,-0.15,1,0,30.18393
D:\ML Projects\Deep Learning\Self Drive\IMG\center_2026_09_12_22_27_44_732.jpg,D:\ML Projects\Deep Learning\Self Drive\IMG\left_2026_09_12_22_27_44_732.jpg,D:\ML Projects\Deep Learning\Self Drive\IMG\right_2026_09_12_22_27_44_732.jpg,-0.35,1,0,30.16282
D:\ML Projects\Deep Learning\Self Drive\IMG\center_2026_09_12_22_27_44_811.jpg,D:\ML Projects\Deep Learning\Self Drive\IMG\left_2026_09_12_22_27_44_811.jpg,D:\ML Projects\Deep Learning\Self Drive\IMG\right_2026_09_12_22_27_44_811.jpg,0,1,0,30.18919
D:\ML Projects\Deep Learning\Self Drive\IMG\center_2026_09_12_22_27_44_893.jpg,D:\ML Projects\Deep Learning\Self Drive\IMG\left_2026_09_12_22_27_44_893.jpg,D:\ML Projects\Deep Learning\Self Drive\IMG\right_2026_09_12_22_27_44_893.jpg,0,1,0,30.19012
D:\ML Projects\Deep Learning\Self Drive\IMG\center_2026_09_12_22_27_44_975.jpg,D:\ML Projects\Deep Learning\Self Drive\IMG\left_2026_09_12_22_27_44_975.jpg,D:\ML Projects\Deep Learning\Self Drive\IMG\right_2026_09_12_22_27_44_975.jpg,0,1,0,30.19012
D:\ML Projects\Deep Learning\Self Drive\IMG\center_2026_09_12_22_27_45_054.jpg,D:\ML Projects\Deep Learning\Self Drive\IMG\left_2026_09_12_22_27_45_054.jpg,D:\ML Projects\Deep Learning\Self Drive\IMG\right_2026_09_12_22_27_45_054.jpg,-0.2,1,0,30.18029
D:\ML Projects\Deep Learning\Self Drive\IMG\center_2026_09_12_22_27_45_135.jpg,D:\ML Projects\Deep Learning\Self Drive\IMG\left_2026_09_12_22_27_45_135.jpg,D:\ML Projects\Deep Learning\Self Drive\IMG\right_2026_09_12_22_27_45_135.jpg,0,1,0,30.19029
D:\ML Projects\Deep Learning\Self Drive\IMG\center_2026_09_12_22_27_45_205.jpg,D:\ML Projects\Deep Learning\Self Drive\IMG\left_2026_09_12_22_27_45_205.jpg,D:\ML Projects\Deep Learning\Self Drive\IMG\right_2026_09_12_22_27_45_205.jpg,0,1,0,30.19028
D:\ML Projects\Deep Learning\Self Drive\IMG\center_2026_09_12_22_27_45_349.jpg,D:\ML Projects\Deep Learning\Self Drive\IMG\left_2026_09_12_22_27_45_349.jpg,D:\ML Projects\Deep Learning\Self Drive\IMG\right_2026_09_12_22_27_45_349.jpg,-0.2,1,0,30.18081
D:\ML Projects\Deep Learning\Self Drive\IMG\center_2026_09_12_22_27_45_419.jpg,D:\ML Projects\Deep Learning\Self Drive\IMG\left_2026_09_12_22_27_45_419.jpg,D:\ML Projects\Deep Learning\Self Drive\IMG\right_2026_09_12_22_27_45_419.jpg,-0.4,1,0,30.15755
D:\ML Projects\Deep Learning\Self Drive\IMG\center_2026_09_12_22_27_45_490.jpg,D:\ML Projects\Deep Learning\Self Drive\IMG\left_2026_09_12_22_27_45_490.jpg,D:\ML Projects\Deep Learning\Self Drive\IMG\right_2026_09_12_22_27_45_490.jpg,-0.5500001,1,0,30.13879
D:\ML Projects\Deep Learning\Self Drive\IMG\center_2026_09_12_22_27_45_559.jpg,D:\ML Projects\Deep Learning\Self Drive\IMG\left_2026_09_12_22_27_45_559.jpg,D:\ML Projects\Deep Learning\Self Drive\IMG\right_2026_09_12_22_27_45_559.jpg,0,1,0,30.18721
D:\ML Projects\Deep Learning\Self Drive\IMG\center_2026_09_12_22_27_45_631.jpg,D:\ML Projects\Deep Learning\Self Drive\IMG\left_2026_09_12_22_27_45_631.jpg,D:\ML Projects\Deep Learning\Self Drive\IMG\right_2026_09_12_22_27_45_631.jpg,0,1,0,30.18915
D:\ML Projects\Deep Learning\Self Drive\IMG\center_2026_09_12_22_27_45_708.jpg,D:\ML Projects\Deep Learning\Self Drive\IMG\left_2026_09_12_22_27_45_708.jpg,D:\ML Projects\Deep Learning\Self Drive\IMG\right_2026_09_12_22_27_45_708.jpg,-0.2,1,0,30.18408
D:\ML Projects\Deep Learning\Self Drive\IMG\center_2026_09_12_22_27_45_781.jpg,D:\ML Projects\Deep Learning\Self Drive\IMG\left_2026_09_12_22_27_45_781.jpg,D:\ML Projects\Deep Learning\Self Drive\IMG\right_2026_09_12_22_27_45_781.jpg,-0.4,1,0,30.16185
D:\ML Projects\Deep Learning\Self Drive\IMG\center_2026_09_12_22_27_45_862.jpg,D:\ML Projects\Deep Learning\Self Drive\IMG\left_2026_09_12_22_27_45_862.jpg,D:\ML Projects\Deep Learning\Self Drive\IMG\right_2026_09_12_22_27_45_862.jpg,0,1,0,30.18871
D:\ML Projects\Deep Learning\Self Drive\IMG\center_2026_09_12_22_27_45_945.jpg,D:\ML Projects\Deep Learning\Self Drive\IMG\left_2026_09_12_22_27_45_945.jpg,D:\ML Projects\Deep Learning\Self Drive\IMG\right_2026_09_12_22_27_45_945.jpg,0,1,0,30.18861
D:\ML Projects\Deep Learning\Self Drive\IMG\center_2026_09_12_22_27_46_030.jpg,D:\ML Projects\Deep Learning\Self Drive\IMG\left_2026_09_12_22_27_46_030.jpg,D:\ML Projects\Deep Learning\Self Drive\IMG\right_2026_09_12_22_27_46_030.jpg,0,1,0,30.19023
D:\ML Projects\Deep Learning\Self Drive\IMG\center_2026_09_12_22_27_46_109.jpg,D:\ML Projects\Deep Learning\Self Drive\IMG\left_2026_09_12_22_27_46_109.jpg,D:\ML Projects\Deep Learning\Self Drive\IMG\right_2026_09_12_22_27_46_109.jpg,0,1,0,30.19012
D:\ML Projects\Deep Learning\Self Drive\IMG\center_2026_09_12_22_27_46_190.jpg,D:\ML Projects\Deep Learning\Self Drive\IMG\left_2026_09_12_22_27_46_190.jpg,D:\ML Projects\Deep Learning\Self Drive\IMG\right_2026_09_12_22_27_46_190.jpg,-0.2,1,0,30.18098
D:\ML Projects\Deep Learning\Self Drive\IMG\center_2026_09_12_22_27_46_266.jpg,D:\ML Projects\Deep Learning\Self Drive\IMG\left_2026_09_12_22_27_46_266.jpg,D:\ML Projects\Deep Learning\Self Drive\IMG\right_2026_09_12_22_27_46_266.jpg,0,1,0,30.19039
D:\ML Projects\Deep Learning\Self Drive\IMG\center_2026_09_12_22_27_46_349.jpg,D:\ML Projects\Deep Learning\Self Drive\IMG\left_2026_09_12_22_27_46_349.jpg,D:\ML Projects\Deep Learning\Self Drive\IMG\right_2026_09_12_22_27_46_349.jpg,0,1,0,30.19089
D:\ML Projects\Deep Learning\Self Drive\IMG\center_2026_09_12_22_27_46_422.jpg,D:\ML Projects\Deep Learning\Self Drive\IMG\left_2026_09_12_22_27_46_422.jpg,D:\ML Projects\Deep Learning\Self Drive\IMG\right_2026_09_12_22_27_46_422.jpg,0,1,0,30.19054
D:\ML Projects\Deep Learning\Self Drive\IMG\center_2026_09_12_22_27_46_495.jpg,D:\ML Projects\Deep Learning\Self Drive\IMG\left_2026_09_12_22_27_46_495.jpg,D:\ML Projects\Deep Learning\Self Drive\IMG\right_2026_09_12_22_27_46_495.jpg,-0.2,1,0,30.1784
D:\ML Projects\Deep Learning\Self Drive\IMG\center_2026_09_12_22_27_46_562.jpg,D:\ML Projects\Deep Learning\Self Drive\IMG\left_2026_09_12_22_27_46_562.jpg,D:\ML Projects\Deep Learning\Self Drive\IMG\right_2026_09_12_22_27_46_562.jpg,-0.35,1,0,30.16414
D:\ML Projects\Deep Learning\Self Drive\IMG\center_2026_09_12_22_27_46_632.jpg,D:\ML Projects\Deep Learning\Self Drive\IMG\left_2026_09_12_22_27_46_632.jpg,D:\ML Projects\Deep Learning\Self Drive\IMG\right_2026_09_12_22_27_46_632.jpg,-0.5000001,1,0,30.14624
D:\ML Projects\Deep Learning\Self Drive\IMG\center_2026_09_12_22_27_46_706.jpg,D:\ML Projects\Deep Learning\Self Drive\IMG\left_2026_09_12_22_27_46_706.jpg,D:\ML Projects\Deep Learning\Self Drive\IMG\right_2026_09_12_22_27_46_706.jpg,0,1,0,30.1883
D:\ML Projects\Deep Learning\Self Drive\IMG\center_2026_09_12_22_27_46_788.jpg,D:\ML Projects\Deep Learning\Self Drive\IMG\left_2026_09_12_22_27_46_788.jpg,D:\ML Projects\Deep Learning\Self Drive\IMG\right_2026_09_12_22_27_46_788.jpg,-0.2,1,0,30.18649
D:\ML Projects\Deep Learning\Self Drive\IMG\center_2026_09_12_22_27_46_862.jpg,D:\ML Projects\Deep Learning\Self Drive\IMG\left_2026_09_12_22_27_46_862.jpg,D:\ML Projects\Deep Learning\Self Drive\IMG\right_2026_09_12_22_27_46_862.jpg,-0.4,1,0,30.164
D:\ML Projects\Deep Learning\Self Drive\IMG\center_2026_09_12_22_27_46_942.jpg,D:\ML Projects\Deep Learning\Self Drive\IMG\left_2026_09_12_22_27_46_942.jpg,D:\ML Projects\Deep Learning\Self Drive\IMG\right_2026_09_12_22_27_46_942.jpg,-0.6000001,1,0,30.13901
D:\ML Projects\Deep Learning\Self Drive\IMG\center_2026_09_12_22_27_47_021.jpg,D:\ML Projects\Deep Learning\Self Drive\IMG\left_2026_09_12_22_27_47_021.jpg,D:\ML Projects\Deep Learning\Self Drive\IMG\right_2026_09_12_22_27_47_021.jpg,0,1,0,30.18586
D:\ML Projects\Deep Learning\Self Drive\IMG\center_2026_09_12_22_27_47_113.jpg,D:\ML Projects\Deep Learning\Self Drive\IMG\left_2026_09_12_22_27_47_113.jpg,D:\ML Projects\Deep Learning\Self Drive\IMG\right_2026_09_12_22_27_47_113.jpg,-0.2,1,0,30.18842
D:\ML Projects\Deep Learning\Self Drive\IMG\center_2026_09_12_22_27_47_202.jpg,D:\ML Projects\Deep Learning\Self Drive\IMG\left_2026_09_12_22_27_47_202.jpg,D:\ML Projects\Deep Learning\Self Drive\IMG\right_2026_09_12_22_27_47_202.jpg,-0.45,1,0,30.15971
D:\ML Projects\Deep Learning\Self Drive\IMG\center_2026_09_12_22_27_47_282.jpg,D:\ML Projects\Deep Learning\Self Drive\IMG\left_2026_09_12_22_27_47_282.jpg,D:\ML Projects\Deep Learning\Self Drive\IMG\right_2026_09_12_22_27_47_282.jpg,-0.6500001,1,0,30.13283
D:\ML Projects\Deep Learning\Self Drive\IMG\center_2026_09_12_22_27_47_373.jpg,D:\ML Projects\Deep Learning\Self Drive\IMG\left_2026_09_12_22_27_47_373.jpg,D:\ML Projects\Deep Learning\Self Drive\IMG\right_2026_09_12_22_27_47_373.jpg,-0.8500001,1,0,30.10706
D:\ML Projects\Deep Learning\Self Drive\IMG\center_2026_09_12_22_27_47_449.jpg,D:\ML Projects\Deep Learning\Self Drive\IMG\left_2026_09_12_22_27_47_449.jpg,D:\ML Projects\Deep Learning\Self Drive\IMG\right_2026_09_12_22_27_47_449.jpg,0,1,0,30.17298
D:\ML Projects\Deep Learning\Self Drive\IMG\center_2026_09_12_22_27_47_524.jpg,D:\ML Projects\Deep Learning\Self Drive\IMG\left_2026_09_12_22_27_47_524.jpg,D:\ML Projects\Deep Learning\Self Drive\IMG\right_2026_09_12_22_27_47_524.jpg,0,1,0,30.1864
D:\ML Projects\Deep Learning\Self Drive\IMG\center_2026_09_12_22_27_47_597.jpg,D:\ML Projects\Deep Learning\Self Drive\IMG\left_2026_09_12_22_27_47_597.jpg,D:\ML Projects\Deep Learning\Self Drive\IMG\right_2026_09_12_22_27_47_597.jpg,-0.2,1,0,30.18748
D:\ML Projects\Deep Learning\Self Drive\IMG\center_2026_09_12_22_27_47_678.jpg,D:\ML Projects\Deep Learning\Self Drive\IMG\left_2026_09_12_22_27_47_678.jpg,D:\ML Projects\Deep Learning\Self Drive\IMG\right_2026_09_12_22_27_47_678.jpg,-0.4,1,0,30.16386
D:\ML Projects\Deep Learning\Self Drive\IMG\center_2026_09_12_22_27_47_780.jpg,D:\ML Projects\Deep Learning\Self Drive\IMG\left_2026_09_12_22_27_47_780.jpg,D:\ML Projects\Deep Learning\Self Drive\IMG\right_2026_09_12_22_27_47_780.jpg,0,1,0,30.19016
D:\ML Projects\Deep Learning\Self Drive\IMG\center_2026_09_12_22_27_47_848.jpg,D:\ML Projects\Deep Learning\Self Drive\IMG\left_2026_09_12_22_27_47_848.jpg,D:\ML Projects\Deep Learning\Self Drive\IMG\right_2026_09_12_22_27_47_848.jpg,0,1,0,30.19091
D:\ML Projects\Deep Learning\Self Drive\IMG\center_2026_09_12_22_27_47_978.jpg,D:\ML Projects\Deep Learning\Self Drive\IMG\left_2026_09_12_22_27_47_978.jpg,D:\ML Projects\Deep Learning\Self Drive\IMG\right_2026_09_12_22_27_47_978.jpg,-0.15,1,0,30.18522
D:\ML Projects\Deep Learning\Self Drive\IMG\center_2026_09_12_22_27_48_049.jpg,D:\ML Projects\Deep Learning\Self Drive\IMG\left_2026_09_12_22_27_48_049.jpg,D:\ML Projects\Deep Learning\Self Drive\IMG\right_2026_09_12_22_27_48_049.jpg,-0.3,1,0,30.16987
D:\ML Projects\Deep Learning\Self Drive\IMG\center_2026_09_12_22_27_48_122.jpg,D:\ML Projects\Deep Learning\Self Drive\IMG\left_2026_09_12_22_27_48_122.jpg,D:\ML Projects\Deep Learning\Self Drive\IMG\right_2026_09_12_22_27_48_122.jpg,0,1,0,30.18995
D:\ML Projects\Deep Learning\Self Drive\IMG\center_2026_09_12_22_27_48_253.jpg,D:\ML Projects\Deep Learning\Self Drive\IMG\left_2026_09_12_22_27_48_253.jpg,D:\ML Projects\Deep Learning\Self Drive\IMG\right_2026_09_12_22_27_48_253.jpg,-0.3,1,0,30.17259
D:\ML Projects\Deep Learning\Self Drive\IMG\center_2026_09_12_22_27_48_391.jpg,D:\ML Projects\Deep Learning\Self Drive\IMG\left_2026_09_12_22_27_48_391.jpg,D:\ML Projects\Deep Learning\Self Drive\IMG\right_2026_09_12_22_27_48_391.jpg,-0.6500001,1,0,30.12944
D:\ML Projects\Deep Learning\Self Drive\IMG\center_2026_09_12_22_27_48_460.jpg,D:\ML Projects\Deep Learning\Self Drive\IMG\left_2026_09_12_22_27_48_460.jpg,D:\ML Projects\Deep Learning\Self Drive\IMG\right_2026_09_12_22_27_48_460.jpg,-0.8500001,1,0,30.10616
D:\ML Projects\Deep Learning\Self Drive\IMG\center_2026_09_12_22_27_48_529.jpg,D:\ML Projects\Deep Learning\Self Drive\IMG\left_2026_09_12_22_27_48_529.jpg,D:\ML Projects\Deep Learning\Self Drive\IMG\right_2026_09_12_22_27_48_529.jpg,0,1,0,30.17711
D:\ML Projects\Deep Learning\Self Drive\IMG\center_2026_09_12_22_27_48_611.jpg,D:\ML Projects\Deep Learning\Self Drive\IMG\left_2026_09_12_22_27_48_611.jpg,D:\ML Projects\Deep Learning\Self Drive\IMG\right_2026_09_12_22_27_48_611.jpg,-0.2,1,0,30.1925
D:\ML Projects\Deep Learning\Self Drive\IMG\center_2026_09_12_22_27_48_691.jpg,D:\ML Projects\Deep Learning\Self Drive\IMG\left_2026_09_12_22_27_48_691.jpg,D:\ML Projects\Deep Learning\Self Drive\IMG\right_2026_09_12_22_27_48_691.jpg,-0.4,1,0,30.17171
D:\ML Projects\Deep Learning\Self Drive\IMG\center_2026_09_12_22_27_48_772.jpg,D:\ML Projects\Deep Learning\Self Drive\IMG\left_2026_09_12_22_27_48_772.jpg,D:\ML Projects\Deep Learning\Self Drive\IMG\right_2026_09_12_22_27_48_772.jpg,-0.6000001,1,0,30.14243
D:\ML Projects\Deep Learning\Self Drive\IMG\center_2026_09_12_22_27_48_853.jpg,D:\ML Projects\Deep Learning\Self Drive\IMG\left_2026_09_12_22_27_48_853.jpg,D:\ML Projects\Deep Learning\Self Drive\IMG\right_2026_09_12_22_27_48_853.jpg,-0.8500001,1,0,30.10942
D:\ML Projects\Deep Learning\Self Drive\IMG\center_2026_09_12_22_27_48_931.jpg,D:\ML Projects\Deep Learning\Self Drive\IMG\left_2026_09_12_22_27_48_931.jpg,D:\ML Projects\Deep Learning\Self Drive\IMG\right_2026_09_12_22_27_48_931.jpg,0,1,0,30.17636
D:\ML Projects\Deep Learning\Self Drive\IMG\center_2026_09_12_22_27_49_015.jpg,D:\ML Projects\Deep Learning\Self Drive\IMG\left_2026_09_12_22_27_49_015.jpg,D:\ML Projects\Deep Learning\Self Drive\IMG\right_2026_09_12_22_27_49_015.jpg,0,1,0,30.18774
D:\ML Projects\Deep Learning\Self Drive\IMG\center_2026_09_12_22_27_49_101.jpg,D:\ML Projects\Deep Learning\Self Drive\IMG\left_2026_09_12_22_27_49_101.jpg,D:\ML Projects\Deep Learning\Self Drive\IMG\right_2026_09_12_22_27_49_101.jpg,0,1,0,30.18967
D:\ML Projects\Deep Learning\Self Drive\IMG\center_2026_09_12_22_27_49_180.jpg,D:\ML Projects\Deep Learning\Self Drive\IMG\left_2026_09_12_22_27_49_180.jpg,D:\ML Projects\Deep Learning\Self Drive\IMG\right_2026_09_12_22_27_49_180.jpg,0,1,0,30.19029
D:\ML Projects\Deep Learning\Self Drive\IMG\center_2026_09_12_22_27_49_254.jpg,D:\ML Projects\Deep Learning\Self Drive\IMG\left_2026_09_12_22_27_49_254.jpg,D:\ML Projects\Deep Learning\Self Drive\IMG\right_2026_09_12_22_27_49_254.jpg,0,1,0,30.19048
D:\ML Projects\Deep Learning\Self Drive\IMG\center_2026_09_12_22_27_49_342.jpg,D:\ML Projects\Deep Learning\Self Drive\IMG\left_2026_09_12_22_27_49_342.jpg,D:\ML Projects\Deep Learning\Self Drive\IMG\right_2026_09_12_22_27_49_342.jpg,0,1,0,30.18992
D:\ML Projects\Deep Learning\Self Drive\IMG\center_2026_09_12_22_27_49_433.jpg,D:\ML Projects\Deep Learning\Self Drive\IMG\left_2026_09_12_22_27_49_433.jpg,D:\ML Projects\Deep Learning\Self Drive\IMG\right_2026_09_12_22_27_49_433.jpg,0,1,0,30.19012
D:\ML Projects\Deep Learning\Self Drive\IMG\center_2026_09_12_22_27_49_509.jpg,D:\ML Projects\Deep Learning\Self Drive\IMG\left_2026_09_12_22_27_49_509.jpg,D:\ML Projects\Deep Learning\Self Drive\IMG\right_2026_09_12_22_27_49_509.jpg,0.15,1,0,30.18362
D:\ML Projects\Deep Learning\Self Drive\IMG\center_2026_09_12_22_27_49_585.jpg,D:\ML Projects\Deep Learning\Self Drive\IMG\left_2026_09_12_22_27_49_585.jpg,D:\ML Projects\Deep Learning\Self Drive\IMG\right_2026_09_12_22_27_49_585.jpg,0.35,1,0,30.16325
D:\ML Projects\Deep Learning\Self Drive\IMG\center_2026_09_12_22_27_49_662.jpg,D:\ML Projects\Deep Learning\Self Drive\IMG\left_2026_09_12_22_27_49_662.jpg,D:\ML Projects\Deep Learning\Self Drive\IMG\right_2026_09_12_22_27_49_662.jpg,0.5500001,1,0,30.13953
D:\ML Projects\Deep Learning\Self Drive\IMG\center_2026_09_12_22_27_49_745.jpg,D:\ML Projects\Deep Learning\Self Drive\IMG\left_2026_09_12_22_27_49_745.jpg,D:\ML Projects\Deep Learning\Self Drive\IMG\right_2026_09_12_22_27_49_745.jpg,0,1,0,30.1861
D:\ML Projects\Deep Learning\Self Drive\IMG\center_2026_09_12_22_27_49_834.jpg,D:\ML Projects\Deep Learning\Self Drive\IMG\left_2026_09_12_22_27_49_834.jpg,D:\ML Projects\Deep Learning\Self Drive\IMG\right_2026_09_12_22_27_49_834.jpg,0,1,0,30.18978
D:\ML Projects\Deep Learning\Self Drive\IMG\center_2026_09_12_22_27_49_920.jpg,D:\ML Projects\Deep Learning\Self Drive\IMG\left_2026_09_12_22_27_49_920.jpg,D:\ML Projects\Deep Learning\Self Drive\IMG\right_2026_09_12_22_27_49_920.jpg,0,1,0,30.19058
D:\ML Projects\Deep Learning\Self Drive\IMG\center_2026_09_12_22_27_50_009.jpg,D:\ML Projects\Deep Learning\Self Drive\IMG\left_2026_09_12_22_27_50_009.jpg,D:\ML Projects\Deep Learning\Self Drive\IMG\right_2026_09_12_22_27_50_009.jpg,0,1,0,30.19048
D:\ML Projects\Deep Learning\Self Drive\IMG\center_2026_09_12_22_27_50_095.jpg,D:\ML Projects\Deep Learning\Self Drive\IMG\left_2026_09_12_22_27_50_095.jpg,D:\ML Projects\Deep Learning\Self Drive\IMG\right_2026_09_12_22_27_50_095.jpg,0,1,0,30.1911
D:\ML Projects\Deep Learning\Self Drive\IMG\center_2026_09_12_22_27_50_189.jpg,D:\ML Projects\Deep Learning\Self Drive\IMG\left_2026_09_12_22_27_50_189.jpg,D:\ML Projects\Deep Learning\Self Drive\IMG\right_2026_09_12_22_27_50_189.jpg,-0.2,1,0,30.1795
D:\ML Projects\Deep Learning\Self Drive\IMG\center_2026_09_12_22_27_50_275.jpg,D:\ML Projects\Deep Learning\Self Drive\IMG\left_2026_09_12_22_27_50_275.jpg,D:\ML Projects\Deep Learning\Self Drive\IMG\right_2026_09_12_22_27_50_275.jpg,0,1,0,30.18953
D:\ML Projects\Deep Learning\Self Drive\IMG\center_2026_09_12_22_27_50_366.jpg,D:\ML Projects\Deep Learning\Self Drive\IMG\left_2026_09_12_22_27_50_366.jpg,D:\ML Projects\Deep Learning\Self Drive\IMG\right_2026_09_12_22_27_50_366.jpg,0,1,0,30.1901
D:\ML Projects\Deep Learning\Self Drive\IMG\center_2026_09_12_22_27_50_460.jpg,D:\ML Projects\Deep Learning\Self Drive\IMG\left_2026_09_12_22_27_50_460.jpg,D:\ML Projects\Deep Learning\Self Drive\IMG\right_2026_09_12_22_27_50_460.jpg,0,1,0,30.19042
D:\ML Projects\Deep Learning\Self Drive\IMG\center_2026_09_12_22_27_50_544.jpg,D:\ML Projects\Deep Learning\Self Drive\IMG\left_2026_09_12_22_27_50_544.jpg,D:\ML Projects\Deep Learning\Self Drive\IMG\right_2026_09_12_22_27_50_544.jpg,0,1,0,30.19054
D:\ML Projects\Deep Learning\Self Drive\IMG\center_2026_09_12_22_27_50_633.jpg,D:\ML Projects\Deep Learning\Self Drive\IMG\left_2026_09_12_22_27_50_633.jpg,D:\ML Projects\Deep Learning\Self Drive\IMG\right_2026_09_12_22_27_50_633.jpg,-0.2,1,0,30.17988
D:\ML Projects\Deep Learning\Self Drive\IMG\center_2026_09_12_22_27_50_723.jpg,D:\ML Projects\Deep Learning\Self Drive\IMG\left_2026_09_12_22_27_50_723.jpg,D:\ML Projects\Deep Learning\Self Drive\IMG\right_2026_09_12_22_27_50_723.jpg,0,1,0,30.19011
D:\ML Projects\Deep Learning\Self Drive\IMG\center_2026_09_12_22_27_50_805.jpg,D:\ML Projects\Deep Learning\Self Drive\IMG\left_2026_09_12_22_27_50_805.jpg,D:\ML Projects\Deep Learning\Self Drive\IMG\right_2026_09_12_22_27_50_805.jpg,0,1,0,30.19028
D:\ML Projects\Deep Learning\Self Drive\IMG\center_2026_09_12_22_27_50_897.jpg,D:\ML Projects\Deep Learning\Self Drive\IMG\left_2026_09_12_22_27_50_897.jpg,D:\ML Projects\Deep Learning\Self Drive\IMG\right_2026_09_12_22_27_50_897.jpg,0,1,0,30.19031
D:\ML Projects\Deep Learning\Self Drive\IMG\center_2026_09_12_22_27_50_989.jpg,D:\ML Projects\Deep Learning\Self Drive\IMG\left_2026_09_12_22_27_50_989.jpg,D:\ML Projects\Deep Learning\Self Drive\IMG\right_2026_09_12_22_27_50_989.jpg,-0.2,1,0,30.18024
D:\ML Projects\Deep Learning\Self Drive\IMG\center_2026_09_12_22_27_51_073.jpg,D:\ML Projects\Deep Learning\Self Drive\IMG\left_2026_09_12_22_27_51_073.jpg,D:\ML Projects\Deep Learning\Self Drive\IMG\right_2026_09_12_22_27_51_073.jpg,-0.4,1,0,30.15785
D:\ML Projects\Deep Learning\Self Drive\IMG\center_2026_09_12_22_27_51_180.jpg,D:\ML Projects\Deep Learning\Self Drive\IMG\left_2026_09_12_22_27_51_180.jpg,D:\ML Projects\Deep Learning\Self Drive\IMG\right_2026_09_12_22_27_51_180.jpg,0,1,0,30.18964
D:\ML Projects\Deep Learning\Self Drive\IMG\center_2026_09_12_22_27_51_260.jpg,D:\ML Projects\Deep Learning\Self Drive\IMG\left_2026_09_12_22_27_51_260.jpg,D:\ML Projects\Deep Learning\Self Drive\IMG\right_2026_09_12_22_27_51_260.jpg,0,1,0,30.19012
D:\ML Projects\Deep Learning\Self Drive\IMG\center_2026_09_12_22_27_51_343.jpg,D:\ML Projects\Deep Learning\Self Drive\IMG\left_2026_09_12_22_27_51_343.jpg,D:\ML Projects\Deep Learning\Self Drive\IMG\right_2026_09_12_22_27_51_343.jpg,0,1,0,30.19029
D:\ML Projects\Deep Learning\Self Drive\IMG\center_2026_09_12_22_27_51_443.jpg,D:\ML Projects\Deep Learning\Self Drive\IMG\left_2026_09_12_22_27_51_443.jpg,D:\ML Projects\Deep Learning\Self Drive\IMG\right_2026_09_12_22_27_51_443.jpg,0,1,0,30.19032
D:\ML Projects\Deep Learning\Self Drive\IMG\center_2026_09_12_22_27_51_529.jpg,D:\ML Projects\Deep Learning\Self Drive\IMG\left_2026_09_12_22_27_51_529.jpg,D:\ML Projects\Deep Learning\Self Drive\IMG\right_2026_09_12_22_27_51_529.jpg,-0.2,1,0,30.18028
D:\ML Projects\Deep Learning\Self Drive\IMG\center_2026_09_12_22_27_51_614.jpg,D:\ML Projects\Deep Learning\Self Drive\IMG\left_2026_09_12_22_27_51_614.jpg,D:\ML Projects\Deep Learning\Self Drive\IMG\right_2026_09_12_22_27_51_614.jpg,0,1,0,30.19013
D:\ML Projects\Deep Learning\Self Drive\IMG\center_2026_09_12_22_27_51_698.jpg,D:\ML Projects\Deep Learning\Self Drive\IMG\left_2026_09_12_22_27_51_698.jpg,D:\ML Projects\Deep Learning\Self Drive\IMG\right_2026_09_12_22_27_51_698.jpg,0,1,0,30.19028
D:\ML Projects\Deep Learning\Self Drive\IMG\center_2026_09_12_22_27_51_782.jpg,D:\ML Projects\Deep Learning\Self Drive\IMG\left_2026_09_12_22_27_51_782.jpg,D:\ML Projects\Deep Learning\Self Drive\IMG\right_2026_09_12_22_27_51_782.jpg,0,1,0,30.19029
D:\ML Projects\Deep Learning\Self Drive\IMG\center_2026_09_12_22_27_51_879.jpg,D:\ML Projects\Deep Learning\Self Drive\IMG\left_2026_09_12_22_27_51_879.jpg,D:\ML Projects\Deep Learning\Self Drive\IMG\right_2026_09_12_22_27_51_879.jpg,-0.25,1,0,30.17517
D:\ML Projects\Deep Learning\Self Drive\IMG\center_2026_09_12_22_27_51_957.jpg,D:\ML Projects\Deep Learning\Self Drive\IMG\left_2026_09_12_22_27_51_957.jpg,D:\ML Projects\Deep Learning\Self Drive\IMG\right_2026_09_12_22_27_51_957.jpg,-0.45,1,0,30.15177
D:\ML Projects\Deep Learning\Self Drive\IMG\center_2026_09_12_22_27_52_046.jpg,D:\ML Projects\Deep Learning\Self Drive\IMG\left_2026_09_12_22_27_52_046.jpg,D:\ML Projects\Deep Learning\Self Drive\IMG\right_2026_09_12_22_27_52_046.jpg,0,1,0,30.18832
D:\ML Projects\Deep Learning\Self Drive\IMG\center_2026_09_12_22_27_52_139.jpg,D:\ML Projects\Deep Learning\Self Drive\IMG\left_2026_09_12_22_27_52_139.jpg,D:\ML Projects\Deep Learning\Self Drive\IMG\right_2026_09_12_22_27_52_139.jpg,0,1,0,30.19002
D:\ML Projects\Deep Learning\Self Drive\IMG\center_2026_09_12_22_27_52_227.jpg,D:\ML Projects\Deep Learning\Self Drive\IMG\left_2026_09_12_22_27_52_227.jpg,D:\ML Projects\Deep Learning\Self Drive\IMG\right_2026_09_12_22_27_52_227.jpg,0,1,0,30.19025
D:\ML Projects\Deep Learning\Self Drive\IMG\center_2026_09_12_22_27_52_311.jpg,D:\ML Projects\Deep Learning\Self Drive\IMG\left_2026_09_12_22_27_52_311.jpg,D:\ML Projects\Deep Learning\Self Drive\IMG\right_2026_09_12_22_27_52_311.jpg,-0.2,1,0,30.18126
D:\ML Projects\Deep Learning\Self Drive\IMG\center_2026_09_12_22_27_52_410.jpg,D:\ML Projects\Deep Learning\Self Drive\IMG\left_2026_09_12_22_27_52_410.jpg,D:\ML Projects\Deep Learning\Self Drive\IMG\right_2026_09_12_22_27_52_410.jpg,0,1,0,30.19018
D:\ML Projects\Deep Learning\Self Drive\IMG\center_2026_09_12_22_27_52_491.jpg,D:\ML Projects\Deep Learning\Self Drive\IMG\left_2026_09_12_22_27_52_491.jpg,D:\ML Projects\Deep Learning\Self Drive\IMG\right_2026_09_12_22_27_52_491.jpg,0,1,0,30.1903
D:\ML Projects\Deep Learning\Self Drive\IMG\center_2026_09_12_22_27_52_575.jpg,D:\ML Projects\Deep Learning\Self Drive\IMG\left_2026_09_12_22_27_52_575.jpg,D:\ML Projects\Deep Learning\Self Drive\IMG\right_2026_09_12_22_27_52_575.jpg,0,1,0,30.19038
D:\ML Projects\Deep Learning\Self Drive\IMG\center_2026_09_12_22_27_52_668.jpg,D:\ML Projects\Deep Learning\Self Drive\IMG\left_2026_09_12_22_27_52_668.jpg,D:\ML Projects\Deep Learning\Self Drive\IMG\right_2026_09_12_22_27_52_668.jpg,0,1,0,30.19031
D:\ML Projects\Deep Learning\Self Drive\IMG\center_2026_09_12_22_27_52_769.jpg,D:\ML Projects\Deep Learning\Self Drive\IMG\left_2026_09_12_22_27_52_769.jpg,D:\ML Projects\Deep Learning\Self Drive\IMG\right_2026_09_12_22_27_52_769.jpg,0.25,1,0,30.17465
D:\ML Projects\Deep Learning\Self Drive\IMG\center_2026_09_12_22_27_52_901.jpg,D:\ML Projects\Deep Learning\Self Drive\IMG\left_2026_09_12_22_27_52_901.jpg,D:\ML Projects\Deep Learning\Self Drive\IMG\right_2026_09_12_22_27_52_901.jpg,0,1,0,30.19013
D:\ML Projects\Deep Learning\Self Drive\IMG\center_2026_09_12_22_27_52_980.jpg,D:\ML Projects\Deep Learning\Self Drive\IMG\left_2026_09_12_22_27_52_980.jpg,D:\ML Projects\Deep Learning\Self Drive\IMG\right_2026_09_12_22_27_52_980.jpg,0,1,0,30.19024
D:\ML Projects\Deep Learning\Self Drive\IMG\center_2026_09_12_22_27_53_059.jpg,D:\ML Projects\Deep Learning\Self Drive\IMG\left_2026_09_12_22_27_53_059.jpg,D:\ML Projects\Deep Learning\Self Drive\IMG\right_2026_09_12_22_27_53_059.jpg,0,1,0,30.19028
D:\ML Projects\Deep Learning\Self Drive\IMG\center_2026_09_12_22_27_53_144.jpg,D:\ML Projects\Deep Learning\Self Drive\IMG\left_2026_09_12_22_27_53_144.jpg,D:\ML Projects\Deep Learning\Self Drive\IMG\right_2026_09_12_22_27_53_144.jpg,0,1,0,30.19033
D:\ML Projects\Deep Learning\Self Drive\IMG\center_2026_09_12_22_27_53_218.jpg,D:\ML Projects\Deep Learning\Self Drive\IMG\left_2026_09_12_22_27_53_218.jpg,D:\ML Projects\Deep Learning\Self Drive\IMG\right_2026_09_12_22_27_53_218.jpg,0,1,0,30.19029
D:\ML Projects\Deep Learning\Self Drive\IMG\center_2026_09_12_22_27_53_292.jpg,D:\ML Projects\Deep Learning\Self Drive\IMG\left_2026_09_12_22_27_53_292.jpg,D:\ML Projects\Deep Learning\Self Drive\IMG\right_2026_09_12_22_27_53_292.jpg,0,1,0,30.19031
D:\ML Projects\Deep Learning\Self Drive\IMG\center_2026_09_12_22_27_53_366.jpg,D:\ML Projects\Deep Learning\Self Drive\IMG\left_2026_09_12_22_27_53_366.jpg,D:\ML Projects\Deep Learning\Self Drive\IMG\right_2026_09_12_22_27_53_366.jpg,0,1,0,30.19034
D:\ML Projects\Deep Learning\Self Drive\IMG\center_2026_09_12_22_27_53_445.jpg,D:\ML Projects\Deep Learning\Self Drive\IMG\left_2026_09_12_22_27_53_445.jpg,D:\ML Projects\Deep Learning\Self Drive\IMG\right_2026_09_12_22_27_53_445.jpg,0,1,0,30.1903
D:\ML Projects\Deep Learning\Self Drive\IMG\center_2026_09_12_22_27_53_517.jpg,D:\ML Projects\Deep Learning\Self Drive\IMG\left_2026_09_12_22_27_53_517.jpg,D:\ML Projects\Deep Learning\Self Drive\IMG\right_2026_09_12_22_27_53_517.jpg,0,1,0,30.1903
D:\ML Projects\Deep Learning\Self Drive\IMG\center_2026_09_12_22_27_53_584.jpg,D:\ML Projects\Deep Learning\Self Drive\IMG\left_2026_09_12_22_27_53_584.jpg,D:\ML Projects\Deep Learning\Self Drive\IMG\right_2026_09_12_22_27_53_584.jpg,0.15,1,0,30.18424
D:\ML Projects\Deep Learning\Self Drive\IMG\center_2026_09_12_22_27_53_714.jpg,D:\ML Projects\Deep Learning\Self Drive\IMG\left_2026_09_12_22_27_53_714.jpg,D:\ML Projects\Deep Learning\Self Drive\IMG\right_2026_09_12_22_27_53_714.jpg,0,1,0,30.19027
D:\ML Projects\Deep Learning\Self Drive\IMG\center_2026_09_12_22_27_53_785.jpg,D:\ML Projects\Deep Learning\Self Drive\IMG\left_2026_09_12_22_27_53_785.jpg,D:\ML Projects\Deep Learning\Self Drive\IMG\right_2026_09_12_22_27_53_785.jpg,0,1,0,30.19028
D:\ML Projects\Deep Learning\Self Drive\IMG\center_2026_09_12_22_27_53_873.jpg,D:\ML Projects\Deep Learning\Self Drive\IMG\left_2026_09_12_22_27_53_873.jpg,D:\ML Projects\Deep Learning\Self Drive\IMG\right_2026_09_12_22_27_53_873.jpg,0,1,0,30.19032
D:\ML Projects\Deep Learning\Self Drive\IMG\center_2026_09_12_22_27_53_947.jpg,D:\ML Projects\Deep Learning\Self Drive\IMG\left_2026_09_12_22_27_53_947.jpg,D:\ML Projects\Deep Learning\Self Drive\IMG\right_2026_09_12_22_27_53_947.jpg,0,1,0,30.19027
D:\ML Projects\Deep Learning\Self Drive\IMG\center_2026_09_12_22_27_54_017.jpg,D:\ML Projects\Deep Learning\Self Drive\IMG\left_2026_09_12_22_27_54_017.jpg,D:\ML Projects\Deep Learning\Self Drive\IMG\right_2026_09_12_22_27_54_017.jpg,0,1,0,30.19028
D:\ML Projects\Deep Learning\Self Drive\IMG\center_2026_09_12_22_27_54_092.jpg,D:\ML Projects\Deep Learning\Self Drive\IMG\left_2026_09_12_22_27_54_092.jpg,D:\ML Projects\Deep Learning\Self Drive\IMG\right_2026_09_12_22_27_54_092.jpg,0,1,0,30.19029
D:\ML Projects\Deep Learning\Self Drive\IMG\center_2026_09_12_22_27_54_221.jpg,D:\ML Projects\Deep Learning\Self Drive\IMG\left_2026_09_12_22_27_54_221.jpg,D:\ML Projects\Deep Learning\Self Drive\IMG\right_2026_09_12_22_27_54_221.jpg,0.15,1,0,30.18426
D:\ML Projects\Deep Learning\Self Drive\IMG\center_2026_09_12_22_27_54_353.jpg,D:\ML Projects\Deep Learning\Self Drive\IMG\left_2026_09_12_22_27_54_353.jpg,D:\ML Projects\Deep Learning\Self Drive\IMG\right_2026_09_12_22_27_54_353.jpg,0,1,0,30.18888
D:\ML Projects\Deep Learning\Self Drive\IMG\center_2026_09_12_22_27_54_430.jpg,D:\ML Projects\Deep Learning\Self Drive\IMG\left_2026_09_12_22_27_54_430.jpg,D:\ML Projects\Deep Learning\Self Drive\IMG\right_2026_09_12_22_27_54_430.jpg,0,1,0,30.19009
D:\ML Projects\Deep Learning\Self Drive\IMG\center_2026_09_12_22_27_54_497.jpg,D:\ML Projects\Deep Learning\Self Drive\IMG\left_2026_09_12_22_27_54_497.jpg,D:\ML Projects\Deep Learning\Self Drive\IMG\right_2026_09_12_22_27_54_497.jpg,0,1,0,30.19027
D:\ML Projects\Deep Learning\Self Drive\IMG\center_2026_09_12_22_27_54_611.jpg,D:\ML Projects\Deep Learning\Self Drive\IMG\left_2026_09_12_22_27_54_611.jpg,D:\ML Projects\Deep Learning\Self Drive\IMG\right_2026_09_12_22_27_54_611.jpg,0.1,1,0,30.18815
D:\ML Projects\Deep Learning\Self Drive\IMG\center_2026_09_12_22_27_54_724.jpg,D:\ML Projects\Deep Learning\Self Drive\IMG\left_2026_09_12_22_27_54_724.jpg,D:\ML Projects\Deep Learning\Self Drive\IMG\right_2026_09_12_22_27_54_724.jpg,0,1,0,30.1894
D:\ML Projects\Deep Learning\Self Drive\IMG\center_2026_09_12_22_27_54_827.jpg,D:\ML Projects\Deep Learning\Self Drive\IMG\left_2026_09_12_22_27_54_827.jpg,D:\ML Projects\Deep Learning\Self Drive\IMG\right_2026_09_12_22_27_54_827.jpg,0,1,0,30.19022
D:\ML Projects\Deep Learning\Self Drive\IMG\center_2026_09_12_22_27_54_935.jpg,D:\ML Projects\Deep Learning\Self Drive\IMG\left_2026_09_12_22_27_54_935.jpg,D:\ML Projects\Deep Learning\Self Drive\IMG\right_2026_09_12_22_27_54_935.jpg,0,1,0,30.19032
D:\ML Projects\Deep Learning\Self Drive\IMG\center_2026_09_12_22_27_55_048.jpg,D:\ML Projects\Deep Learning\Self Drive\IMG\left_2026_09_12_22_27_55_048.jpg,D:\ML Projects\Deep Learning\Self Drive\IMG\right_2026_09_12_22_27_55_048.jpg,0,1,0,30.19028
D:\ML Projects\Deep Learning\Self Drive\IMG\center_2026_09_12_22_27_55_166.jpg,D:\ML Projects\Deep Learning\Self Drive\IMG\left_2026_09_12_22_27_55_166.jpg,D:\ML Projects\Deep Learning\Self Drive\IMG\right_2026_09_12_22_27_55_166.jpg,0.3,1,0,30.16945
D:\ML Projects\Deep Learning\Self Drive\IMG\center_2026_09_12_22_27_55_276.jpg,D:\ML Projects\Deep Learning\Self Drive\IMG\left_2026_09_12_22_27_55_276.jpg,D:\ML Projects\Deep Learning\Self Drive\IMG\right_2026_09_12_22_27_55_276.jpg,0,1,0,30.18989
D:\ML Projects\Deep Learning\Self Drive\IMG\center_2026_09_12_22_27_55_387.jpg,D:\ML Projects\Deep Learning\Self Drive\IMG\left_2026_09_12_22_27_55_387.jpg,D:\ML Projects\Deep Learning\Self Drive\IMG\right_2026_09_12_22_27_55_387.jpg,0.15,1,0,30.18545
D:\ML Projects\Deep Learning\Self Drive\IMG\center_2026_09_12_22_27_55_507.jpg,D:\ML Projects\Deep Learning\Self Drive\IMG\left_2026_09_12_22_27_55_507.jpg,D:\ML Projects\Deep Learning\Self Drive\IMG\right_2026_09_12_22_27_55_507.jpg,0,1,0,30.18892
D:\ML Projects\Deep Learning\Self Drive\IMG\center_2026_09_12_22_27_55_625.jpg,D:\ML Projects\Deep Learning\Self Drive\IMG\left_2026_09_12_22_27_55_625.jpg,D:\ML Projects\Deep Learning\Self Drive\IMG\right_2026_09_12_22_27_55_625.jpg,0,1,0,30.18896
D:\ML Projects\Deep Learning\Self Drive\IMG\center_2026_09_12_22_27_55_741.jpg,D:\ML Projects\Deep Learning\Self Drive\IMG\left_2026_09_12_22_27_55_741.jpg,D:\ML Projects\Deep Learning\Self Drive\IMG\right_2026_09_12_22_27_55_741.jpg,0.3,1,0,30.17044
D:\ML Projects\Deep Learning\Self Drive\IMG\center_2026_09_12_22_27_55_855.jpg,D:\ML Projects\Deep Learning\Self Drive\IMG\left_2026_09_12_22_27_55_855.jpg,D:\ML Projects\Deep Learning\Self Drive\IMG\right_2026_09_12_22_27_55_855.jpg,0.6000001,1,0,30.13298
D:\ML Projects\Deep Learning\Self Drive\IMG\center_2026_09_12_22_27_55_968.jpg,D:\ML Projects\Deep Learning\Self Drive\IMG\left_2026_09_12_22_27_55_968.jpg,D:\ML Projects\Deep Learning\Self Drive\IMG\right_2026_09_12_22_27_55_968.jpg,0,1,0,30.18736
D:\ML Projects\Deep Learning\Self Drive\IMG\center_2026_09_12_22_27_56_094.jpg,D:\ML Projects\Deep Learning\Self Drive\IMG\left_2026_09_12_22_27_56_094.jpg,D:\ML Projects\Deep Learning\Self Drive\IMG\right_2026_09_12_22_27_56_094.jpg,0.35,1,0,30.16988
D:\ML Projects\Deep Learning\Self Drive\IMG\center_2026_09_12_22_27_56_205.jpg,D:\ML Projects\Deep Learning\Self Drive\IMG\left_2026_09_12_22_27_56_205.jpg,D:\ML Projects\Deep Learning\Self Drive\IMG\right_2026_09_12_22_27_56_205.jpg,0.6000001,1,0,30.13683
D:\ML Projects\Deep Learning\Self Drive\IMG\center_2026_09_12_22_27_56_315.jpg,D:\ML Projects\Deep Learning\Self Drive\IMG\left_2026_09_12_22_27_56_315.jpg,D:\ML Projects\Deep Learning\Self Drive\IMG\right_2026_09_12_22_27_56_315.jpg,0,1,0,30.17426
D:\ML Projects\Deep Learning\Self Drive\IMG\center_2026_09_12_22_27_56_451.jpg,D:\ML Projects\Deep Learning\Self Drive\IMG\left_2026_09_12_22_27_56_451.jpg,D:\ML Projects\Deep Learning\Self Drive\IMG\right_2026_09_12_22_27_56_451.jpg,0,1,0,30.18887
D:\ML Projects\Deep Learning\Self Drive\IMG\center_2026_09_12_22_27_56_574.jpg,D:\ML Projects\Deep Learning\Self Drive\IMG\left_2026_09_12_22_27_56_574.jpg,D:\ML Projects\Deep Learning\Self Drive\IMG\right_2026_09_12_22_27_56_574.jpg,0,1,0,30.19382
D:\ML Projects\Deep Learning\Self Drive\IMG\center_2026_09_12_22_27_56_650.jpg,D:\ML Projects\Deep Learning\Self Drive\IMG\left_2026_09_12_22_27_56_650.jpg,D:\ML Projects\Deep Learning\Self Drive\IMG\right_2026_09_12_22_27_56_650.jpg,0,1,0,30.18908
D:\ML Projects\Deep Learning\Self Drive\IMG\center_2026_09_12_22_27_56_768.jpg,D:\ML Projects\Deep Learning\Self Drive\IMG\left_2026_09_12_22_27_56_768.jpg,D:\ML Projects\Deep Learning\Self Drive\IMG\right_2026_09_12_22_27_56_768.jpg,0,1,0,30.19494
D:\ML Projects\Deep Learning\Self Drive\IMG\center_2026_09_12_22_27_56_885.jpg,D:\ML Projects\Deep Learning\Self Drive\IMG\left_2026_09_12_22_27_56_885.jpg,D:\ML Projects\Deep Learning\Self Drive\IMG\right_2026_09_12_22_27_56_885.jpg,0,1,0,30.19018
D:\ML Projects\Deep Learning\Self Drive\IMG\center_2026_09_12_22_27_57_002.jpg,D:\ML Projects\Deep Learning\Self Drive\IMG\left_2026_09_12_22_27_57_002.jpg,D:\ML Projects\Deep Learning\Self Drive\IMG\right_2026_09_12_22_27_57_002.jpg,0,1,0,30.19275
D:\ML Projects\Deep Learning\Self Drive\IMG\center_2026_09_12_22_27_57_076.jpg,D:\ML Projects\Deep Learning\Self Drive\IMG\left_2026_09_12_22_27_57_076.jpg,D:\ML Projects\Deep Learning\Self Drive\IMG\right_2026_09_12_22_27_57_076.jpg,0.2,1,0,30.17883
D:\ML Projects\Deep Learning\Self Drive\IMG\center_2026_09_12_22_27_57_148.jpg,D:\ML Projects\Deep Learning\Self Drive\IMG\left_2026_09_12_22_27_57_148.jpg,D:\ML Projects\Deep Learning\Self Drive\IMG\right_2026_09_12_22_27_57_148.jpg,0.35,1,0,30.16346
D:\ML Projects\Deep Learning\Self Drive\IMG\center_2026_09_12_22_27_57_272.jpg,D:\ML Projects\Deep Learning\Self Drive\IMG\left_2026_09_12_22_27_57_272.jpg,D:\ML Projects\Deep Learning\Self Drive\IMG\right_2026_09_12_22_27_57_272.jpg,0.6500001,1,0,30.12624
D:\ML Projects\Deep Learning\Self Drive\IMG\center_2026_09_12_22_27_57_405.jpg,D:\ML Projects\Deep Learning\Self Drive\IMG\left_2026_09_12_22_27_57_405.jpg,D:\ML Projects\Deep Learning\Self Drive\IMG\right_2026_09_12_22_27_57_405.jpg,0,1,0,30.17422
D:\ML Projects\Deep Learning\Self Drive\IMG\center_2026_09_12_22_27_57_525.jpg,D:\ML Projects\Deep Learning\Self Drive\IMG\left_2026_09_12_22_27_57_525.jpg,D:\ML Projects\Deep Learning\Self Drive\IMG\right_2026_09_12_22_27_57_525.jpg,0.15,1,0,30.1924
D:\ML Projects\Deep Learning\Self Drive\IMG\center_2026_09_12_22_27_57_648.jpg,D:\ML Projects\Deep Learning\Self Drive\IMG\left_2026_09_12_22_27_57_648.jpg,D:\ML Projects\Deep Learning\Self Drive\IMG\right_2026_09_12_22_27_57_648.jpg,0,1,0,30.18959
D:\ML Projects\Deep Learning\Self Drive\IMG\center_2026_09_12_22_27_57_757.jpg,D:\ML Projects\Deep Learning\Self Drive\IMG\left_2026_09_12_22_27_57_757.jpg,D:\ML Projects\Deep Learning\Self Drive\IMG\right_2026_09_12_22_27_57_757.jpg,0,1,0,30.1908
D:\ML Projects\Deep Learning\Self Drive\IMG\center_2026_09_12_22_27_57_867.jpg,D:\ML Projects\Deep Learning\Self Drive\IMG\left_2026_09_12_22_27_57_867.jpg,D:\ML Projects\Deep Learning\Self Drive\IMG\right_2026_09_12_22_27_57_867.jpg,0.15,1,0,30.1858
D:\ML Projects\Deep Learning\Self Drive\IMG\center_2026_09_12_22_27_57_978.jpg,D:\ML Projects\Deep Learning\Self Drive\IMG\left_2026_09_12_22_27_57_978.jpg,D:\ML Projects\Deep Learning\Self Drive\IMG\right_2026_09_12_22_27_57_978.jpg,0.45,1,0,30.15188
D:\ML Projects\Deep Learning\Self Drive\IMG\center_2026_09_12_22_27_58_090.jpg,D:\ML Projects\Deep Learning\Self Drive\IMG\left_2026_09_12_22_27_58_090.jpg,D:\ML Projects\Deep Learning\Self Drive\IMG\right_2026_09_12_22_27_58_090.jpg,0.7,1,0,30.12131
D:\ML Projects\Deep Learning\Self Drive\IMG\center_2026_09_12_22_27_58_209.jpg,D:\ML Projects\Deep Learning\Self Drive\IMG\left_2026_09_12_22_27_58_209.jpg,D:\ML Projects\Deep Learning\Self Drive\IMG\right_2026_09_12_22_27_58_209.jpg,1,1,0,30.09317
D:\ML Projects\Deep Learning\Self Drive\IMG\center_2026_09_12_22_27_58_356.jpg,D:\ML Projects\Deep Learning\Self Drive\IMG\left_2026_09_12_22_27_58_356.jpg,D:\ML Projects\Deep Learning\Self Drive\IMG\right_2026_09_12_22_27_58_356.jpg,0,1,0,30.16551
D:\ML Projects\Deep Learning\Self Drive\IMG\center_2026_09_12_22_27_58_443.jpg,D:\ML Projects\Deep Learning\Self Drive\IMG\left_2026_09_12_22_27_58_443.jpg,D:\ML Projects\Deep Learning\Self Drive\IMG\right_2026_09_12_22_27_58_443.jpg,0,1,0,30.18282
D:\ML Projects\Deep Learning\Self Drive\IMG\center_2026_09_12_22_27_58_563.jpg,D:\ML Projects\Deep Learning\Self Drive\IMG\left_2026_09_12_22_27_58_563.jpg,D:\ML Projects\Deep Learning\Self Drive\IMG\right_2026_09_12_22_27_58_563.jpg,0,1,0,30.18991
D:\ML Projects\Deep Learning\Self Drive\IMG\center_2026_09_12_22_27_58_675.jpg,D:\ML Projects\Deep Learning\Self Drive\IMG\left_2026_09_12_22_27_58_675.jpg,D:\ML Projects\Deep Learning\Self Drive\IMG\right_2026_09_12_22_27_58_675.jpg,0,1,0,30.19033
D:\ML Projects\Deep Learning\Self Drive\IMG\center_2026_09_12_22_27_58_784.jpg,D:\ML Projects\Deep Learning\Self Drive\IMG\left_2026_09_12_22_27_58_784.jpg,D:\ML Projects\Deep Learning\Self Drive\IMG\right_2026_09_12_22_27_58_784.jpg,0,1,0,30.19029
D:\ML Projects\Deep Learning\Self Drive\IMG\center_2026_09_12_22_27_58_902.jpg,D:\ML Projects\Deep Learning\Self Drive\IMG\left_2026_09_12_22_27_58_902.jpg,D:\ML Projects\Deep Learning\Self Drive\IMG\right_2026_09_12_22_27_58_902.jpg,0,1,0,30.1902
D:\ML Projects\Deep Learning\Self Drive\IMG\center_2026_09_12_22_27_59_018.jpg,D:\ML Projects\Deep Learning\Self Drive\IMG\left_2026_09_12_22_27_59_018.jpg,D:\ML Projects\Deep Learning\Self Drive\IMG\right_2026_09_12_22_27_59_018.jpg,0,1,0,30.19028
D:\ML Projects\Deep Learning\Self Drive\IMG\center_2026_09_12_22_27_59_085.jpg,D:\ML Projects\Deep Learning\Self Drive\IMG\left_2026_09_12_22_27_59_085.jpg,D:\ML Projects\Deep Learning\Self Drive\IMG\right_2026_09_12_22_27_59_085.jpg,0,1,0,30.19035
D:\ML Projects\Deep Learning\Self Drive\IMG\center_2026_09_12_22_27_59_217.jpg,D:\ML Projects\Deep Learning\Self Drive\IMG\left_2026_09_12_22_27_59_217.jpg,D:\ML Projects\Deep Learning\Self Drive\IMG\right_2026_09_12_22_27_59_217.jpg,0.2,1,0,30.1797
D:\ML Projects\Deep Learning\Self Drive\IMG\center_2026_09_12_22_27_59_342.jpg,D:\ML Projects\Deep Learning\Self Drive\IMG\left_2026_09_12_22_27_59_342.jpg,D:\ML Projects\Deep Learning\Self Drive\IMG\right_2026_09_12_22_27_59_342.jpg,0,1,0,30.19028
D:\ML Projects\Deep Learning\Self Drive\IMG\center_2026_09_12_22_27_59_427.jpg,D:\ML Projects\Deep Learning\Self Drive\IMG\left_2026_09_12_22_27_59_427.jpg,D:\ML Projects\Deep Learning\Self Drive\IMG\right_2026_09_12_22_27_59_427.jpg,0,1,0,30.19032
D:\ML Projects\Deep Learning\Self Drive\IMG\center_2026_09_12_22_27_59_495.jpg,D:\ML Projects\Deep Learning\Self Drive\IMG\left_2026_09_12_22_27_59_495.jpg,D:\ML Projects\Deep Learning\Self Drive\IMG\right_2026_09_12_22_27_59_495.jpg,0,1,0,30.19032
D:\ML Projects\Deep Learning\Self Drive\IMG\center_2026_09_12_22_27_59_626.jpg,D:\ML Projects\Deep Learning\Self Drive\IMG\left_2026_09_12_22_27_59_626.jpg,D:\ML Projects\Deep Learning\Self Drive\IMG\right_2026_09_12_22_27_59_626.jpg,0,1,0,30.19048
D:\ML Projects\Deep Learning\Self Drive\IMG\center_2026_09_12_22_27_59_754.jpg,D:\ML Projects\Deep Learning\Self Drive\IMG\left_2026_09_12_22_27_59_754.jpg,D:\ML Projects\Deep Learning\Self Drive\IMG\right_2026_09_12_22_27_59_754.jpg,0,1,0,30.1903
D:\ML Projects\Deep Learning\Self Drive\IMG\center_2026_09_12_22_27_59_885.jpg,D:\ML Projects\Deep Learning\Self Drive\IMG\left_2026_09_12_22_27_59_885.jpg,D:\ML Projects\Deep Learning\Self Drive\IMG\right_2026_09_12_22_27_59_885.jpg,0,1,0,30.1903
D:\ML Projects\Deep Learning\Self Drive\IMG\center_2026_09_12_22_28_00_018.jpg,D:\ML Projects\Deep Learning\Self Drive\IMG\left_2026_09_12_22_28_00_018.jpg,D:\ML Projects\Deep Learning\Self Drive\IMG\right_2026_09_12_22_28_00_018.jpg,0,1,0,30.19017
D:\ML Projects\Deep Learning\Self Drive\IMG\center_2026_09_12_22_28_00_122.jpg,D:\ML Projects\Deep Learning\Self Drive\IMG\left_2026_09_12_22_28_00_122.jpg,D:\ML Projects\Deep Learning\Self Drive\IMG\right_2026_09_12_22_28_00_122.jpg,0,1,0,30.19028
D:\ML Projects\Deep Learning\Self Drive\IMG\center_2026_09_12_22_28_00_193.jpg,D:\ML Projects\Deep Learning\Self Drive\IMG\left_2026_09_12_22_28_00_193.jpg,D:\ML Projects\Deep Learning\Self Drive\IMG\right_2026_09_12_22_28_00_193.jpg,0,1,0,30.19036
D:\ML Projects\Deep Learning\Self Drive\IMG\center_2026_09_12_22_28_00_323.jpg,D:\ML Projects\Deep Learning\Self Drive\IMG\left_2026_09_12_22_28_00_323.jpg,D:\ML Projects\Deep Learning\Self Drive\IMG\right_2026_09_12_22_28_00_323.jpg,0,1,0,30.18995
D:\ML Projects\Deep Learning\Self Drive\IMG\center_2026_09_12_22_28_00_461.jpg,D:\ML Projects\Deep Learning\Self Drive\IMG\left_2026_09_12_22_28_00_461.jpg,D:\ML Projects\Deep Learning\Self Drive\IMG\right_2026_09_12_22_28_00_461.jpg,0,1,0,30.19028
D:\ML Projects\Deep Learning\Self Drive\IMG\center_2026_09_12_22_28_00_579.jpg,D:\ML Projects\Deep Learning\Self Drive\IMG\left_2026_09_12_22_28_00_579.jpg,D:\ML Projects\Deep Learning\Self Drive\IMG\right_2026_09_12_22_28_00_579.jpg,0,1,0,30.1903
D:\ML Projects\Deep Learning\Self Drive\IMG\center_2026_09_12_22_28_00_703.jpg,D:\ML Projects\Deep Learning\Self Drive\IMG\left_2026_09_12_22_28_00_703.jpg,D:\ML Projects\Deep Learning\Self Drive\IMG\right_2026_09_12_22_28_00_703.jpg,0,1,0,30.19031
D:\ML Projects\Deep Learning\Self Drive\IMG\center_2026_09_12_22_28_00_829.jpg,D:\ML Projects\Deep Learning\Self Drive\IMG\left_2026_09_12_22_28_00_829.jpg,D:\ML Projects\Deep Learning\Self Drive\IMG\right_2026_09_12_22_28_00_829.jpg,0,1,0,30.19034
D:\ML Projects\Deep Learning\Self Drive\IMG\center_2026_09_12_22_28_00_962.jpg,D:\ML Projects\Deep Learning\Self Drive\IMG\left_2026_09_12_22_28_00_962.jpg,D:\ML Projects\Deep Learning\Self Drive\IMG\right_2026_09_12_22_28_00_962.jpg,0.15,1,0,30.18424
D:\ML Projects\Deep Learning\Self Drive\IMG\center_2026_09_12_22_28_01_091.jpg,D:\ML Projects\Deep Learning\Self Drive\IMG\left_2026_09_12_22_28_01_091.jpg,D:\ML Projects\Deep Learning\Self Drive\IMG\right_2026_09_12_22_28_01_091.jpg,0,1,0,30.19031
D:\ML Projects\Deep Learning\Self Drive\IMG\center_2026_09_12_22_28_01_160.jpg,D:\ML Projects\Deep Learning\Self Drive\IMG\left_2026_09_12_22_28_01_160.jpg,D:\ML Projects\Deep Learning\Self Drive\IMG\right_2026_09_12_22_28_01_160.jpg,0,1,0,30.1903
D:\ML Projects\Deep Learning\Self Drive\IMG\center_2026_09_12_22_28_01_287.jpg,D:\ML Projects\Deep Learning\Self Drive\IMG\left_2026_09_12_22_28_01_287.jpg,D:\ML Projects\Deep Learning\Self Drive\IMG\right_2026_09_12_22_28_01_287.jpg,0,1,0,30.1903
D:\ML Projects\Deep Learning\Self Drive\IMG\center_2026_09_12_22_28_01_454.jpg,D:\ML Projects\Deep Learning\Self Drive\IMG\left_2026_09_12_22_28_01_454.jpg,D:\ML Projects\Deep Learning\Self Drive\IMG\right_2026_09_12_22_28_01_454.jpg,0,1,0,30.19032
D:\ML Projects\Deep Learning\Self Drive\IMG\center_2026_09_12_22_28_01_553.jpg,D:\ML Projects\Deep Learning\Self Drive\IMG\left_2026_09_12_22_28_01_553.jpg,D:\ML Projects\Deep Learning\Self Drive\IMG\right_2026_09_12_22_28_01_553.jpg,0,1,0,30.19027
D:\ML Projects\Deep Learning\Self Drive\IMG\center_2026_09_12_22_28_01_628.jpg,D:\ML Projects\Deep Learning\Self Drive\IMG\left_2026_09_12_22_28_01_628.jpg,D:\ML Projects\Deep Learning\Self Drive\IMG\right_2026_09_12_22_28_01_628.jpg,0,1,0,30.19029
D:\ML Projects\Deep Learning\Self Drive\IMG\center_2026_09_12_22_28_01_746.jpg,D:\ML Projects\Deep Learning\Self Drive\IMG\left_2026_09_12_22_28_01_746.jpg,D:\ML Projects\Deep Learning\Self Drive\IMG\right_2026_09_12_22_28_01_746.jpg,0,1,0,30.1903
D:\ML Projects\Deep Learning\Self Drive\IMG\center_2026_09_12_22_28_01_867.jpg,D:\ML Projects\Deep Learning\Self Drive\IMG\left_2026_09_12_22_28_01_867.jpg,D:\ML Projects\Deep Learning\Self Drive\IMG\right_2026_09_12_22_28_01_867.jpg,0,1,0,30.1903
D:\ML Projects\Deep Learning\Self Drive\IMG\center_2026_09_12_22_28_01_977.jpg,D:\ML Projects\Deep Learning\Self Drive\IMG\left_2026_09_12_22_28_01_977.jpg,D:\ML Projects\Deep Learning\Self Drive\IMG\right_2026_09_12_22_28_01_977.jpg,0,1,0,30.1903
D:\ML Projects\Deep Learning\Self Drive\IMG\center_2026_09_12_22_28_02_097.jpg,D:\ML Projects\Deep Learning\Self Drive\IMG\left_2026_09_12_22_28_02_097.jpg,D:\ML Projects\Deep Learning\Self Drive\IMG\right_2026_09_12_22_28_02_097.jpg,0,1,0,30.19028
D:\ML Projects\Deep Learning\Self Drive\IMG\center_2026_09_12_22_28_02_217.jpg,D:\ML Projects\Deep Learning\Self Drive\IMG\left_2026_09_12_22_28_02_217.jpg,D:\ML Projects\Deep Learning\Self Drive\IMG\right_2026_09_12_22_28_02_217.jpg,0,1,0,30.1903
D:\ML Projects\Deep Learning\Self Drive\IMG\center_2026_09_12_22_28_02_325.jpg,D:\ML Projects\Deep Learning\Self Drive\IMG\left_2026_09_12_22_28_02_325.jpg,D:\ML Projects\Deep Learning\Self Drive\IMG\right_2026_09_12_22_28_02_325.jpg,0,1,0,30.19029
D:\ML Projects\Deep Learning\Self Drive\IMG\center_2026_09_12_22_28_02_492.jpg,D:\ML Projects\Deep Learning\Self Drive\IMG\left_2026_09_12_22_28_02_492.jpg,D:\ML Projects\Deep Learning\Self Drive\IMG\right_2026_09_12_22_28_02_492.jpg,0,1,0,30.19032
D:\ML Projects\Deep Learning\Self Drive\IMG\center_2026_09_12_22_28_02_558.jpg,D:\ML Projects\Deep Learning\Self Drive\IMG\left_2026_09_12_22_28_02_558.jpg,D:\ML Projects\Deep Learning\Self Drive\IMG\right_2026_09_12_22_28_02_558.jpg,0,1,0,30.19037
D:\ML Projects\Deep Learning\Self Drive\IMG\center_2026_09_12_22_28_02_674.jpg,D:\ML Projects\Deep Learning\Self Drive\IMG\left_2026_09_12_22_28_02_674.jpg,D:\ML Projects\Deep Learning\Self Drive\IMG\right_2026_09_12_22_28_02_674.jpg,0,1,0,30.19031
D:\ML Projects\Deep Learning\Self Drive\IMG\center_2026_09_12_22_28_02_797.jpg,D:\ML Projects\Deep Learning\Self Drive\IMG\left_2026_09_12_22_28_02_797.jpg,D:\ML Projects\Deep Learning\Self Drive\IMG\right_2026_09_12_22_28_02_797.jpg,0,1,0,30.1903
D:\ML Projects\Deep Learning\Self Drive\IMG\center_2026_09_12_22_28_02_914.jpg,D:\ML Projects\Deep Learning\Self Drive\IMG\left_2026_09_12_22_28_02_914.jpg,D:\ML Projects\Deep Learning\Self Drive\IMG\right_2026_09_12_22_28_02_914.jpg,0,1,0,30.19028
D:\ML Projects\Deep Learning\Self Drive\IMG\center_2026_09_12_22_28_03_029.jpg,D:\ML Projects\Deep Learning\Self Drive\IMG\left_2026_09_12_22_28_03_029.jpg,D:\ML Projects\Deep Learning\Self Drive\IMG\right_2026_09_12_22_28_03_029.jpg,0,1,0,30.19027
D:\ML Projects\Deep Learning\Self Drive\IMG\center_2026_09_12_22_28_03_158.jpg,D:\ML Projects\Deep Learning\Self Drive\IMG\left_2026_09_12_22_28_03_158.jpg,D:\ML Projects\Deep Learning\Self Drive\IMG\right_2026_09_12_22_28_03_158.jpg,0,1,0,30.19028
D:\ML Projects\Deep Learning\Self Drive\IMG\center_2026_09_12_22_28_03_270.jpg,D:\ML Projects\Deep Learning\Self Drive\IMG\left_2026_09_12_22_28_03_270.jpg,D:\ML Projects\Deep Learning\Self Drive\IMG\right_2026_09_12_22_28_03_270.jpg,0,1,0,30.19028
D:\ML Projects\Deep Learning\Self Drive\IMG\center_2026_09_12_22_28_03_386.jpg,D:\ML Projects\Deep Learning\Self Drive\IMG\left_2026_09_12_22_28_03_386.jpg,D:\ML Projects\Deep Learning\Self Drive\IMG\right_2026_09_12_22_28_03_386.jpg,-0.3,1,0,30.16924
D:\ML Projects\Deep Learning\Self Drive\IMG\center_2026_09_12_22_28_03_459.jpg,D:\ML Projects\Deep Learning\Self Drive\IMG\left_2026_09_12_22_28_03_459.jpg,D:\ML Projects\Deep Learning\Self Drive\IMG\right_2026_09_12_22_28_03_459.jpg,0,1,0,30.18989
D:\ML Projects\Deep Learning\Self Drive\IMG\center_2026_09_12_22_28_03_539.jpg,D:\ML Projects\Deep Learning\Self Drive\IMG\left_2026_09_12_22_28_03_539.jpg,D:\ML Projects\Deep Learning\Self Drive\IMG\right_2026_09_12_22_28_03_539.jpg,0,1,0,30.19016
D:\ML Projects\Deep Learning\Self Drive\IMG\center_2026_09_12_22_28_03_658.jpg,D:\ML Projects\Deep Learning\Self Drive\IMG\left_2026_09_12_22_28_03_658.jpg,D:\ML Projects\Deep Learning\Self Drive\IMG\right_2026_09_12_22_28_03_658.jpg,0,1,0,30.1903
D:\ML Projects\Deep Learning\Self Drive\IMG\center_2026_09_12_22_28_03_779.jpg,D:\ML Projects\Deep Learning\Self Drive\IMG\left_2026_09_12_22_28_03_779.jpg,D:\ML Projects\Deep Learning\Self Drive\IMG\right_2026_09_12_22_28_03_779.jpg,-0.15,1,0,30.1846
D:\ML Projects\Deep Learning\Self Drive\IMG\center_2026_09_12_22_28_03_905.jpg,D:\ML Projects\Deep Learning\Self Drive\IMG\left_2026_09_12_22_28_03_905.jpg,D:\ML Projects\Deep Learning\Self Drive\IMG\right_2026_09_12_22_28_03_905.jpg,0,1,0,30.18884
D:\ML Projects\Deep Learning\Self Drive\IMG\center_2026_09_12_22_28_04_026.jpg,D:\ML Projects\Deep Learning\Self Drive\IMG\left_2026_09_12_22_28_04_026.jpg,D:\ML Projects\Deep Learning\Self Drive\IMG\right_2026_09_12_22_28_04_026.jpg,0,1,0,30.19004
D:\ML Projects\Deep Learning\Self Drive\IMG\center_2026_09_12_22_28_04_148.jpg,D:\ML Projects\Deep Learning\Self Drive\IMG\left_2026_09_12_22_28_04_148.jpg,D:\ML Projects\Deep Learning\Self Drive\IMG\right_2026_09_12_22_28_04_148.jpg,0,1,0,30.19027
D:\ML Projects\Deep Learning\Self Drive\IMG\center_2026_09_12_22_28_04_271.jpg,D:\ML Projects\Deep Learning\Self Drive\IMG\left_2026_09_12_22_28_04_271.jpg,D:\ML Projects\Deep Learning\Self Drive\IMG\right_2026_09_12_22_28_04_271.jpg,-0.3,1,0,30.16981
D:\ML Projects\Deep Learning\Self Drive\IMG\center_2026_09_12_22_28_04_398.jpg,D:\ML Projects\Deep Learning\Self Drive\IMG\left_2026_09_12_22_28_04_398.jpg,D:\ML Projects\Deep Learning\Self Drive\IMG\right_2026_09_12_22_28_04_398.jpg,0,1,0,30.18551
D:\ML Projects\Deep Learning\Self Drive\IMG\center_2026_09_12_22_28_04_486.jpg,D:\ML Projects\Deep Learning\Self Drive\IMG\left_2026_09_12_22_28_04_486.jpg,D:\ML Projects\Deep Learning\Self Drive\IMG\right_2026_09_12_22_28_04_486.jpg,0,1,0,30.1894
D:\ML Projects\Deep Learning\Self Drive\IMG\center_2026_09_12_22_28_04_557.jpg,D:\ML Projects\Deep Learning\Self Drive\IMG\left_2026_09_12_22_28_04_557.jpg,D:\ML Projects\Deep Learning\Self Drive\IMG\right_2026_09_12_22_28_04_557.jpg,-0.2,1,0,30.18408
D:\ML Projects\Deep Learning\Self Drive\IMG\center_2026_09_12_22_28_04_695.jpg,D:\ML Projects\Deep Learning\Self Drive\IMG\left_2026_09_12_22_28_04_695.jpg,D:\ML Projects\Deep Learning\Self Drive\IMG\right_2026_09_12_22_28_04_695.jpg,0,1,0,30.18929
D:\ML Projects\Deep Learning\Self Drive\IMG\center_2026_09_12_22_28_04_827.jpg,D:\ML Projects\Deep Learning\Self Drive\IMG\left_2026_09_12_22_28_04_827.jpg,D:\ML Projects\Deep Learning\Self Drive\IMG\right_2026_09_12_22_28_04_827.jpg,0,1,0,30.18978
D:\ML Projects\Deep Learning\Self Drive\IMG\center_2026_09_12_22_28_04_960.jpg,D:\ML Projects\Deep Learning\Self Drive\IMG\left_2026_09_12_22_28_04_960.jpg,D:\ML Projects\Deep Learning\Self Drive\IMG\right_2026_09_12_22_28_04_960.jpg,0,1,0,30.18973
D:\ML Projects\Deep Learning\Self Drive\IMG\center_2026_09_12_22_28_05_095.jpg,D:\ML Projects\Deep Learning\Self Drive\IMG\left_2026_09_12_22_28_05_095.jpg,D:\ML Projects\Deep Learning\Self Drive\IMG\right_2026_09_12_22_28_05_095.jpg,0,1,0,30.19011
D:\ML Projects\Deep Learning\Self Drive\IMG\center_2026_09_12_22_28_05_166.jpg,D:\ML Projects\Deep Learning\Self Drive\IMG\left_2026_09_12_22_28_05_166.jpg,D:\ML Projects\Deep Learning\Self Drive\IMG\right_2026_09_12_22_28_05_166.jpg,0,1,0,30.1901
D:\ML Projects\Deep Learning\Self Drive\IMG\center_2026_09_12_22_28_05_295.jpg,D:\ML Projects\Deep Learning\Self Drive\IMG\left_2026_09_12_22_28_05_295.jpg,D:\ML Projects\Deep Learning\Self Drive\IMG\right_2026_09_12_22_28_05_295.jpg,0,1,0,30.19033
D:\ML Projects\Deep Learning\Self Drive\IMG\center_2026_09_12_22_28_05_480.jpg,D:\ML Projects\Deep Learning\Self Drive\IMG\left_2026_09_12_22_28_05_480.jpg,D:\ML Projects\Deep Learning\Self Drive\IMG\right_2026_09_12_22_28_05_480.jpg,-0.35,1,0,30.16276
D:\ML Projects\Deep Learning\Self Drive\IMG\center_2026_09_12_22_28_05_602.jpg,D:\ML Projects\Deep Learning\Self Drive\IMG\left_2026_09_12_22_28_05_602.jpg,D:\ML Projects\Deep Learning\Self Drive\IMG\right_2026_09_12_22_28_05_602.jpg,0,1,0,30.18575
D:\ML Projects\Deep Learning\Self Drive\IMG\center_2026_09_12_22_28_05_722.jpg,D:\ML Projects\Deep Learning\Self Drive\IMG\left_2026_09_12_22_28_05_722.jpg,D:\ML Projects\Deep Learning\Self Drive\IMG\right_2026_09_12_22_28_05_722.jpg,0,1,0,30.18925
D:\ML Projects\Deep Learning\Self Drive\IMG\center_2026_09_12_22_28_05_843.jpg,D:\ML Projects\Deep Learning\Self Drive\IMG\left_2026_09_12_22_28_05_843.jpg,D:\ML Projects\Deep Learning\Self Drive\IMG\right_2026_09_12_22_28_05_843.jpg,-0.3,1,0,30.172
D:\ML Projects\Deep Learning\Self Drive\IMG\center_2026_09_12_22_28_05_960.jpg,D:\ML Projects\Deep Learning\Self Drive\IMG\left_2026_09_12_22_28_05_960.jpg,D:\ML Projects\Deep Learning\Self Drive\IMG\right_2026_09_12_22_28_05_960.jpg,0,1,0,30.18984
D:\ML Projects\Deep Learning\Self Drive\IMG\center_2026_09_12_22_28_06_075.jpg,D:\ML Projects\Deep Learning\Self Drive\IMG\left_2026_09_12_22_28_06_075.jpg,D:\ML Projects\Deep Learning\Self Drive\IMG\right_2026_09_12_22_28_06_075.jpg,0,1,0,30.19091
D:\ML Projects\Deep Learning\Self Drive\IMG\center_2026_09_12_22_28_06_200.jpg,D:\ML Projects\Deep Learning\Self Drive\IMG\left_2026_09_12_22_28_06_200.jpg,D:\ML Projects\Deep Learning\Self Drive\IMG\right_2026_09_12_22_28_06_200.jpg,-0.3,1,0,30.16982
D:\ML Projects\Deep Learning\Self Drive\IMG\center_2026_09_12_22_28_06_322.jpg,D:\ML Projects\Deep Learning\Self Drive\IMG\left_2026_09_12_22_28_06_322.jpg,D:\ML Projects\Deep Learning\Self Drive\IMG\right_2026_09_12_22_28_06_322.jpg,0,1,0,30.18729
D:\ML Projects\Deep Learning\Self Drive\IMG\center_2026_09_12_22_28_06_390.jpg,D:\ML Projects\Deep Learning\Self Drive\IMG\left_2026_09_12_22_28_06_390.jpg,D:\ML Projects\Deep Learning\Self Drive\IMG\right_2026_09_12_22_28_06_390.jpg,-0.15,1,0,30.18935
D:\ML Projects\Deep Learning\Self Drive\IMG\center_2026_09_12_22_28_06_494.jpg,D:\ML Projects\Deep Learning\Self Drive\IMG\left_2026_09_12_22_28_06_494.jpg,D:\ML Projects\Deep Learning\Self Drive\IMG\right_2026_09_12_22_28_06_494.jpg,-0.4,1,0,30.16332
D:\ML Projects\Deep Learning\Self Drive\IMG\center_2026_09_12_22_28_06_616.jpg,D:\ML Projects\Deep Learning\Self Drive\IMG\left_2026_09_12_22_28_06_616.jpg,D:\ML Projects\Deep Learning\Self Drive\IMG\right_2026_09_12_22_28_06_616.jpg,0,1,0,30.18661
D:\ML Projects\Deep Learning\Self Drive\IMG\center_2026_09_12_22_28_06_744.jpg,D:\ML Projects\Deep Learning\Self Drive\IMG\left_2026_09_12_22_28_06_744.jpg,D:\ML Projects\Deep Learning\Self Drive\IMG\right_2026_09_12_22_28_06_744.jpg,-0.3,1,0,30.17669
D:\ML Projects\Deep Learning\Self Drive\IMG\center_2026_09_12_22_28_06_817.jpg,D:\ML Projects\Deep Learning\Self Drive\IMG\left_2026_09_12_22_28_06_817.jpg,D:\ML Projects\Deep Learning\Self Drive\IMG\right_2026_09_12_22_28_06_817.jpg,0,1,0,30.18991
D:\ML Projects\Deep Learning\Self Drive\IMG\center_2026_09_12_22_28_06_888.jpg,D:\ML Projects\Deep Learning\Self Drive\IMG\left_2026_09_12_22_28_06_888.jpg,D:\ML Projects\Deep Learning\Self Drive\IMG\right_2026_09_12_22_28_06_888.jpg,0,1,0,30.19026
D:\ML Projects\Deep Learning\Self Drive\IMG\center_2026_09_12_22_28_06_959.jpg,D:\ML Projects\Deep Learning\Self Drive\IMG\left_2026_09_12_22_28_06_959.jpg,D:\ML Projects\Deep Learning\Self Drive\IMG\right_2026_09_12_22_28_06_959.jpg,-0.2,1,0,30.18241
D:\ML Projects\Deep Learning\Self Drive\IMG\center_2026_09_12_22_28_07_030.jpg,D:\ML Projects\Deep Learning\Self Drive\IMG\left_2026_09_12_22_28_07_030.jpg,D:\ML Projects\Deep Learning\Self Drive\IMG\right_2026_09_12_22_28_07_030.jpg,-0.35,1,0,30.16686
D:\ML Projects\Deep Learning\Self Drive\IMG\center_2026_09_12_22_28_07_101.jpg,D:\ML Projects\Deep Learning\Self Drive\IMG\left_2026_09_12_22_28_07_101.jpg,D:\ML Projects\Deep Learning\Self Drive\IMG\right_2026_09_12_22_28_07_101.jpg,-0.5500001,1,0,30.14063
D:\ML Projects\Deep Learning\Self Drive\IMG\center_2026_09_12_22_28_07_177.jpg,D:\ML Projects\Deep Learning\Self Drive\IMG\left_2026_09_12_22_28_07_177.jpg,D:\ML Projects\Deep Learning\Self Drive\IMG\right_2026_09_12_22_28_07_177.jpg,0,1,0,30.18701
D:\ML Projects\Deep Learning\Self Drive\IMG\center_2026_09_12_22_28_07_250.jpg,D:\ML Projects\Deep Learning\Self Drive\IMG\left_2026_09_12_22_28_07_250.jpg,D:\ML Projects\Deep Learning\Self Drive\IMG\right_2026_09_12_22_28_07_250.jpg,-0.15,1,0,30.19163
D:\ML Projects\Deep Learning\Self Drive\IMG\center_2026_09_12_22_28_07_320.jpg,D:\ML Projects\Deep Learning\Self Drive\IMG\left_2026_09_12_22_28_07_320.jpg,D:\ML Projects\Deep Learning\Self Drive\IMG\right_2026_09_12_22_28_07_320.jpg,-0.35,1,0,30.17121
D:\ML Projects\Deep Learning\Self Drive\IMG\center_2026_09_12_22_28_07_394.jpg,D:\ML Projects\Deep Learning\Self Drive\IMG\left_2026_09_12_22_28_07_394.jpg,D:\ML Projects\Deep Learning\Self Drive\IMG\right_2026_09_12_22_28_07_394.jpg,0,1,0,30.18906
D:\ML Projects\Deep Learning\Self Drive\IMG\center_2026_09_12_22_28_07_475.jpg,D:\ML Projects\Deep Learning\Self Drive\IMG\left_2026_09_12_22_28_07_475.jpg,D:\ML Projects\Deep Learning\Self Drive\IMG\right_2026_09_12_22_28_07_475.jpg,-0.2,1,0,30.18455
D:\ML Projects\Deep Learning\Self Drive\IMG\center_2026_09_12_22_28_07_547.jpg,D:\ML Projects\Deep Learning\Self Drive\IMG\left_2026_09_12_22_28_07_547.jpg,D:\ML Projects\Deep Learning\Self Drive\IMG\right_2026_09_12_22_28_07_547.jpg,-0.35,1,0,30.1686
D:\ML Projects\Deep Learning\Self Drive\IMG\center_2026_09_12_22_28_07_620.jpg,D:\ML Projects\Deep Learning\Self Drive\IMG\left_2026_09_12_22_28_07_620.jpg,D:\ML Projects\Deep Learning\Self Drive\IMG\right_2026_09_12_22_28_07_620.jpg,-0.5500001,1,0,30.14224
D:\ML Projects\Deep Learning\Self Drive\IMG\center_2026_09_12_22_28_07_697.jpg,D:\ML Projects\Deep Learning\Self Drive\IMG\left_2026_09_12_22_28_07_697.jpg,D:\ML Projects\Deep Learning\Self Drive\IMG\right_2026_09_12_22_28_07_697.jpg,0,1,0,30.18624
D:\ML Projects\Deep Learning\Self Drive\IMG\center_2026_09_12_22_28_07_770.jpg,D:\ML Projects\Deep Learning\Self Drive\IMG\left_2026_09_12_22_28_07_770.jpg,D:\ML Projects\Deep Learning\Self Drive\IMG\right_2026_09_12_22_28_07_770.jpg,0,1,0,30.18919
D:\ML Projects\Deep Learning\Self Drive\IMG\center_2026_09_12_22_28_07_850.jpg,D:\ML Projects\Deep Learning\Self Drive\IMG\left_2026_09_12_22_28_07_850.jpg,D:\ML Projects\Deep Learning\Self Drive\IMG\right_2026_09_12_22_28_07_850.jpg,-0.2,1,0,30.18405
D:\ML Projects\Deep Learning\Self Drive\IMG\center_2026_09_12_22_28_07_917.jpg,D:\ML Projects\Deep Learning\Self Drive\IMG\left_2026_09_12_22_28_07_917.jpg,D:\ML Projects\Deep Learning\Self Drive\IMG\right_2026_09_12_22_28_07_917.jpg,-0.4,1,0,30.16078
D:\ML Projects\Deep Learning\Self Drive\IMG\center_2026_09_12_22_28_07_989.jpg,D:\ML Projects\Deep Learning\Self Drive\IMG\left_2026_09_12_22_28_07_989.jpg,D:\ML Projects\Deep Learning\Self Drive\IMG\right_2026_09_12_22_28_07_989.jpg,0,1,0,30.18794
D:\ML Projects\Deep Learning\Self Drive\IMG\center_2026_09_12_22_28_08_065.jpg,D:\ML Projects\Deep Learning\Self Drive\IMG\left_2026_09_12_22_28_08_065.jpg,D:\ML Projects\Deep Learning\Self Drive\IMG\right_2026_09_12_22_28_08_065.jpg,-0.2,1,0,30.18668
D:\ML Projects\Deep Learning\Self Drive\IMG\center_2026_09_12_22_28_08_162.jpg,D:\ML Projects\Deep Learning\Self Drive\IMG\left_2026_09_12_22_28_08_162.jpg,D:\ML Projects\Deep Learning\Self Drive\IMG\right_2026_09_12_22_28_08_162.jpg,-0.45,1,0,30.1565
D:\ML Projects\Deep Learning\Self Drive\IMG\center_2026_09_12_22_28_08_245.jpg,D:\ML Projects\Deep Learning\Self Drive\IMG\left_2026_09_12_22_28_08_245.jpg,D:\ML Projects\Deep Learning\Self Drive\IMG\right_2026_09_12_22_28_08_245.jpg,0,1,0,30.18816
D:\ML Projects\Deep Learning\Self Drive\IMG\center_2026_09_12_22_28_08_342.jpg,D:\ML Projects\Deep Learning\Self Drive\IMG\left_2026_09_12_22_28_08_342.jpg,D:\ML Projects\Deep Learning\Self Drive\IMG\right_2026_09_12_22_28_08_342.jpg,-0.25,1,0,30.18142
D:\ML Projects\Deep Learning\Self Drive\IMG\center_2026_09_12_22_28_08_413.jpg,D:\ML Projects\Deep Learning\Self Drive\IMG\left_2026_09_12_22_28_08_413.jpg,D:\ML Projects\Deep Learning\Self Drive\IMG\right_2026_09_12_22_28_08_413.jpg,-0.4,1,0,30.16335
D:\ML Projects\Deep Learning\Self Drive\IMG\center_2026_09_12_22_28_08_512.jpg,D:\ML Projects\Deep Learning\Self Drive\IMG\left_2026_09_12_22_28_08_512.jpg,D:\ML Projects\Deep Learning\Self Drive\IMG\right_2026_09_12_22_28_08_512.jpg,0,1,0,30.18923
D:\ML Projects\Deep Learning\Self Drive\IMG\center_2026_09_12_22_28_08_589.jpg,D:\ML Projects\Deep Learning\Self Drive\IMG\left_2026_09_12_22_28_08_589.jpg,D:\ML Projects\Deep Learning\Self Drive\IMG\right_2026_09_12_22_28_08_589.jpg,-0.2,1,0,30.18466
D:\ML Projects\Deep Learning\Self Drive\IMG\center_2026_09_12_22_28_08_666.jpg,D:\ML Projects\Deep Learning\Self Drive\IMG\left_2026_09_12_22_28_08_666.jpg,D:\ML Projects\Deep Learning\Self Drive\IMG\right_2026_09_12_22_28_08_666.jpg,-0.4,1,0,30.16183
D:\ML Projects\Deep Learning\Self Drive\IMG\center_2026_09_12_22_28_08_762.jpg,D:\ML Projects\Deep Learning\Self Drive\IMG\left_2026_09_12_22_28_08_762.jpg,D:\ML Projects\Deep Learning\Self Drive\IMG\right_2026_09_12_22_28_08_762.jpg,0,1,0,30.18923
D:\ML Projects\Deep Learning\Self Drive\IMG\center_2026_09_12_22_28_08_846.jpg,D:\ML Projects\Deep Learning\Self Drive\IMG\left_2026_09_12_22_28_08_846.jpg,D:\ML Projects\Deep Learning\Self Drive\IMG\right_2026_09_12_22_28_08_846.jpg,-0.2,1,0,30.18444
D:\ML Projects\Deep Learning\Self Drive\IMG\center_2026_09_12_22_28_08_922.jpg,D:\ML Projects\Deep Learning\Self Drive\IMG\left_2026_09_12_22_28_08_922.jpg,D:\ML Projects\Deep Learning\Self Drive\IMG\right_2026_09_12_22_28_08_922.jpg,-0.4,1,0,30.162
D:\ML Projects\Deep Learning\Self Drive\IMG\center_2026_09_12_22_28_08_996.jpg,D:\ML Projects\Deep Learning\Self Drive\IMG\left_2026_09_12_22_28_08_996.jpg,D:\ML Projects\Deep Learning\Self Drive\IMG\right_2026_09_12_22_28_08_996.jpg,-0.6000001,1,0,30.13584
D:\ML Projects\Deep Learning\Self Drive\IMG\center_2026_09_12_22_28_09_078.jpg,D:\ML Projects\Deep Learning\Self Drive\IMG\left_2026_09_12_22_28_09_078.jpg,D:\ML Projects\Deep Learning\Self Drive\IMG\right_2026_09_12_22_28_09_078.jpg,0,1,0,30.18511
D:\ML Projects\Deep Learning\Self Drive\IMG\center_2026_09_12_22_28_09_163.jpg,D:\ML Projects\Deep Learning\Self Drive\IMG\left_2026_09_12_22_28_09_163.jpg,D:\ML Projects\Deep Learning\Self Drive\IMG\right_2026_09_12_22_28_09_163.jpg,-0.2,1,0,30.18822
D:\ML Projects\Deep Learning\Self Drive\IMG\center_2026_09_12_22_28_09_243.jpg,D:\ML Projects\Deep Learning\Self Drive\IMG\left_2026_09_12_22_28_09_243.jpg,D:\ML Projects\Deep Learning\Self Drive\IMG\right_2026_09_12_22_28_09_243.jpg,0,1,0,30.18953
D:\ML Projects\Deep Learning\Self Drive\IMG\center_2026_09_12_22_28_09_311.jpg,D:\ML Projects\Deep Learning\Self Drive\IMG\left_2026_09_12_22_28_09_311.jpg,D:\ML Projects\Deep Learning\Self Drive\IMG\right_2026_09_12_22_28_09_311.jpg,-0.15,1,0,30.18761
D:\ML Projects\Deep Learning\Self Drive\IMG\center_2026_09_12_22_28_09_382.jpg,D:\ML Projects\Deep Learning\Self Drive\IMG\left_2026_09_12_22_28_09_382.jpg,D:\ML Projects\Deep Learning\Self Drive\IMG\right_2026_09_12_22_28_09_382.jpg,-0.35,1,0,30.16767
D:\ML Projects\Deep Learning\Self Drive\IMG\center_2026_09_12_22_28_09_459.jpg,D:\ML Projects\Deep Learning\Self Drive\IMG\left_2026_09_12_22_28_09_459.jpg,D:\ML Projects\Deep Learning\Self Drive\IMG\right_2026_09_12_22_28_09_459.jpg,0,1,0,30.18948
D:\ML Projects\Deep Learning\Self Drive\IMG\center_2026_09_12_22_28_09_536.jpg,D:\ML Projects\Deep Learning\Self Drive\IMG\left_2026_09_12_22_28_09_536.jpg,D:\ML Projects\Deep Learning\Self Drive\IMG\right_2026_09_12_22_28_09_536.jpg,0,1,0,30.19016
D:\ML Projects\Deep Learning\Self Drive\IMG\center_2026_09_12_22_28_09_643.jpg,D:\ML Projects\Deep Learning\Self Drive\IMG\left_2026_09_12_22_28_09_643.jpg,D:\ML Projects\Deep Learning\Self Drive\IMG\right_2026_09_12_22_28_09_643.jpg,0,1,0,30.1904
D:\ML Projects\Deep Learning\Self Drive\IMG\center_2026_09_12_22_28_09_723.jpg,D:\ML Projects\Deep Learning\Self Drive\IMG\left_2026_09_12_22_28_09_723.jpg,D:\ML Projects\Deep Learning\Self Drive\IMG\right_2026_09_12_22_28_09_723.jpg,0,1,0,30.19032
D:\ML Projects\Deep Learning\Self Drive\IMG\center_2026_09_12_22_28_09_795.jpg,D:\ML Projects\Deep Learning\Self Drive\IMG\left_2026_09_12_22_28_09_795.jpg,D:\ML Projects\Deep Learning\Self Drive\IMG\right_2026_09_12_22_28_09_795.jpg,-0.2,1,0,30.18024
D:\ML Projects\Deep Learning\Self Drive\IMG\center_2026_09_12_22_28_09_920.jpg,D:\ML Projects\Deep Learning\Self Drive\IMG\left_2026_09_12_22_28_09_920.jpg,D:\ML Projects\Deep Learning\Self Drive\IMG\right_2026_09_12_22_28_09_920.jpg,0,1,0,30.18837
D:\ML Projects\Deep Learning\Self Drive\IMG\center_2026_09_12_22_28_10_042.jpg,D:\ML Projects\Deep Learning\Self Drive\IMG\left_2026_09_12_22_28_10_042.jpg,D:\ML Projects\Deep Learning\Self Drive\IMG\right_2026_09_12_22_28_10_042.jpg,-0.15,1,0,30.18678
D:\ML Projects\Deep Learning\Self Drive\IMG\center_2026_09_12_22_28_10_185.jpg,D:\ML Projects\Deep Learning\Self Drive\IMG\left_2026_09_12_22_28_10_185.jpg,D:\ML Projects\Deep Learning\Self Drive\IMG\right_2026_09_12_22_28_10_185.jpg,0,1,0,30.1896
D:\ML Projects\Deep Learning\Self Drive\IMG\center_2026_09_12_22_28_10_318.jpg,D:\ML Projects\Deep Learning\Self Drive\IMG\left_2026_09_12_22_28_10_318.jpg,D:\ML Projects\Deep Learning\Self Drive\IMG\right_2026_09_12_22_28_10_318.jpg,-0.2,1,0,30.18216
D:\ML Projects\Deep Learning\Self Drive\IMG\center_2026_09_12_22_28_10_388.jpg,D:\ML Projects\Deep Learning\Self Drive\IMG\left_2026_09_12_22_28_10_388.jpg,D:\ML Projects\Deep Learning\Self Drive\IMG\right_2026_09_12_22_28_10_388.jpg,-0.35,1,0,30.16484
D:\ML Projects\Deep Learning\Self Drive\IMG\center_2026_09_12_22_28_10_469.jpg,D:\ML Projects\Deep Learning\Self Drive\IMG\left_2026_09_12_22_28_10_469.jpg,D:\ML Projects\Deep Learning\Self Drive\IMG\right_2026_09_12_22_28_10_469.jpg,0,1,0,30.18949
D:\ML Projects\Deep Learning\Self Drive\IMG\center_2026_09_12_22_28_10_549.jpg,D:\ML Projects\Deep Learning\Self Drive\IMG\left_2026_09_12_22_28_10_549.jpg,D:\ML Projects\Deep Learning\Self Drive\IMG\right_2026_09_12_22_28_10_549.jpg,0,1,0,30.19011
D:\ML Projects\Deep Learning\Self Drive\IMG\center_2026_09_12_22_28_10_633.jpg,D:\ML Projects\Deep Learning\Self Drive\IMG\left_2026_09_12_22_28_10_633.jpg,D:\ML Projects\Deep Learning\Self Drive\IMG\right_2026_09_12_22_28_10_633.jpg,-0.2,1,0,30.18215
D:\ML Projects\Deep Learning\Self Drive\IMG\center_2026_09_12_22_28_10_714.jpg,D:\ML Projects\Deep Learning\Self Drive\IMG\left_2026_09_12_22_28_10_714.jpg,D:\ML Projects\Deep Learning\Self Drive\IMG\right_2026_09_12_22_28_10_714.jpg,0,1,0,30.19015
D:\ML Projects\Deep Learning\Self Drive\IMG\center_2026_09_12_22_28_10_789.jpg,D:\ML Projects\Deep Learning\Self Drive\IMG\left_2026_09_12_22_28_10_789.jpg,D:\ML Projects\Deep Learning\Self Drive\IMG\right_2026_09_12_22_28_10_789.jpg,-0.15,1,0,30.18589
D:\ML Projects\Deep Learning\Self Drive\IMG\center_2026_09_12_22_28_10_867.jpg,D:\ML Projects\Deep Learning\Self Drive\IMG\left_2026_09_12_22_28_10_867.jpg,D:\ML Projects\Deep Learning\Self Drive\IMG\right_2026_09_12_22_28_10_867.jpg,-0.35,1,0,30.16521
D:\ML Projects\Deep Learning\Self Drive\IMG\center_2026_09_12_22_28_10_949.jpg,D:\ML Projects\Deep Learning\Self Drive\IMG\left_2026_09_12_22_28_10_949.jpg,D:\ML Projects\Deep Learning\Self Drive\IMG\right_2026_09_12_22_28_10_949.jpg,0,1,0,30.18948
D:\ML Projects\Deep Learning\Self Drive\IMG\center_2026_09_12_22_28_11_029.jpg,D:\ML Projects\Deep Learning\Self Drive\IMG\left_2026_09_12_22_28_11_029.jpg,D:\ML Projects\Deep Learning\Self Drive\IMG\right_2026_09_12_22_28_11_029.jpg,0,1,0,30.1904
D:\ML Projects\Deep Learning\Self Drive\IMG\center_2026_09_12_22_28_11_117.jpg,D:\ML Projects\Deep Learning\Self Drive\IMG\left_2026_09_12_22_28_11_117.jpg,D:\ML Projects\Deep Learning\Self Drive\IMG\right_2026_09_12_22_28_11_117.jpg,0,1,0,30.19031
D:\ML Projects\Deep Learning\Self Drive\IMG\center_2026_09_12_22_28_11_221.jpg,D:\ML Projects\Deep Learning\Self Drive\IMG\left_2026_09_12_22_28_11_221.jpg,D:\ML Projects\Deep Learning\Self Drive\IMG\right_2026_09_12_22_28_11_221.jpg,-0.25,1,0,30.17527
D:\ML Projects\Deep Learning\Self Drive\IMG\center_2026_09_12_22_28_11_323.jpg,D:\ML Projects\Deep Learning\Self Drive\IMG\left_2026_09_12_22_28_11_323.jpg,D:\ML Projects\Deep Learning\Self Drive\IMG\right_2026_09_12_22_28_11_323.jpg,-0.5000001,1,0,30.146
D:\ML Projects\Deep Learning\Self Drive\IMG\center_2026_09_12_22_28_11_424.jpg,D:\ML Projects\Deep Learning\Self Drive\IMG\left_2026_09_12_22_28_11_424.jpg,D:\ML Projects\Deep Learning\Self Drive\IMG\right_2026_09_12_22_28_11_424.jpg,0,1,0,30.18835
D:\ML Projects\Deep Learning\Self Drive\IMG\center_2026_09_12_22_28_11_541.jpg,D:\ML Projects\Deep Learning\Self Drive\IMG\left_2026_09_12_22_28_11_541.jpg,D:\ML Projects\Deep Learning\Self Drive\IMG\right_2026_09_12_22_28_11_541.jpg,0,1,0,30.19016
D:\ML Projects\Deep Learning\Self Drive\IMG\center_2026_09_12_22_28_11_636.jpg,D:\ML Projects\Deep Learning\Self Drive\IMG\left_2026_09_12_22_28_11_636.jpg,D:\ML Projects\Deep Learning\Self Drive\IMG\right_2026_09_12_22_28_11_636.jpg,0,1,0,30.19029
D:\ML Projects\Deep Learning\Self Drive\IMG\center_2026_09_12_22_28_11_731.jpg,D:\ML Projects\Deep Learning\Self Drive\IMG\left_2026_09_12_22_28_11_731.jpg,D:\ML Projects\Deep Learning\Self Drive\IMG\right_2026_09_12_22_28_11_731.jpg,-0.2,1,0,30.18075
D:\ML Projects\Deep Learning\Self Drive\IMG\center_2026_09_12_22_28_11_821.jpg,D:\ML Projects\Deep Learning\Self Drive\IMG\left_2026_09_12_22_28_11_821.jpg,D:\ML Projects\Deep Learning\Self Drive\IMG\right_2026_09_12_22_28_11_821.jpg,0,1,0,30.19018
D:\ML Projects\Deep Learning\Self Drive\IMG\center_2026_09_12_22_28_11_910.jpg,D:\ML Projects\Deep Learning\Self Drive\IMG\left_2026_09_12_22_28_11_910.jpg,D:\ML Projects\Deep Learning\Self Drive\IMG\right_2026_09_12_22_28_11_910.jpg,0,1,0,30.19044
D:\ML Projects\Deep Learning\Self Drive\IMG\center_2026_09_12_22_28_11_991.jpg,D:\ML Projects\Deep Learning\Self Drive\IMG\left_2026_09_12_22_28_11_991.jpg,D:\ML Projects\Deep Learning\Self Drive\IMG\right_2026_09_12_22_28_11_991.jpg,0,1,0,30.19029
D:\ML Projects\Deep Learning\Self Drive\IMG\center_2026_09_12_22_28_12_086.jpg,D:\ML Projects\Deep Learning\Self Drive\IMG\left_2026_09_12_22_28_12_086.jpg,D:\ML Projects\Deep Learning\Self Drive\IMG\right_2026_09_12_22_28_12_086.jpg,0,1,0,30.19065
D:\ML Projects\Deep Learning\Self Drive\IMG\center_2026_09_12_22_28_12_175.jpg,D:\ML Projects\Deep Learning\Self Drive\IMG\left_2026_09_12_22_28_12_175.jpg,D:\ML Projects\Deep Learning\Self Drive\IMG\right_2026_09_12_22_28_12_175.jpg,0,1,0,30.19033
D:\ML Projects\Deep Learning\Self Drive\IMG\center_2026_09_12_22_28_12_260.jpg,D:\ML Projects\Deep Learning\Self Drive\IMG\left_2026_09_12_22_28_12_260.jpg,D:\ML Projects\Deep Learning\Self Drive\IMG\right_2026_09_12_22_28_12_260.jpg,-0.2,1,0,30.17986
D:\ML Projects\Deep Learning\Self Drive\IMG\center_2026_09_12_22_28_12_356.jpg,D:\ML Projects\Deep Learning\Self Drive\IMG\left_2026_09_12_22_28_12_356.jpg,D:\ML Projects\Deep Learning\Self Drive\IMG\right_2026_09_12_22_28_12_356.jpg,-0.45,1,0,30.1515
D:\ML Projects\Deep Learning\Self Drive\IMG\center_2026_09_12_22_28_12_440.jpg,D:\ML Projects\Deep Learning\Self Drive\IMG\left_2026_09_12_22_28_12_440.jpg,D:\ML Projects\Deep Learning\Self Drive\IMG\right_2026_09_12_22_28_12_440.jpg,0,1,0,30.18835
D:\ML Projects\Deep Learning\Self Drive\IMG\center_2026_09_12_22_28_12_519.jpg,D:\ML Projects\Deep Learning\Self Drive\IMG\left_2026_09_12_22_28_12_519.jpg,D:\ML Projects\Deep Learning\Self Drive\IMG\right_2026_09_12_22_28_12_519.jpg,0,1,0,30.18991
D:\ML Projects\Deep Learning\Self Drive\IMG\center_2026_09_12_22_28_12_636.jpg,D:\ML Projects\Deep Learning\Self Drive\IMG\left_2026_09_12_22_28_12_636.jpg,D:\ML Projects\Deep Learning\Self Drive\IMG\right_2026_09_12_22_28_12_636.jpg,0,1,0,30.19027
D:\ML Projects\Deep Learning\Self Drive\IMG\center_2026_09_12_22_28_12_767.jpg,D:\ML Projects\Deep Learning\Self Drive\IMG\left_2026_09_12_22_28_12_767.jpg,D:\ML Projects\Deep Learning\Self Drive\IMG\right_2026_09_12_22_28_12_767.jpg,0,1,0,30.1903
D:\ML Projects\Deep Learning\Self Drive\IMG\center_2026_09_12_22_28_12_900.jpg,D:\ML Projects\Deep Learning\Self Drive\IMG\left_2026_09_12_22_28_12_900.jpg,D:\ML Projects\Deep Learning\Self Drive\IMG\right_2026_09_12_22_28_12_900.jpg,-0.15,1,0,30.18439
D:\ML Projects\Deep Learning\Self Drive\IMG\center_2026_09_12_22_28_12_976.jpg,D:\ML Projects\Deep Learning\Self Drive\IMG\left_2026_09_12_22_28_12_976.jpg,D:\ML Projects\Deep Learning\Self Drive\IMG\right_2026_09_12_22_28_12_976.jpg,-0.35,1,0,30.1636
D:\ML Projects\Deep Learning\Self Drive\IMG\center_2026_09_12_22_28_13_064.jpg,D:\ML Projects\Deep Learning\Self Drive\IMG\left_2026_09_12_22_28_13_064.jpg,D:\ML Projects\Deep Learning\Self Drive\IMG\right_2026_09_12_22_28_13_064.jpg,0,1,0,30.1896
D:\ML Projects\Deep Learning\Self Drive\IMG\center_2026_09_12_22_28_13_141.jpg,D:\ML Projects\Deep Learning\Self Drive\IMG\left_2026_09_12_22_28_13_141.jpg,D:\ML Projects\Deep Learning\Self Drive\IMG\right_2026_09_12_22_28_13_141.jpg,0,1,0,30.19011
D:\ML Projects\Deep Learning\Self Drive\IMG\center_2026_09_12_22_28_13_231.jpg,D:\ML Projects\Deep Learning\Self Drive\IMG\left_2026_09_12_22_28_13_231.jpg,D:\ML Projects\Deep Learning\Self Drive\IMG\right_2026_09_12_22_28_13_231.jpg,0,1,0,30.19027
D:\ML Projects\Deep Learning\Self Drive\IMG\center_2026_09_12_22_28_13_312.jpg,D:\ML Projects\Deep Learning\Self Drive\IMG\left_2026_09_12_22_28_13_312.jpg,D:\ML Projects\Deep Learning\Self Drive\IMG\right_2026_09_12_22_28_13_312.jpg,0,1,0,30.1903
D:\ML Projects\Deep Learning\Self Drive\IMG\center_2026_09_12_22_28_13_388.jpg,D:\ML Projects\Deep Learning\Self Drive\IMG\left_2026_09_12_22_28_13_388.jpg,D:\ML Projects\Deep Learning\Self Drive\IMG\right_2026_09_12_22_28_13_388.jpg,0,1,0,30.19029
D:\ML Projects\Deep Learning\Self Drive\IMG\center_2026_09_12_22_28_13_467.jpg,D:\ML Projects\Deep Learning\Self Drive\IMG\left_2026_09_12_22_28_13_467.jpg,D:\ML Projects\Deep Learning\Self Drive\IMG\right_2026_09_12_22_28_13_467.jpg,-0.2,1,0,30.18013
D:\ML Projects\Deep Learning\Self Drive\IMG\center_2026_09_12_22_28_13_545.jpg,D:\ML Projects\Deep Learning\Self Drive\IMG\left_2026_09_12_22_28_13_545.jpg,D:\ML Projects\Deep Learning\Self Drive\IMG\right_2026_09_12_22_28_13_545.jpg,0,1,0,30.19027
D:\ML Projects\Deep Learning\Self Drive\IMG\center_2026_09_12_22_28_13_630.jpg,D:\ML Projects\Deep Learning\Self Drive\IMG\left_2026_09_12_22_28_13_630.jpg,D:\ML Projects\Deep Learning\Self Drive\IMG\right_2026_09_12_22_28_13_630.jpg,0,1,0,30.19026
D:\ML Projects\Deep Learning\Self Drive\IMG\center_2026_09_12_22_28_13_704.jpg,D:\ML Projects\Deep Learning\Self Drive\IMG\left_2026_09_12_22_28_13_704.jpg,D:\ML Projects\Deep Learning\Self Drive\IMG\right_2026_09_12_22_28_13_704.jpg,0,1,0,30.19028
D:\ML Projects\Deep Learning\Self Drive\IMG\center_2026_09_12_22_28_13_779.jpg,D:\ML Projects\Deep Learning\Self Drive\IMG\left_2026_09_12_22_28_13_779.jpg,D:\ML Projects\Deep Learning\Self Drive\IMG\right_2026_09_12_22_28_13_779.jpg,0,1,0,30.19048
D:\ML Projects\Deep Learning\Self Drive\IMG\center_2026_09_12_22_28_13_856.jpg,D:\ML Projects\Deep Learning\Self Drive\IMG\left_2026_09_12_22_28_13_856.jpg,D:\ML Projects\Deep Learning\Self Drive\IMG\right_2026_09_12_22_28_13_856.jpg,0,1,0,30.19028
D:\ML Projects\Deep Learning\Self Drive\IMG\center_2026_09_12_22_28_13_937.jpg,D:\ML Projects\Deep Learning\Self Drive\IMG\left_2026_09_12_22_28_13_937.jpg,D:\ML Projects\Deep Learning\Self Drive\IMG\right_2026_09_12_22_28_13_937.jpg,0,1,0,30.19024
D:\ML Projects\Deep Learning\Self Drive\IMG\center_2026_09_12_22_28_14_012.jpg,D:\ML Projects\Deep Learning\Self Drive\IMG\left_2026_09_12_22_28_14_012.jpg,D:\ML Projects\Deep Learning\Self Drive\IMG\right_2026_09_12_22_28_14_012.jpg,0,1,0,30.19035
D:\ML Projects\Deep Learning\Self Drive\IMG\center_2026_09_12_22_28_14_091.jpg,D:\ML Projects\Deep Learning\Self Drive\IMG\left_2026_09_12_22_28_14_091.jpg,D:\ML Projects\Deep Learning\Self Drive\IMG\right_2026_09_12_22_28_14_091.jpg,-0.2,1,0,30.17987
D:\ML Projects\Deep Learning\Self Drive\IMG\center_2026_09_12_22_28_14_170.jpg,D:\ML Projects\Deep Learning\Self Drive\IMG\left_2026_09_12_22_28_14_170.jpg,D:\ML Projects\Deep Learning\Self Drive\IMG\right_2026_09_12_22_28_14_170.jpg,-0.4,1,0,30.15755
D:\ML Projects\Deep Learning\Self Drive\IMG\center_2026_09_12_22_28_14_246.jpg,D:\ML Projects\Deep Learning\Self Drive\IMG\left_2026_09_12_22_28_14_246.jpg,D:\ML Projects\Deep Learning\Self Drive\IMG\right_2026_09_12_22_28_14_246.jpg,0,1,0,30.18897
D:\ML Projects\Deep Learning\Self Drive\IMG\center_2026_09_12_22_28_14_323.jpg,D:\ML Projects\Deep Learning\Self Drive\IMG\left_2026_09_12_22_28_14_323.jpg,D:\ML Projects\Deep Learning\Self Drive\IMG\right_2026_09_12_22_28_14_323.jpg,0,1,0,30.18996
D:\ML Projects\Deep Learning\Self Drive\IMG\center_2026_09_12_22_28_14_398.jpg,D:\ML Projects\Deep Learning\Self Drive\IMG\left_2026_09_12_22_28_14_398.jpg,D:\ML Projects\Deep Learning\Self Drive\IMG\right_2026_09_12_22_28_14_398.jpg,0,1,0,30.19023
D:\ML Projects\Deep Learning\Self Drive\IMG\center_2026_09_12_22_28_14_491.jpg,D:\ML Projects\Deep Learning\Self Drive\IMG\left_2026_09_12_22_28_14_491.jpg,D:\ML Projects\Deep Learning\Self Drive\IMG\right_2026_09_12_22_28_14_491.jpg,0,1,0,30.19027
D:\ML Projects\Deep Learning\Self Drive\IMG\center_2026_09_12_22_28_14_582.jpg,D:\ML Projects\Deep Learning\Self Drive\IMG\left_2026_09_12_22_28_14_582.jpg,D:\ML Projects\Deep Learning\Self Drive\IMG\right_2026_09_12_22_28_14_582.jpg,-0.25,1,0,30.17553
D:\ML Projects\Deep Learning\Self Drive\IMG\center_2026_09_12_22_28_14_667.jpg,D:\ML Projects\Deep Learning\Self Drive\IMG\left_2026_09_12_22_28_14_667.jpg,D:\ML Projects\Deep Learning\Self Drive\IMG\right_2026_09_12_22_28_14_667.jpg,0,1,0,30.19016
D:\ML Projects\Deep Learning\Self Drive\IMG\center_2026_09_12_22_28_14_750.jpg,D:\ML Projects\Deep Learning\Self Drive\IMG\left_2026_09_12_22_28_14_750.jpg,D:\ML Projects\Deep Learning\Self Drive\IMG\right_2026_09_12_22_28_14_750.jpg,0,1,0,30.19005
D:\ML Projects\Deep Learning\Self Drive\IMG\center_2026_09_12_22_28_14_830.jpg,D:\ML Projects\Deep Learning\Self Drive\IMG\left_2026_09_12_22_28_14_830.jpg,D:\ML Projects\Deep Learning\Self Drive\IMG\right_2026_09_12_22_28_14_830.jpg,0,1,0,30.19029
D:\ML Projects\Deep Learning\Self Drive\IMG\center_2026_09_12_22_28_14_912.jpg,D:\ML Projects\Deep Learning\Self Drive\IMG\left_2026_09_12_22_28_14_912.jpg,D:\ML Projects\Deep Learning\Self Drive\IMG\right_2026_09_12_22_28_14_912.jpg,0,1,0,30.1903
D:\ML Projects\Deep Learning\Self Drive\IMG\center_2026_09_12_22_28_14_996.jpg,D:\ML Projects\Deep Learning\Self Drive\IMG\left_2026_09_12_22_28_14_996.jpg,D:\ML Projects\Deep Learning\Self Drive\IMG\right_2026_09_12_22_28_14_996.jpg,-0.25,1,0,30.17515
D:\ML Projects\Deep Learning\Self Drive\IMG\center_2026_09_12_22_28_15_084.jpg,D:\ML Projects\Deep Learning\Self Drive\IMG\left_2026_09_12_22_28_15_084.jpg,D:\ML Projects\Deep Learning\Self Drive\IMG\right_2026_09_12_22_28_15_084.jpg,-0.45,1,0,30.15172
D:\ML Projects\Deep Learning\Self Drive\IMG\center_2026_09_12_22_28_15_186.jpg,D:\ML Projects\Deep Learning\Self Drive\IMG\left_2026_09_12_22_28_15_186.jpg,D:\ML Projects\Deep Learning\Self Drive\IMG\right_2026_09_12_22_28_15_186.jpg,0,1,0,30.18883
D:\ML Projects\Deep Learning\Self Drive\IMG\center_2026_09_12_22_28_15_279.jpg,D:\ML Projects\Deep Learning\Self Drive\IMG\left_2026_09_12_22_28_15_279.jpg,D:\ML Projects\Deep Learning\Self Drive\IMG\right_2026_09_12_22_28_15_279.jpg,0,1,0,30.19011
D:\ML Projects\Deep Learning\Self Drive\IMG\center_2026_09_12_22_28_15_369.jpg,D:\ML Projects\Deep Learning\Self Drive\IMG\left_2026_09_12_22_28_15_369.jpg,D:\ML Projects\Deep Learning\Self Drive\IMG\right_2026_09_12_22_28_15_369.jpg,-0.2,1,0,30.18214
D:\ML Projects\Deep Learning\Self Drive\IMG\center_2026_09_12_22_28_15_461.jpg,D:\ML Projects\Deep Learning\Self Drive\IMG\left_2026_09_12_22_28_15_461.jpg,D:\ML Projects\Deep Learning\Self Drive\IMG\right_2026_09_12_22_28_15_461.jpg,-0.45,1,0,30.15325
D:\ML Projects\Deep Learning\Self Drive\IMG\center_2026_09_12_22_28_15_561.jpg,D:\ML Projects\Deep Learning\Self Drive\IMG\left_2026_09_12_22_28_15_561.jpg,D:\ML Projects\Deep Learning\Self Drive\IMG\right_2026_09_12_22_28_15_561.jpg,0,1,0,30.18888
D:\ML Projects\Deep Learning\Self Drive\IMG\center_2026_09_12_22_28_15_647.jpg,D:\ML Projects\Deep Learning\Self Drive\IMG\left_2026_09_12_22_28_15_647.jpg,D:\ML Projects\Deep Learning\Self Drive\IMG\right_2026_09_12_22_28_15_647.jpg,0,1,0,30.19007
D:\ML Projects\Deep Learning\Self Drive\IMG\center_2026_09_12_22_28_15_732.jpg,D:\ML Projects\Deep Learning\Self Drive\IMG\left_2026_09_12_22_28_15_732.jpg,D:\ML Projects\Deep Learning\Self Drive\IMG\right_2026_09_12_22_28_15_732.jpg,0,1,0,30.19027
D:\ML Projects\Deep Learning\Self Drive\IMG\center_2026_09_12_22_28_15_814.jpg,D:\ML Projects\Deep Learning\Self Drive\IMG\left_2026_09_12_22_28_15_814.jpg,D:\ML Projects\Deep Learning\Self Drive\IMG\right_2026_09_12_22_28_15_814.jpg,0,1,0,30.19031
D:\ML Projects\Deep Learning\Self Drive\IMG\center_2026_09_12_22_28_15_888.jpg,D:\ML Projects\Deep Learning\Self Drive\IMG\left_2026_09_12_22_28_15_888.jpg,D:\ML Projects\Deep Learning\Self Drive\IMG\right_2026_09_12_22_28_15_888.jpg,0,1,0,30.1903
D:\ML Projects\Deep Learning\Self Drive\IMG\center_2026_09_12_22_28_15_961.jpg,D:\ML Projects\Deep Learning\Self Drive\IMG\left_2026_09_12_22_28_15_961.jpg,D:\ML Projects\Deep Learning\Self Drive\IMG\right_2026_09_12_22_28_15_961.jpg,-0.2,1,0,30.18065
D:\ML Projects\Deep Learning\Self Drive\IMG\center_2026_09_12_22_28_16_043.jpg,D:\ML Projects\Deep Learning\Self Drive\IMG\left_2026_09_12_22_28_16_043.jpg,D:\ML Projects\Deep Learning\Self Drive\IMG\right_2026_09_12_22_28_16_043.jpg,0,1,0,30.19033
D:\ML Projects\Deep Learning\Self Drive\IMG\center_2026_09_12_22_28_16_120.jpg,D:\ML Projects\Deep Learning\Self Drive\IMG\left_2026_09_12_22_28_16_120.jpg,D:\ML Projects\Deep Learning\Self Drive\IMG\right_2026_09_12_22_28_16_120.jpg,0,1,0,30.19031
D:\ML Projects\Deep Learning\Self Drive\IMG\center_2026_09_12_22_28_16_205.jpg,D:\ML Projects\Deep Learning\Self Drive\IMG\left_2026_09_12_22_28_16_205.jpg,D:\ML Projects\Deep Learning\Self Drive\IMG\right_2026_09_12_22_28_16_205.jpg,0,1,0,30.19031
D:\ML Projects\Deep Learning\Self Drive\IMG\center_2026_09_12_22_28_16_283.jpg,D:\ML Projects\Deep Learning\Self Drive\IMG\left_2026_09_12_22_28_16_283.jpg,D:\ML Projects\Deep Learning\Self Drive\IMG\right_2026_09_12_22_28_16_283.jpg,0,1,0,30.19031
D:\ML Projects\Deep Learning\Self Drive\IMG\center_2026_09_12_22_28_16_360.jpg,D:\ML Projects\Deep Learning\Self Drive\IMG\left_2026_09_12_22_28_16_360.jpg,D:\ML Projects\Deep Learning\Self Drive\IMG\right_2026_09_12_22_28_16_360.jpg,0,1,0,30.19031
D:\ML Projects\Deep Learning\Self Drive\IMG\center_2026_09_12_22_28_16_436.jpg,D:\ML Projects\Deep Learning\Self Drive\IMG\left_2026_09_12_22_28_16_436.jpg,D:\ML Projects\Deep Learning\Self Drive\IMG\right_2026_09_12_22_28_16_436.jpg,0,1,0,30.19031
D:\ML Projects\Deep Learning\Self Drive\IMG\center_2026_09_12_22_28_16_523.jpg,D:\ML Projects\Deep Learning\Self Drive\IMG\left_2026_09_12_22_28_16_523.jpg,D:\ML Projects\Deep Learning\Self Drive\IMG\right_2026_09_12_22_28_16_523.jpg,0,1,0,30.19033
D:\ML Projects\Deep Learning\Self Drive\IMG\center_2026_09_12_22_28_16_600.jpg,D:\ML Projects\Deep Learning\Self Drive\IMG\left_2026_09_12_22_28_16_600.jpg,D:\ML Projects\Deep Learning\Self Drive\IMG\right_2026_09_12_22_28_16_600.jpg,-0.2,1,0,30.17984
D:\ML Projects\Deep Learning\Self Drive\IMG\center_2026_09_12_22_28_16_681.jpg,D:\ML Projects\Deep Learning\Self Drive\IMG\left_2026_09_12_22_28_16_681.jpg,D:\ML Projects\Deep Learning\Self Drive\IMG\right_2026_09_12_22_28_16_681.jpg,-0.4,1,0,30.15753
D:\ML Projects\Deep Learning\Self Drive\IMG\center_2026_09_12_22_28_16_756.jpg,D:\ML Projects\Deep Learning\Self Drive\IMG\left_2026_09_12_22_28_16_756.jpg,D:\ML Projects\Deep Learning\Self Drive\IMG\right_2026_09_12_22_28_16_756.jpg,0,1,0,30.18902
D:\ML Projects\Deep Learning\Self Drive\IMG\center_2026_09_12_22_28_16_836.jpg,D:\ML Projects\Deep Learning\Self Drive\IMG\left_2026_09_12_22_28_16_836.jpg,D:\ML Projects\Deep Learning\Self Drive\IMG\right_2026_09_12_22_28_16_836.jpg,0,1,0,30.19
D:\ML Projects\Deep Learning\Self Drive\IMG\center_2026_09_12_22_28_16_920.jpg,D:\ML Projects\Deep Learning\Self Drive\IMG\left_2026_09_12_22_28_16_920.jpg,D:\ML Projects\Deep Learning\Self Drive\IMG\right_2026_09_12_22_28_16_920.jpg,0,1,0,30.19022
D:\ML Projects\Deep Learning\Self Drive\IMG\center_2026_09_12_22_28_16_998.jpg,D:\ML Projects\Deep Learning\Self Drive\IMG\left_2026_09_12_22_28_16_998.jpg,D:\ML Projects\Deep Learning\Self Drive\IMG\right_2026_09_12_22_28_16_998.jpg,0,1,0,30.19029
D:\ML Projects\Deep Learning\Self Drive\IMG\center_2026_09_12_22_28_17_078.jpg,D:\ML Projects\Deep Learning\Self Drive\IMG\left_2026_09_12_22_28_17_078.jpg,D:\ML Projects\Deep Learning\Self Drive\IMG\right_2026_09_12_22_28_17_078.jpg,0,1,0,30.19032
D:\ML Projects\Deep Learning\Self Drive\IMG\center_2026_09_12_22_28_17_162.jpg,D:\ML Projects\Deep Learning\Self Drive\IMG\left_2026_09_12_22_28_17_162.jpg,D:\ML Projects\Deep Learning\Self Drive\IMG\right_2026_09_12_22_28_17_162.jpg,-0.2,1,0,30.18021
D:\ML Projects\Deep Learning\Self Drive\IMG\center_2026_09_12_22_28_17_241.jpg,D:\ML Projects\Deep Learning\Self Drive\IMG\left_2026_09_12_22_28_17_241.jpg,D:\ML Projects\Deep Learning\Self Drive\IMG\right_2026_09_12_22_28_17_241.jpg,0,1,0,30.19028
D:\ML Projects\Deep Learning\Self Drive\IMG\center_2026_09_12_22_28_17_320.jpg,D:\ML Projects\Deep Learning\Self Drive\IMG\left_2026_09_12_22_28_17_320.jpg,D:\ML Projects\Deep Learning\Self Drive\IMG\right_2026_09_12_22_28_17_320.jpg,0,1,0,30.19028
D:\ML Projects\Deep Learning\Self Drive\IMG\center_2026_09_12_22_28_17_397.jpg,D:\ML Projects\Deep Learning\Self Drive\IMG\left_2026_09_12_22_28_17_397.jpg,D:\ML Projects\Deep Learning\Self Drive\IMG\right_2026_09_12_22_28_17_397.jpg,0,1,0,30.19028
D:\ML Projects\Deep Learning\Self Drive\IMG\center_2026_09_12_22_28_17_479.jpg,D:\ML Projects\Deep Learning\Self Drive\IMG\left_2026_09_12_22_28_17_479.jpg,D:\ML Projects\Deep Learning\Self Drive\IMG\right_2026_09_12_22_28_17_479.jpg,0,1,0,30.1903
D:\ML Projects\Deep Learning\Self Drive\IMG\center_2026_09_12_22_28_17_574.jpg,D:\ML Projects\Deep Learning\Self Drive\IMG\left_2026_09_12_22_28_17_574.jpg,D:\ML Projects\Deep Learning\Self Drive\IMG\right_2026_09_12_22_28_17_574.jpg,0,1,0,30.19029
D:\ML Projects\Deep Learning\Self Drive\IMG\center_2026_09_12_22_28_17_656.jpg,D:\ML Projects\Deep Learning\Self Drive\IMG\left_2026_09_12_22_28_17_656.jpg,D:\ML Projects\Deep Learning\Self Drive\IMG\right_2026_09_12_22_28_17_656.jpg,-0.2,1,0,30.17994
D:\ML Projects\Deep Learning\Self Drive\IMG\center_2026_09_12_22_28_17_742.jpg,D:\ML Projects\Deep Learning\Self Drive\IMG\left_2026_09_12_22_28_17_742.jpg,D:\ML Projects\Deep Learning\Self Drive\IMG\right_2026_09_12_22_28_17_742.jpg,0,1,0,30.19032
D:\ML Projects\Deep Learning\Self Drive\IMG\center_2026_09_12_22_28_17_827.jpg,D:\ML Projects\Deep Learning\Self Drive\IMG\left_2026_09_12_22_28_17_827.jpg,D:\ML Projects\Deep Learning\Self Drive\IMG\right_2026_09_12_22_28_17_827.jpg,0,1,0,30.19026
D:\ML Projects\Deep Learning\Self Drive\IMG\center_2026_09_12_22_28_17_918.jpg,D:\ML Projects\Deep Learning\Self Drive\IMG\left_2026_09_12_22_28_17_918.jpg,D:\ML Projects\Deep Learning\Self Drive\IMG\right_2026_09_12_22_28_17_918.jpg,0,1,0,30.19037
D:\ML Projects\Deep Learning\Self Drive\IMG\center_2026_09_12_22_28_17_995.jpg,D:\ML Projects\Deep Learning\Self Drive\IMG\left_2026_09_12_22_28_17_995.jpg,D:\ML Projects\Deep Learning\Self Drive\IMG\right_2026_09_12_22_28_17_995.jpg,0,1,0,30.19031
D:\ML Projects\Deep Learning\Self Drive\IMG\center_2026_09_12_22_28_18_067.jpg,D:\ML Projects\Deep Learning\Self Drive\IMG\left_2026_09_12_22_28_18_067.jpg,D:\ML Projects\Deep Learning\Self Drive\IMG\right_2026_09_12_22_28_18_067.jpg,0,1,0,30.19029
D:\ML Projects\Deep Learning\Self Drive\IMG\center_2026_09_12_22_28_18_143.jpg,D:\ML Projects\Deep Learning\Self Drive\IMG\left_2026_09_12_22_28_18_143.jpg,D:\ML Projects\Deep Learning\Self Drive\IMG\right_2026_09_12_22_28_18_143.jpg,0,1,0,30.19021
D:\ML Projects\Deep Learning\Self Drive\IMG\center_2026_09_12_22_28_18_217.jpg,D:\ML Projects\Deep Learning\Self Drive\IMG\left_2026_09_12_22_28_18_217.jpg,D:\ML Projects\Deep Learning\Self Drive\IMG\right_2026_09_12_22_28_18_217.jpg,0,1,0,30.19032
D:\ML Projects\Deep Learning\Self Drive\IMG\center_2026_09_12_22_28_18_288.jpg,D:\ML Projects\Deep Learning\Self Drive\IMG\left_2026_09_12_22_28_18_288.jpg,D:\ML Projects\Deep Learning\Self Drive\IMG\right_2026_09_12_22_28_18_288.jpg,0,1,0,30.19029
D:\ML Projects\Deep Learning\Self Drive\IMG\center_2026_09_12_22_28_18_362.jpg,D:\ML Projects\Deep Learning\Self Drive\IMG\left_2026_09_12_22_28_18_362.jpg,D:\ML Projects\Deep Learning\Self Drive\IMG\right_2026_09_12_22_28_18_362.jpg,-0.2,1,0,30.17984
D:\ML Projects\Deep Learning\Self Drive\IMG\center_2026_09_12_22_28_18_432.jpg,D:\ML Projects\Deep Learning\Self Drive\IMG\left_2026_09_12_22_28_18_432.jpg,D:\ML Projects\Deep Learning\Self Drive\IMG\right_2026_09_12_22_28_18_432.jpg,-0.35,1,0,30.16348
D:\ML Projects\Deep Learning\Self Drive\IMG\center_2026_09_12_22_28_18_507.jpg,D:\ML Projects\Deep Learning\Self Drive\IMG\left_2026_09_12_22_28_18_507.jpg,D:\ML Projects\Deep Learning\Self Drive\IMG\right_2026_09_12_22_28_18_507.jpg,0,1,0,30.18953
D:\ML Projects\Deep Learning\Self Drive\IMG\center_2026_09_12_22_28_18_583.jpg,D:\ML Projects\Deep Learning\Self Drive\IMG\left_2026_09_12_22_28_18_583.jpg,D:\ML Projects\Deep Learning\Self Drive\IMG\right_2026_09_12_22_28_18_583.jpg,0,1,0,30.19007
D:\ML Projects\Deep Learning\Self Drive\IMG\center_2026_09_12_22_28_18_655.jpg,D:\ML Projects\Deep Learning\Self Drive\IMG\left_2026_09_12_22_28_18_655.jpg,D:\ML Projects\Deep Learning\Self Drive\IMG\right_2026_09_12_22_28_18_655.jpg,0,1,0,30.19026
D:\ML Projects\Deep Learning\Self Drive\IMG\center_2026_09_12_22_28_18_726.jpg,D:\ML Projects\Deep Learning\Self Drive\IMG\left_2026_09_12_22_28_18_726.jpg,D:\ML Projects\Deep Learning\Self Drive\IMG\right_2026_09_12_22_28_18_726.jpg,0,1,0,30.19028
D:\ML Projects\Deep Learning\Self Drive\IMG\center_2026_09_12_22_28_18_862.jpg,D:\ML Projects\Deep Learning\Self Drive\IMG\left_2026_09_12_22_28_18_862.jpg,D:\ML Projects\Deep Learning\Self Drive\IMG\right_2026_09_12_22_28_18_862.jpg,-0.15,1,0,30.18454
D:\ML Projects\Deep Learning\Self Drive\IMG\center_2026_09_12_22_28_18_934.jpg,D:\ML Projects\Deep Learning\Self Drive\IMG\left_2026_09_12_22_28_18_934.jpg,D:\ML Projects\Deep Learning\Self Drive\IMG\right_2026_09_12_22_28_18_934.jpg,-0.35,1,0,30.16376
D:\ML Projects\Deep Learning\Self Drive\IMG\center_2026_09_12_22_28_19_009.jpg,D:\ML Projects\Deep Learning\Self Drive\IMG\left_2026_09_12_22_28_19_009.jpg,D:\ML Projects\Deep Learning\Self Drive\IMG\right_2026_09_12_22_28_19_009.jpg,0,1,0,30.1883
D:\ML Projects\Deep Learning\Self Drive\IMG\center_2026_09_12_22_28_19_085.jpg,D:\ML Projects\Deep Learning\Self Drive\IMG\left_2026_09_12_22_28_19_085.jpg,D:\ML Projects\Deep Learning\Self Drive\IMG\right_2026_09_12_22_28_19_085.jpg,0,1,0,30.19009
D:\ML Projects\Deep Learning\Self Drive\IMG\center_2026_09_12_22_28_19_158.jpg,D:\ML Projects\Deep Learning\Self Drive\IMG\left_2026_09_12_22_28_19_158.jpg,D:\ML Projects\Deep Learning\Self Drive\IMG\right_2026_09_12_22_28_19_158.jpg,0,1,0,30.19024
D:\ML Projects\Deep Learning\Self Drive\IMG\center_2026_09_12_22_28_19_230.jpg,D:\ML Projects\Deep Learning\Self Drive\IMG\left_2026_09_12_22_28_19_230.jpg,D:\ML Projects\Deep Learning\Self Drive\IMG\right_2026_09_12_22_28_19_230.jpg,0,1,0,30.19029
D:\ML Projects\Deep Learning\Self Drive\IMG\center_2026_09_12_22_28_19_308.jpg,D:\ML Projects\Deep Learning\Self Drive\IMG\left_2026_09_12_22_28_19_308.jpg,D:\ML Projects\Deep Learning\Self Drive\IMG\right_2026_09_12_22_28_19_308.jpg,0,1,0,30.1903
D:\ML Projects\Deep Learning\Self Drive\IMG\center_2026_09_12_22_28_19_396.jpg,D:\ML Projects\Deep Learning\Self Drive\IMG\left_2026_09_12_22_28_19_396.jpg,D:\ML Projects\Deep Learning\Self Drive\IMG\right_2026_09_12_22_28_19_396.jpg,-0.25,1,0,30.17515
D:\ML Projects\Deep Learning\Self Drive\IMG\center_2026_09_12_22_28_19_473.jpg,D:\ML Projects\Deep Learning\Self Drive\IMG\left_2026_09_12_22_28_19_473.jpg,D:\ML Projects\Deep Learning\Self Drive\IMG\right_2026_09_12_22_28_19_473.jpg,0,1,0,30.19016
D:\ML Projects\Deep Learning\Self Drive\IMG\center_2026_09_12_22_28_19_564.jpg,D:\ML Projects\Deep Learning\Self Drive\IMG\left_2026_09_12_22_28_19_564.jpg,D:\ML Projects\Deep Learning\Self Drive\IMG\right_2026_09_12_22_28_19_564.jpg,0,1,0,30.19024
D:\ML Projects\Deep Learning\Self Drive\IMG\center_2026_09_12_22_28_19_646.jpg,D:\ML Projects\Deep Learning\Self Drive\IMG\left_2026_09_12_22_28_19_646.jpg,D:\ML Projects\Deep Learning\Self Drive\IMG\right_2026_09_12_22_28_19_646.jpg,0,1,0,30.1903
D:\ML Projects\Deep Learning\Self Drive\IMG\center_2026_09_12_22_28_19_725.jpg,D:\ML Projects\Deep Learning\Self Drive\IMG\left_2026_09_12_22_28_19_725.jpg,D:\ML Projects\Deep Learning\Self Drive\IMG\right_2026_09_12_22_28_19_725.jpg,0,1,0,30.19031
D:\ML Projects\Deep Learning\Self Drive\IMG\center_2026_09_12_22_28_19_804.jpg,D:\ML Projects\Deep Learning\Self Drive\IMG\left_2026_09_12_22_28_19_804.jpg,D:\ML Projects\Deep Learning\Self Drive\IMG\right_2026_09_12_22_28_19_804.jpg,-0.2,1,0,30.18019
D:\ML Projects\Deep Learning\Self Drive\IMG\center_2026_09_12_22_28_19_878.jpg,D:\ML Projects\Deep Learning\Self Drive\IMG\left_2026_09_12_22_28_19_878.jpg,D:\ML Projects\Deep Learning\Self Drive\IMG\right_2026_09_12_22_28_19_878.jpg,0,1,0,30.19027
D:\ML Projects\Deep Learning\Self Drive\IMG\center_2026_09_12_22_28_19_951.jpg,D:\ML Projects\Deep Learning\Self Drive\IMG\left_2026_09_12_22_28_19_951.jpg,D:\ML Projects\Deep Learning\Self Drive\IMG\right_2026_09_12_22_28_19_951.jpg,0,1,0,30.19026
D:\ML Projects\Deep Learning\Self Drive\IMG\center_2026_09_12_22_28_20_035.jpg,D:\ML Projects\Deep Learning\Self Drive\IMG\left_2026_09_12_22_28_20_035.jpg,D:\ML Projects\Deep Learning\Self Drive\IMG\right_2026_09_12_22_28_20_035.jpg,0,1,0,30.19029
D:\ML Projects\Deep Learning\Self Drive\IMG\center_2026_09_12_22_28_20_129.jpg,D:\ML Projects\Deep Learning\Self Drive\IMG\left_2026_09_12_22_28_20_129.jpg,D:\ML Projects\Deep Learning\Self Drive\IMG\right_2026_09_12_22_28_20_129.jpg,0,1,0,30.19032
D:\ML Projects\Deep Learning\Self Drive\IMG\center_2026_09_12_22_28_20_219.jpg,D:\ML Projects\Deep Learning\Self Drive\IMG\left_2026_09_12_22_28_20_219.jpg,D:\ML Projects\Deep Learning\Self Drive\IMG\right_2026_09_12_22_28_20_219.jpg,-0.25,1,0,30.175
D:\ML Projects\Deep Learning\Self Drive\IMG\center_2026_09_12_22_28_20_332.jpg,D:\ML Projects\Deep Learning\Self Drive\IMG\left_2026_09_12_22_28_20_332.jpg,D:\ML Projects\Deep Learning\Self Drive\IMG\right_2026_09_12_22_28_20_332.jpg,0,1,0,30.18989
D:\ML Projects\Deep Learning\Self Drive\IMG\center_2026_09_12_22_28_20_442.jpg,D:\ML Projects\Deep Learning\Self Drive\IMG\left_2026_09_12_22_28_20_442.jpg,D:\ML Projects\Deep Learning\Self Drive\IMG\right_2026_09_12_22_28_20_442.jpg,0,1,0,30.19027
D:\ML Projects\Deep Learning\Self Drive\IMG\center_2026_09_12_22_28_20_533.jpg,D:\ML Projects\Deep Learning\Self Drive\IMG\left_2026_09_12_22_28_20_533.jpg,D:\ML Projects\Deep Learning\Self Drive\IMG\right_2026_09_12_22_28_20_533.jpg,0,1,0,30.19033
D:\ML Projects\Deep Learning\Self Drive\IMG\center_2026_09_12_22_28_20_622.jpg,D:\ML Projects\Deep Learning\Self Drive\IMG\left_2026_09_12_22_28_20_622.jpg,D:\ML Projects\Deep Learning\Self Drive\IMG\right_2026_09_12_22_28_20_622.jpg,-0.2,1,0,30.18022
D:\ML Projects\Deep Learning\Self Drive\IMG\center_2026_09_12_22_28_20_704.jpg,D:\ML Projects\Deep Learning\Self Drive\IMG\left_2026_09_12_22_28_20_704.jpg,D:\ML Projects\Deep Learning\Self Drive\IMG\right_2026_09_12_22_28_20_704.jpg,-0.4,1,0,30.15779
D:\ML Projects\Deep Learning\Self Drive\IMG\center_2026_09_12_22_28_20_785.jpg,D:\ML Projects\Deep Learning\Self Drive\IMG\left_2026_09_12_22_28_20_785.jpg,D:\ML Projects\Deep Learning\Self Drive\IMG\right_2026_09_12_22_28_20_785.jpg,0,1,0,30.18902
D:\ML Projects\Deep Learning\Self Drive\IMG\center_2026_09_12_22_28_20_861.jpg,D:\ML Projects\Deep Learning\Self Drive\IMG\left_2026_09_12_22_28_20_861.jpg,D:\ML Projects\Deep Learning\Self Drive\IMG\right_2026_09_12_22_28_20_861.jpg,0,1,0,30.18999
D:\ML Projects\Deep Learning\Self Drive\IMG\center_2026_09_12_22_28_20_937.jpg,D:\ML Projects\Deep Learning\Self Drive\IMG\left_2026_09_12_22_28_20_937.jpg,D:\ML Projects\Deep Learning\Self Drive\IMG\right_2026_09_12_22_28_20_937.jpg,0,1,0,30.19025
D:\ML Projects\Deep Learning\Self Drive\IMG\center_2026_09_12_22_28_21_020.jpg,D:\ML Projects\Deep Learning\Self Drive\IMG\left_2026_09_12_22_28_21_020.jpg,D:\ML Projects\Deep Learning\Self Drive\IMG\right_2026_09_12_22_28_21_020.jpg,-0.2,1,0,30.18127
D:\ML Projects\Deep Learning\Self Drive\IMG\center_2026_09_12_22_28_21_103.jpg,D:\ML Projects\Deep Learning\Self Drive\IMG\left_2026_09_12_22_28_21_103.jpg,D:\ML Projects\Deep Learning\Self Drive\IMG\right_2026_09_12_22_28_21_103.jpg,0,1,0,30.19024
D:\ML Projects\Deep Learning\Self Drive\IMG\center_2026_09_12_22_28_21_175.jpg,D:\ML Projects\Deep Learning\Self Drive\IMG\left_2026_09_12_22_28_21_175.jpg,D:\ML Projects\Deep Learning\Self Drive\IMG\right_2026_09_12_22_28_21_175.jpg,0,1,0,30.19027
D:\ML Projects\Deep Learning\Self Drive\IMG\center_2026_09_12_22_28_21_244.jpg,D:\ML Projects\Deep Learning\Self Drive\IMG\left_2026_09_12_22_28_21_244.jpg,D:\ML Projects\Deep Learning\Self Drive\IMG\right_2026_09_12_22_28_21_244.jpg,0,1,0,30.1903
D:\ML Projects\Deep Learning\Self Drive\IMG\center_2026_09_12_22_28_21_324.jpg,D:\ML Projects\Deep Learning\Self Drive\IMG\left_2026_09_12_22_28_21_324.jpg,D:\ML Projects\Deep Learning\Self Drive\IMG\right_2026_09_12_22_28_21_324.jpg,0,1,0,30.19028
D:\ML Projects\Deep Learning\Self Drive\IMG\center_2026_09_12_22_28_21_404.jpg,D:\ML Projects\Deep Learning\Self Drive\IMG\left_2026_09_12_22_28_21_404.jpg,D:\ML Projects\Deep Learning\Self Drive\IMG\right_2026_09_12_22_28_21_404.jpg,0,0.7590235,0,30.12623
D:\ML Projects\Deep Learning\Self Drive\IMG\center_2026_09_12_22_28_21_551.jpg,D:\ML Projects\Deep Learning\Self Drive\IMG\left_2026_09_12_22_28_21_551.jpg,D:\ML Projects\Deep Learning\Self Drive\IMG\right_2026_09_12_22_28_21_551.jpg,0,0.3200206,0,30.01432
D:\ML Projects\Deep Learning\Self Drive\IMG\center_2026_09_12_22_28_21_629.jpg,D:\ML Projects\Deep Learning\Self Drive\IMG\left_2026_09_12_22_28_21_629.jpg,D:\ML Projects\Deep Learning\Self Drive\IMG\right_2026_09_12_22_28_21_629.jpg,0,0.1096399,0,29.88399
